patch_id,slide_id,split,fold,x0_l0,y0_l0,size_l0,patch_size,is_positive,num_glomeruli,tissue_ratio,image_path,mask_path,label_path
RECHERCHE-003_x118272_y006144,RECHERCHE-003,train,fold_0,118272,6144,2048,1024,True,1,0.3391,yolo/images/train/RECHERCHE-003_x118272_y006144.jpg,segmentation/masks/train/RECHERCHE-003_x118272_y006144.png,yolo/labels/train/RECHERCHE-003_x118272_y006144.txt
RECHERCHE-003_x119808_y006144,RECHERCHE-003,train,fold_0,119808,6144,2048,1024,True,1,0.1834,yolo/images/train/RECHERCHE-003_x119808_y006144.jpg,segmentation/masks/train/RECHERCHE-003_x119808_y006144.png,yolo/labels/train/RECHERCHE-003_x119808_y006144.txt
RECHERCHE-003_x027648_y007680,RECHERCHE-003,train,fold_0,27648,7680,2048,1024,True,1,0.1522,yolo/images/train/RECHERCHE-003_x027648_y007680.jpg,segmentation/masks/train/RECHERCHE-003_x027648_y007680.png,yolo/labels/train/RECHERCHE-003_x027648_y007680.txt
RECHERCHE-003_x075264_y007680,RECHERCHE-003,train,fold_0,75264,7680,2048,1024,True,1,0.3875,yolo/images/train/RECHERCHE-003_x075264_y007680.jpg,segmentation/masks/train/RECHERCHE-003_x075264_y007680.png,yolo/labels/train/RECHERCHE-003_x075264_y007680.txt
RECHERCHE-003_x019968_y015360,RECHERCHE-003,train,fold_0,19968,15360,2048,1024,True,1,0.1696,yolo/images/train/RECHERCHE-003_x019968_y015360.jpg,segmentation/masks/train/RECHERCHE-003_x019968_y015360.png,yolo/labels/train/RECHERCHE-003_x019968_y015360.txt
RECHERCHE-003_x067584_y015360,RECHERCHE-003,train,fold_0,67584,15360,2048,1024,True,1,0.3945,yolo/images/train/RECHERCHE-003_x067584_y015360.jpg,segmentation/masks/train/RECHERCHE-003_x067584_y015360.png,yolo/labels/train/RECHERCHE-003_x067584_y015360.txt
RECHERCHE-003_x112128_y015360,RECHERCHE-003,train,fold_0,112128,15360,2048,1024,True,1,0.1869,yolo/images/train/RECHERCHE-003_x112128_y015360.jpg,segmentation/masks/train/RECHERCHE-003_x112128_y015360.png,yolo/labels/train/RECHERCHE-003_x112128_y015360.txt
RECHERCHE-003_x113664_y015360,RECHERCHE-003,train,fold_0,113664,15360,2048,1024,True,1,0.7128,yolo/images/train/RECHERCHE-003_x113664_y015360.jpg,segmentation/masks/train/RECHERCHE-003_x113664_y015360.png,yolo/labels/train/RECHERCHE-003_x113664_y015360.txt
RECHERCHE-003_x019968_y016896,RECHERCHE-003,train,fold_0,19968,16896,2048,1024,True,2,0.7958,yolo/images/train/RECHERCHE-003_x019968_y016896.jpg,segmentation/masks/train/RECHERCHE-003_x019968_y016896.png,yolo/labels/train/RECHERCHE-003_x019968_y016896.txt
RECHERCHE-003_x021504_y016896,RECHERCHE-003,train,fold_0,21504,16896,2048,1024,True,1,0.4291,yolo/images/train/RECHERCHE-003_x021504_y016896.jpg,segmentation/masks/train/RECHERCHE-003_x021504_y016896.png,yolo/labels/train/RECHERCHE-003_x021504_y016896.txt
RECHERCHE-003_x066048_y016896,RECHERCHE-003,train,fold_0,66048,16896,2048,1024,True,1,0.6332,yolo/images/train/RECHERCHE-003_x066048_y016896.jpg,segmentation/masks/train/RECHERCHE-003_x066048_y016896.png,yolo/labels/train/RECHERCHE-003_x066048_y016896.txt
RECHERCHE-003_x067584_y016896,RECHERCHE-003,train,fold_0,67584,16896,2048,1024,True,1,0.9792,yolo/images/train/RECHERCHE-003_x067584_y016896.jpg,segmentation/masks/train/RECHERCHE-003_x067584_y016896.png,yolo/labels/train/RECHERCHE-003_x067584_y016896.txt
RECHERCHE-003_x112128_y016896,RECHERCHE-003,train,fold_0,112128,16896,2048,1024,True,1,0.5744,yolo/images/train/RECHERCHE-003_x112128_y016896.jpg,segmentation/masks/train/RECHERCHE-003_x112128_y016896.png,yolo/labels/train/RECHERCHE-003_x112128_y016896.txt
RECHERCHE-003_x113664_y016896,RECHERCHE-003,train,fold_0,113664,16896,2048,1024,True,1,1.0,yolo/images/train/RECHERCHE-003_x113664_y016896.jpg,segmentation/masks/train/RECHERCHE-003_x113664_y016896.png,yolo/labels/train/RECHERCHE-003_x113664_y016896.txt
RECHERCHE-003_x018432_y018432,RECHERCHE-003,train,fold_0,18432,18432,2048,1024,True,2,0.5156,yolo/images/train/RECHERCHE-003_x018432_y018432.jpg,segmentation/masks/train/RECHERCHE-003_x018432_y018432.png,yolo/labels/train/RECHERCHE-003_x018432_y018432.txt
RECHERCHE-003_x019968_y018432,RECHERCHE-003,train,fold_0,19968,18432,2048,1024,True,1,1.0,yolo/images/train/RECHERCHE-003_x019968_y018432.jpg,segmentation/masks/train/RECHERCHE-003_x019968_y018432.png,yolo/labels/train/RECHERCHE-003_x019968_y018432.txt
RECHERCHE-003_x064512_y018432,RECHERCHE-003,train,fold_0,64512,18432,2048,1024,True,1,0.5502,yolo/images/train/RECHERCHE-003_x064512_y018432.jpg,segmentation/masks/train/RECHERCHE-003_x064512_y018432.png,yolo/labels/train/RECHERCHE-003_x064512_y018432.txt
RECHERCHE-003_x066048_y018432,RECHERCHE-003,train,fold_0,66048,18432,2048,1024,True,1,0.9792,yolo/images/train/RECHERCHE-003_x066048_y018432.jpg,segmentation/masks/train/RECHERCHE-003_x066048_y018432.png,yolo/labels/train/RECHERCHE-003_x066048_y018432.txt
RECHERCHE-003_x110592_y018432,RECHERCHE-003,train,fold_0,110592,18432,2048,1024,True,1,0.1696,yolo/images/train/RECHERCHE-003_x110592_y018432.jpg,segmentation/masks/train/RECHERCHE-003_x110592_y018432.png,yolo/labels/train/RECHERCHE-003_x110592_y018432.txt
RECHERCHE-003_x112128_y018432,RECHERCHE-003,train,fold_0,112128,18432,2048,1024,True,2,0.8685,yolo/images/train/RECHERCHE-003_x112128_y018432.jpg,segmentation/masks/train/RECHERCHE-003_x112128_y018432.png,yolo/labels/train/RECHERCHE-003_x112128_y018432.txt
RECHERCHE-003_x113664_y018432,RECHERCHE-003,train,fold_0,113664,18432,2048,1024,True,1,1.0,yolo/images/train/RECHERCHE-003_x113664_y018432.jpg,segmentation/masks/train/RECHERCHE-003_x113664_y018432.png,yolo/labels/train/RECHERCHE-003_x113664_y018432.txt
RECHERCHE-003_x115200_y018432,RECHERCHE-003,train,fold_0,115200,18432,2048,1024,True,1,0.4464,yolo/images/train/RECHERCHE-003_x115200_y018432.jpg,segmentation/masks/train/RECHERCHE-003_x115200_y018432.png,yolo/labels/train/RECHERCHE-003_x115200_y018432.txt
RECHERCHE-003_x016896_y019968,RECHERCHE-003,train,fold_0,16896,19968,2048,1024,True,1,0.4602,yolo/images/train/RECHERCHE-003_x016896_y019968.jpg,segmentation/masks/train/RECHERCHE-003_x016896_y019968.png,yolo/labels/train/RECHERCHE-003_x016896_y019968.txt
RECHERCHE-003_x018432_y019968,RECHERCHE-003,train,fold_0,18432,19968,2048,1024,True,1,0.9758,yolo/images/train/RECHERCHE-003_x018432_y019968.jpg,segmentation/masks/train/RECHERCHE-003_x018432_y019968.png,yolo/labels/train/RECHERCHE-003_x018432_y019968.txt
RECHERCHE-003_x019968_y019968,RECHERCHE-003,train,fold_0,19968,19968,2048,1024,True,1,0.9689,yolo/images/train/RECHERCHE-003_x019968_y019968.jpg,segmentation/masks/train/RECHERCHE-003_x019968_y019968.png,yolo/labels/train/RECHERCHE-003_x019968_y019968.txt
RECHERCHE-003_x021504_y019968,RECHERCHE-003,train,fold_0,21504,19968,2048,1024,True,1,0.3426,yolo/images/train/RECHERCHE-003_x021504_y019968.jpg,segmentation/masks/train/RECHERCHE-003_x021504_y019968.png,yolo/labels/train/RECHERCHE-003_x021504_y019968.txt
RECHERCHE-003_x062976_y019968,RECHERCHE-003,train,fold_0,62976,19968,2048,1024,True,1,0.5156,yolo/images/train/RECHERCHE-003_x062976_y019968.jpg,segmentation/masks/train/RECHERCHE-003_x062976_y019968.png,yolo/labels/train/RECHERCHE-003_x062976_y019968.txt
RECHERCHE-003_x064512_y019968,RECHERCHE-003,train,fold_0,64512,19968,2048,1024,True,1,0.9896,yolo/images/train/RECHERCHE-003_x064512_y019968.jpg,segmentation/masks/train/RECHERCHE-003_x064512_y019968.png,yolo/labels/train/RECHERCHE-003_x064512_y019968.txt
RECHERCHE-003_x067584_y019968,RECHERCHE-003,train,fold_0,67584,19968,2048,1024,True,1,0.5986,yolo/images/train/RECHERCHE-003_x067584_y019968.jpg,segmentation/masks/train/RECHERCHE-003_x067584_y019968.png,yolo/labels/train/RECHERCHE-003_x067584_y019968.txt
RECHERCHE-003_x110592_y019968,RECHERCHE-003,train,fold_0,110592,19968,2048,1024,True,1,0.564,yolo/images/train/RECHERCHE-003_x110592_y019968.jpg,segmentation/masks/train/RECHERCHE-003_x110592_y019968.png,yolo/labels/train/RECHERCHE-003_x110592_y019968.txt
RECHERCHE-003_x112128_y019968,RECHERCHE-003,train,fold_0,112128,19968,2048,1024,True,1,1.0,yolo/images/train/RECHERCHE-003_x112128_y019968.jpg,segmentation/masks/train/RECHERCHE-003_x112128_y019968.png,yolo/labels/train/RECHERCHE-003_x112128_y019968.txt
RECHERCHE-003_x113664_y019968,RECHERCHE-003,train,fold_0,113664,19968,2048,1024,True,1,0.8685,yolo/images/train/RECHERCHE-003_x113664_y019968.jpg,segmentation/masks/train/RECHERCHE-003_x113664_y019968.png,yolo/labels/train/RECHERCHE-003_x113664_y019968.txt
RECHERCHE-003_x115200_y019968,RECHERCHE-003,train,fold_0,115200,19968,2048,1024,True,1,0.1522,yolo/images/train/RECHERCHE-003_x115200_y019968.jpg,segmentation/masks/train/RECHERCHE-003_x115200_y019968.png,yolo/labels/train/RECHERCHE-003_x115200_y019968.txt
RECHERCHE-003_x015360_y021504,RECHERCHE-003,train,fold_0,15360,21504,2048,1024,True,1,0.1661,yolo/images/train/RECHERCHE-003_x015360_y021504.jpg,segmentation/masks/train/RECHERCHE-003_x015360_y021504.png,yolo/labels/train/RECHERCHE-003_x015360_y021504.txt
RECHERCHE-003_x016896_y021504,RECHERCHE-003,train,fold_0,16896,21504,2048,1024,True,2,0.8235,yolo/images/train/RECHERCHE-003_x016896_y021504.jpg,segmentation/masks/train/RECHERCHE-003_x016896_y021504.png,yolo/labels/train/RECHERCHE-003_x016896_y021504.txt
RECHERCHE-003_x018432_y021504,RECHERCHE-003,train,fold_0,18432,21504,2048,1024,True,2,0.9896,yolo/images/train/RECHERCHE-003_x018432_y021504.jpg,segmentation/masks/train/RECHERCHE-003_x018432_y021504.png,yolo/labels/train/RECHERCHE-003_x018432_y021504.txt
RECHERCHE-003_x019968_y021504,RECHERCHE-003,train,fold_0,19968,21504,2048,1024,True,1,0.5571,yolo/images/train/RECHERCHE-003_x019968_y021504.jpg,segmentation/masks/train/RECHERCHE-003_x019968_y021504.png,yolo/labels/train/RECHERCHE-003_x019968_y021504.txt
RECHERCHE-003_x061440_y021504,RECHERCHE-003,train,fold_0,61440,21504,2048,1024,True,1,0.3149,yolo/images/train/RECHERCHE-003_x061440_y021504.jpg,segmentation/masks/train/RECHERCHE-003_x061440_y021504.png,yolo/labels/train/RECHERCHE-003_x061440_y021504.txt
RECHERCHE-003_x062976_y021504,RECHERCHE-003,train,fold_0,62976,21504,2048,1024,True,2,0.9204,yolo/images/train/RECHERCHE-003_x062976_y021504.jpg,segmentation/masks/train/RECHERCHE-003_x062976_y021504.png,yolo/labels/train/RECHERCHE-003_x062976_y021504.txt
RECHERCHE-003_x064512_y021504,RECHERCHE-003,train,fold_0,64512,21504,2048,1024,True,2,0.9862,yolo/images/train/RECHERCHE-003_x064512_y021504.jpg,segmentation/masks/train/RECHERCHE-003_x064512_y021504.png,yolo/labels/train/RECHERCHE-003_x064512_y021504.txt
RECHERCHE-003_x066048_y021504,RECHERCHE-003,train,fold_0,66048,21504,2048,1024,True,1,0.6574,yolo/images/train/RECHERCHE-003_x066048_y021504.jpg,segmentation/masks/train/RECHERCHE-003_x066048_y021504.png,yolo/labels/train/RECHERCHE-003_x066048_y021504.txt
RECHERCHE-003_x110592_y021504,RECHERCHE-003,train,fold_0,110592,21504,2048,1024,True,2,0.7855,yolo/images/train/RECHERCHE-003_x110592_y021504.jpg,segmentation/masks/train/RECHERCHE-003_x110592_y021504.png,yolo/labels/train/RECHERCHE-003_x110592_y021504.txt
RECHERCHE-003_x112128_y021504,RECHERCHE-003,train,fold_0,112128,21504,2048,1024,True,2,0.9862,yolo/images/train/RECHERCHE-003_x112128_y021504.jpg,segmentation/masks/train/RECHERCHE-003_x112128_y021504.png,yolo/labels/train/RECHERCHE-003_x112128_y021504.txt
RECHERCHE-003_x113664_y021504,RECHERCHE-003,train,fold_0,113664,21504,2048,1024,True,1,0.474,yolo/images/train/RECHERCHE-003_x113664_y021504.jpg,segmentation/masks/train/RECHERCHE-003_x113664_y021504.png,yolo/labels/train/RECHERCHE-003_x113664_y021504.txt
RECHERCHE-003_x015360_y023040,RECHERCHE-003,train,fold_0,15360,23040,2048,1024,True,2,0.6332,yolo/images/train/RECHERCHE-003_x015360_y023040.jpg,segmentation/masks/train/RECHERCHE-003_x015360_y023040.png,yolo/labels/train/RECHERCHE-003_x015360_y023040.txt
RECHERCHE-003_x016896_y023040,RECHERCHE-003,train,fold_0,16896,23040,2048,1024,True,2,0.9792,yolo/images/train/RECHERCHE-003_x016896_y023040.jpg,segmentation/masks/train/RECHERCHE-003_x016896_y023040.png,yolo/labels/train/RECHERCHE-003_x016896_y023040.txt
RECHERCHE-003_x018432_y023040,RECHERCHE-003,train,fold_0,18432,23040,2048,1024,True,2,0.5606,yolo/images/train/RECHERCHE-003_x018432_y023040.jpg,segmentation/masks/train/RECHERCHE-003_x018432_y023040.png,yolo/labels/train/RECHERCHE-003_x018432_y023040.txt
RECHERCHE-003_x059904_y023040,RECHERCHE-003,train,fold_0,59904,23040,2048,1024,True,1,0.173,yolo/images/train/RECHERCHE-003_x059904_y023040.jpg,segmentation/masks/train/RECHERCHE-003_x059904_y023040.png,yolo/labels/train/RECHERCHE-003_x059904_y023040.txt
RECHERCHE-003_x061440_y023040,RECHERCHE-003,train,fold_0,61440,23040,2048,1024,True,2,0.8858,yolo/images/train/RECHERCHE-003_x061440_y023040.jpg,segmentation/masks/train/RECHERCHE-003_x061440_y023040.png,yolo/labels/train/RECHERCHE-003_x061440_y023040.txt
RECHERCHE-003_x062976_y023040,RECHERCHE-003,train,fold_0,62976,23040,2048,1024,True,2,0.9135,yolo/images/train/RECHERCHE-003_x062976_y023040.jpg,segmentation/masks/train/RECHERCHE-003_x062976_y023040.png,yolo/labels/train/RECHERCHE-003_x062976_y023040.txt
RECHERCHE-003_x064512_y023040,RECHERCHE-003,train,fold_0,64512,23040,2048,1024,True,2,0.4775,yolo/images/train/RECHERCHE-003_x064512_y023040.jpg,segmentation/masks/train/RECHERCHE-003_x064512_y023040.png,yolo/labels/train/RECHERCHE-003_x064512_y023040.txt
RECHERCHE-003_x109056_y023040,RECHERCHE-003,train,fold_0,109056,23040,2048,1024,True,1,0.3806,yolo/images/train/RECHERCHE-003_x109056_y023040.jpg,segmentation/masks/train/RECHERCHE-003_x109056_y023040.png,yolo/labels/train/RECHERCHE-003_x109056_y023040.txt
RECHERCHE-003_x110592_y023040,RECHERCHE-003,train,fold_0,110592,23040,2048,1024,True,2,0.9792,yolo/images/train/RECHERCHE-003_x110592_y023040.jpg,segmentation/masks/train/RECHERCHE-003_x110592_y023040.png,yolo/labels/train/RECHERCHE-003_x110592_y023040.txt
RECHERCHE-003_x112128_y023040,RECHERCHE-003,train,fold_0,112128,23040,2048,1024,True,1,0.7163,yolo/images/train/RECHERCHE-003_x112128_y023040.jpg,segmentation/masks/train/RECHERCHE-003_x112128_y023040.png,yolo/labels/train/RECHERCHE-003_x112128_y023040.txt
RECHERCHE-003_x015360_y024576,RECHERCHE-003,train,fold_0,15360,24576,2048,1024,True,1,0.7612,yolo/images/train/RECHERCHE-003_x015360_y024576.jpg,segmentation/masks/train/RECHERCHE-003_x015360_y024576.png,yolo/labels/train/RECHERCHE-003_x015360_y024576.txt
RECHERCHE-003_x061440_y024576,RECHERCHE-003,train,fold_0,61440,24576,2048,1024,True,1,0.6055,yolo/images/train/RECHERCHE-003_x061440_y024576.jpg,segmentation/masks/train/RECHERCHE-003_x061440_y024576.png,yolo/labels/train/RECHERCHE-003_x061440_y024576.txt
RECHERCHE-003_x109056_y024576,RECHERCHE-003,train,fold_0,109056,24576,2048,1024,True,1,0.5675,yolo/images/train/RECHERCHE-003_x109056_y024576.jpg,segmentation/masks/train/RECHERCHE-003_x109056_y024576.png,yolo/labels/train/RECHERCHE-003_x109056_y024576.txt
RECHERCHE-003_x053760_y032256,RECHERCHE-003,train,fold_0,53760,32256,2048,1024,True,1,0.2734,yolo/images/train/RECHERCHE-003_x053760_y032256.jpg,segmentation/masks/train/RECHERCHE-003_x053760_y032256.png,yolo/labels/train/RECHERCHE-003_x053760_y032256.txt
RECHERCHE-003_x055296_y032256,RECHERCHE-003,train,fold_0,55296,32256,2048,1024,True,1,0.8547,yolo/images/train/RECHERCHE-003_x055296_y032256.jpg,segmentation/masks/train/RECHERCHE-003_x055296_y032256.png,yolo/labels/train/RECHERCHE-003_x055296_y032256.txt
RECHERCHE-003_x010752_y033792,RECHERCHE-003,train,fold_0,10752,33792,2048,1024,True,1,0.737,yolo/images/train/RECHERCHE-003_x010752_y033792.jpg,segmentation/masks/train/RECHERCHE-003_x010752_y033792.png,yolo/labels/train/RECHERCHE-003_x010752_y033792.txt
RECHERCHE-003_x053760_y033792,RECHERCHE-003,train,fold_0,53760,33792,2048,1024,True,2,0.8997,yolo/images/train/RECHERCHE-003_x053760_y033792.jpg,segmentation/masks/train/RECHERCHE-003_x053760_y033792.png,yolo/labels/train/RECHERCHE-003_x053760_y033792.txt
RECHERCHE-003_x055296_y033792,RECHERCHE-003,train,fold_0,55296,33792,2048,1024,True,1,0.7336,yolo/images/train/RECHERCHE-003_x055296_y033792.jpg,segmentation/masks/train/RECHERCHE-003_x055296_y033792.png,yolo/labels/train/RECHERCHE-003_x055296_y033792.txt
RECHERCHE-003_x009216_y035328,RECHERCHE-003,train,fold_0,9216,35328,2048,1024,True,1,0.3322,yolo/images/train/RECHERCHE-003_x009216_y035328.jpg,segmentation/masks/train/RECHERCHE-003_x009216_y035328.png,yolo/labels/train/RECHERCHE-003_x009216_y035328.txt
RECHERCHE-003_x010752_y035328,RECHERCHE-003,train,fold_0,10752,35328,2048,1024,True,2,0.9758,yolo/images/train/RECHERCHE-003_x010752_y035328.jpg,segmentation/masks/train/RECHERCHE-003_x010752_y035328.png,yolo/labels/train/RECHERCHE-003_x010752_y035328.txt
RECHERCHE-003_x050688_y035328,RECHERCHE-003,train,fold_0,50688,35328,2048,1024,True,1,0.4083,yolo/images/train/RECHERCHE-003_x050688_y035328.jpg,segmentation/masks/train/RECHERCHE-003_x050688_y035328.png,yolo/labels/train/RECHERCHE-003_x050688_y035328.txt
RECHERCHE-003_x052224_y035328,RECHERCHE-003,train,fold_0,52224,35328,2048,1024,True,1,0.8676,yolo/images/train/RECHERCHE-003_x052224_y035328.jpg,segmentation/masks/train/RECHERCHE-003_x052224_y035328.png,yolo/labels/train/RECHERCHE-003_x052224_y035328.txt
RECHERCHE-003_x053760_y035328,RECHERCHE-003,train,fold_0,53760,35328,2048,1024,True,1,0.9862,yolo/images/train/RECHERCHE-003_x053760_y035328.jpg,segmentation/masks/train/RECHERCHE-003_x053760_y035328.png,yolo/labels/train/RECHERCHE-003_x053760_y035328.txt
RECHERCHE-003_x105984_y035328,RECHERCHE-003,train,fold_0,105984,35328,2048,1024,True,2,0.8131,yolo/images/train/RECHERCHE-003_x105984_y035328.jpg,segmentation/masks/train/RECHERCHE-003_x105984_y035328.png,yolo/labels/train/RECHERCHE-003_x105984_y035328.txt
RECHERCHE-003_x009216_y036864,RECHERCHE-003,train,fold_0,9216,36864,2048,1024,True,2,0.7647,yolo/images/train/RECHERCHE-003_x009216_y036864.jpg,segmentation/masks/train/RECHERCHE-003_x009216_y036864.png,yolo/labels/train/RECHERCHE-003_x009216_y036864.txt
RECHERCHE-003_x010752_y036864,RECHERCHE-003,train,fold_0,10752,36864,2048,1024,True,1,0.9239,yolo/images/train/RECHERCHE-003_x010752_y036864.jpg,segmentation/masks/train/RECHERCHE-003_x010752_y036864.png,yolo/labels/train/RECHERCHE-003_x010752_y036864.txt
RECHERCHE-003_x050688_y036864,RECHERCHE-003,train,fold_0,50688,36864,2048,1024,True,1,0.9481,yolo/images/train/RECHERCHE-003_x050688_y036864.jpg,segmentation/masks/train/RECHERCHE-003_x050688_y036864.png,yolo/labels/train/RECHERCHE-003_x050688_y036864.txt
RECHERCHE-003_x052224_y036864,RECHERCHE-003,train,fold_0,52224,36864,2048,1024,True,1,1.0,yolo/images/train/RECHERCHE-003_x052224_y036864.jpg,segmentation/masks/train/RECHERCHE-003_x052224_y036864.png,yolo/labels/train/RECHERCHE-003_x052224_y036864.txt
RECHERCHE-003_x105984_y036864,RECHERCHE-003,train,fold_0,105984,36864,2048,1024,True,1,1.0,yolo/images/train/RECHERCHE-003_x105984_y036864.jpg,segmentation/masks/train/RECHERCHE-003_x105984_y036864.png,yolo/labels/train/RECHERCHE-003_x105984_y036864.txt
RECHERCHE-003_x007680_y038400,RECHERCHE-003,train,fold_0,7680,38400,2048,1024,True,1,0.6298,yolo/images/train/RECHERCHE-003_x007680_y038400.jpg,segmentation/masks/train/RECHERCHE-003_x007680_y038400.png,yolo/labels/train/RECHERCHE-003_x007680_y038400.txt
RECHERCHE-003_x009216_y038400,RECHERCHE-003,train,fold_0,9216,38400,2048,1024,True,1,1.0,yolo/images/train/RECHERCHE-003_x009216_y038400.jpg,segmentation/masks/train/RECHERCHE-003_x009216_y038400.png,yolo/labels/train/RECHERCHE-003_x009216_y038400.txt
RECHERCHE-003_x047616_y038400,RECHERCHE-003,train,fold_0,47616,38400,2048,1024,True,1,0.5744,yolo/images/train/RECHERCHE-003_x047616_y038400.jpg,segmentation/masks/train/RECHERCHE-003_x047616_y038400.png,yolo/labels/train/RECHERCHE-003_x047616_y038400.txt
RECHERCHE-003_x049152_y038400,RECHERCHE-003,train,fold_0,49152,38400,2048,1024,True,2,0.9654,yolo/images/train/RECHERCHE-003_x049152_y038400.jpg,segmentation/masks/train/RECHERCHE-003_x049152_y038400.png,yolo/labels/train/RECHERCHE-003_x049152_y038400.txt
RECHERCHE-003_x050688_y038400,RECHERCHE-003,train,fold_0,50688,38400,2048,1024,True,1,1.0,yolo/images/train/RECHERCHE-003_x050688_y038400.jpg,segmentation/masks/train/RECHERCHE-003_x050688_y038400.png,yolo/labels/train/RECHERCHE-003_x050688_y038400.txt
RECHERCHE-003_x104448_y038400,RECHERCHE-003,train,fold_0,104448,38400,2048,1024,True,1,0.8676,yolo/images/train/RECHERCHE-003_x104448_y038400.jpg,segmentation/masks/train/RECHERCHE-003_x104448_y038400.png,yolo/labels/train/RECHERCHE-003_x104448_y038400.txt
RECHERCHE-003_x006144_y039936,RECHERCHE-003,train,fold_0,6144,39936,2048,1024,True,1,0.263,yolo/images/train/RECHERCHE-003_x006144_y039936.jpg,segmentation/masks/train/RECHERCHE-003_x006144_y039936.png,yolo/labels/train/RECHERCHE-003_x006144_y039936.txt
RECHERCHE-003_x044544_y039936,RECHERCHE-003,train,fold_0,44544,39936,2048,1024,True,1,0.218,yolo/images/train/RECHERCHE-003_x044544_y039936.jpg,segmentation/masks/train/RECHERCHE-003_x044544_y039936.png,yolo/labels/train/RECHERCHE-003_x044544_y039936.txt
RECHERCHE-003_x046080_y039936,RECHERCHE-003,train,fold_0,46080,39936,2048,1024,True,2,0.827,yolo/images/train/RECHERCHE-003_x046080_y039936.jpg,segmentation/masks/train/RECHERCHE-003_x046080_y039936.png,yolo/labels/train/RECHERCHE-003_x046080_y039936.txt
RECHERCHE-003_x049152_y039936,RECHERCHE-003,train,fold_0,49152,39936,2048,1024,True,1,0.9585,yolo/images/train/RECHERCHE-003_x049152_y039936.jpg,segmentation/masks/train/RECHERCHE-003_x049152_y039936.png,yolo/labels/train/RECHERCHE-003_x049152_y039936.txt
RECHERCHE-003_x050688_y039936,RECHERCHE-003,train,fold_0,50688,39936,2048,1024,True,1,0.7439,yolo/images/train/RECHERCHE-003_x050688_y039936.jpg,segmentation/masks/train/RECHERCHE-003_x050688_y039936.png,yolo/labels/train/RECHERCHE-003_x050688_y039936.txt
RECHERCHE-003_x006144_y041472,RECHERCHE-003,train,fold_0,6144,41472,2048,1024,True,1,0.7439,yolo/images/train/RECHERCHE-003_x006144_y041472.jpg,segmentation/masks/train/RECHERCHE-003_x006144_y041472.png,yolo/labels/train/RECHERCHE-003_x006144_y041472.txt
RECHERCHE-003_x007680_y041472,RECHERCHE-003,train,fold_0,7680,41472,2048,1024,True,1,1.0,yolo/images/train/RECHERCHE-003_x007680_y041472.jpg,segmentation/masks/train/RECHERCHE-003_x007680_y041472.png,yolo/labels/train/RECHERCHE-003_x007680_y041472.txt
RECHERCHE-003_x009216_y041472,RECHERCHE-003,train,fold_0,9216,41472,2048,1024,True,1,0.9481,yolo/images/train/RECHERCHE-003_x009216_y041472.jpg,segmentation/masks/train/RECHERCHE-003_x009216_y041472.png,yolo/labels/train/RECHERCHE-003_x009216_y041472.txt
RECHERCHE-003_x044544_y041472,RECHERCHE-003,train,fold_0,44544,41472,2048,1024,True,3,0.7855,yolo/images/train/RECHERCHE-003_x044544_y041472.jpg,segmentation/masks/train/RECHERCHE-003_x044544_y041472.png,yolo/labels/train/RECHERCHE-003_x044544_y041472.txt
RECHERCHE-003_x046080_y041472,RECHERCHE-003,train,fold_0,46080,41472,2048,1024,True,4,1.0,yolo/images/train/RECHERCHE-003_x046080_y041472.jpg,segmentation/masks/train/RECHERCHE-003_x046080_y041472.png,yolo/labels/train/RECHERCHE-003_x046080_y041472.txt
RECHERCHE-003_x101376_y041472,RECHERCHE-003,train,fold_0,101376,41472,2048,1024,True,1,0.1557,yolo/images/train/RECHERCHE-003_x101376_y041472.jpg,segmentation/masks/train/RECHERCHE-003_x101376_y041472.png,yolo/labels/train/RECHERCHE-003_x101376_y041472.txt
RECHERCHE-003_x102912_y041472,RECHERCHE-003,train,fold_0,102912,41472,2048,1024,True,1,0.8616,yolo/images/train/RECHERCHE-003_x102912_y041472.jpg,segmentation/masks/train/RECHERCHE-003_x102912_y041472.png,yolo/labels/train/RECHERCHE-003_x102912_y041472.txt
RECHERCHE-003_x104448_y041472,RECHERCHE-003,train,fold_0,104448,41472,2048,1024,True,1,1.0,yolo/images/train/RECHERCHE-003_x104448_y041472.jpg,segmentation/masks/train/RECHERCHE-003_x104448_y041472.png,yolo/labels/train/RECHERCHE-003_x104448_y041472.txt
RECHERCHE-003_x004608_y043008,RECHERCHE-003,train,fold_0,4608,43008,2048,1024,True,2,0.654,yolo/images/train/RECHERCHE-003_x004608_y043008.jpg,segmentation/masks/train/RECHERCHE-003_x004608_y043008.png,yolo/labels/train/RECHERCHE-003_x004608_y043008.txt
RECHERCHE-003_x046080_y043008,RECHERCHE-003,train,fold_0,46080,43008,2048,1024,True,1,0.5675,yolo/images/train/RECHERCHE-003_x046080_y043008.jpg,segmentation/masks/train/RECHERCHE-003_x046080_y043008.png,yolo/labels/train/RECHERCHE-003_x046080_y043008.txt
RECHERCHE-003_x104448_y043008,RECHERCHE-003,train,fold_0,104448,43008,2048,1024,True,1,0.8566,yolo/images/train/RECHERCHE-003_x104448_y043008.jpg,segmentation/masks/train/RECHERCHE-003_x104448_y043008.png,yolo/labels/train/RECHERCHE-003_x104448_y043008.txt
RECHERCHE-003_x003072_y044544,RECHERCHE-003,train,fold_0,3072,44544,2048,1024,True,1,0.3183,yolo/images/train/RECHERCHE-003_x003072_y044544.jpg,segmentation/masks/train/RECHERCHE-003_x003072_y044544.png,yolo/labels/train/RECHERCHE-003_x003072_y044544.txt
RECHERCHE-003_x004608_y044544,RECHERCHE-003,train,fold_0,4608,44544,2048,1024,True,4,0.9758,yolo/images/train/RECHERCHE-003_x004608_y044544.jpg,segmentation/masks/train/RECHERCHE-003_x004608_y044544.png,yolo/labels/train/RECHERCHE-003_x004608_y044544.txt
RECHERCHE-003_x006144_y044544,RECHERCHE-003,train,fold_0,6144,44544,2048,1024,True,2,0.9446,yolo/images/train/RECHERCHE-003_x006144_y044544.jpg,segmentation/masks/train/RECHERCHE-003_x006144_y044544.png,yolo/labels/train/RECHERCHE-003_x006144_y044544.txt
RECHERCHE-003_x099840_y044544,RECHERCHE-003,train,fold_0,99840,44544,2048,1024,True,1,0.2803,yolo/images/train/RECHERCHE-003_x099840_y044544.jpg,segmentation/masks/train/RECHERCHE-003_x099840_y044544.png,yolo/labels/train/RECHERCHE-003_x099840_y044544.txt
RECHERCHE-003_x101376_y044544,RECHERCHE-003,train,fold_0,101376,44544,2048,1024,True,2,0.9758,yolo/images/train/RECHERCHE-003_x101376_y044544.jpg,segmentation/masks/train/RECHERCHE-003_x101376_y044544.png,yolo/labels/train/RECHERCHE-003_x101376_y044544.txt
RECHERCHE-003_x003072_y046080,RECHERCHE-003,train,fold_0,3072,46080,2048,1024,True,1,0.7266,yolo/images/train/RECHERCHE-003_x003072_y046080.jpg,segmentation/masks/train/RECHERCHE-003_x003072_y046080.png,yolo/labels/train/RECHERCHE-003_x003072_y046080.txt
RECHERCHE-003_x004608_y046080,RECHERCHE-003,train,fold_0,4608,46080,2048,1024,True,2,0.7751,yolo/images/train/RECHERCHE-003_x004608_y046080.jpg,segmentation/masks/train/RECHERCHE-003_x004608_y046080.png,yolo/labels/train/RECHERCHE-003_x004608_y046080.txt
RECHERCHE-003_x006144_y046080,RECHERCHE-003,train,fold_0,6144,46080,2048,1024,True,1,0.346,yolo/images/train/RECHERCHE-003_x006144_y046080.jpg,segmentation/masks/train/RECHERCHE-003_x006144_y046080.png,yolo/labels/train/RECHERCHE-003_x006144_y046080.txt
RECHERCHE-003_x043008_y046080,RECHERCHE-003,train,fold_0,43008,46080,2048,1024,True,1,0.4498,yolo/images/train/RECHERCHE-003_x043008_y046080.jpg,segmentation/masks/train/RECHERCHE-003_x043008_y046080.png,yolo/labels/train/RECHERCHE-003_x043008_y046080.txt
RECHERCHE-003_x099840_y046080,RECHERCHE-003,train,fold_0,99840,46080,2048,1024,True,2,0.5467,yolo/images/train/RECHERCHE-003_x099840_y046080.jpg,segmentation/masks/train/RECHERCHE-003_x099840_y046080.png,yolo/labels/train/RECHERCHE-003_x099840_y046080.txt
RECHERCHE-003_x101376_y046080,RECHERCHE-003,train,fold_0,101376,46080,2048,1024,True,3,1.0,yolo/images/train/RECHERCHE-003_x101376_y046080.jpg,segmentation/masks/train/RECHERCHE-003_x101376_y046080.png,yolo/labels/train/RECHERCHE-003_x101376_y046080.txt
RECHERCHE-003_x102912_y046080,RECHERCHE-003,train,fold_0,102912,46080,2048,1024,True,1,0.6159,yolo/images/train/RECHERCHE-003_x102912_y046080.jpg,segmentation/masks/train/RECHERCHE-003_x102912_y046080.png,yolo/labels/train/RECHERCHE-003_x102912_y046080.txt
RECHERCHE-003_x001536_y049152,RECHERCHE-003,train,fold_0,1536,49152,2048,1024,True,1,0.2803,yolo/images/train/RECHERCHE-003_x001536_y049152.jpg,segmentation/masks/train/RECHERCHE-003_x001536_y049152.png,yolo/labels/train/RECHERCHE-003_x001536_y049152.txt
RECHERCHE-003_x003072_y049152,RECHERCHE-003,train,fold_0,3072,49152,2048,1024,True,1,0.519,yolo/images/train/RECHERCHE-003_x003072_y049152.jpg,segmentation/masks/train/RECHERCHE-003_x003072_y049152.png,yolo/labels/train/RECHERCHE-003_x003072_y049152.txt
RECHERCHE-003_x098304_y050688,RECHERCHE-003,train,fold_0,98304,50688,2048,1024,True,1,0.3149,yolo/images/train/RECHERCHE-003_x098304_y050688.jpg,segmentation/masks/train/RECHERCHE-003_x098304_y050688.png,yolo/labels/train/RECHERCHE-003_x098304_y050688.txt
RECHERCHE-003_x099840_y050688,RECHERCHE-003,train,fold_0,99840,50688,2048,1024,True,1,0.5294,yolo/images/train/RECHERCHE-003_x099840_y050688.jpg,segmentation/masks/train/RECHERCHE-003_x099840_y050688.png,yolo/labels/train/RECHERCHE-003_x099840_y050688.txt
RECHERCHE-003_x066048_y004608,RECHERCHE-003,train,fold_0,66048,4608,2048,1024,False,0,0.1522,yolo/images/train/RECHERCHE-003_x066048_y004608.jpg,segmentation/masks/train/RECHERCHE-003_x066048_y004608.png,yolo/labels/train/RECHERCHE-003_x066048_y004608.txt
RECHERCHE-003_x067584_y004608,RECHERCHE-003,train,fold_0,67584,4608,2048,1024,False,0,0.3737,yolo/images/train/RECHERCHE-003_x067584_y004608.jpg,segmentation/masks/train/RECHERCHE-003_x067584_y004608.png,yolo/labels/train/RECHERCHE-003_x067584_y004608.txt
RECHERCHE-003_x110592_y004608,RECHERCHE-003,train,fold_0,110592,4608,2048,1024,False,0,0.3737,yolo/images/train/RECHERCHE-003_x110592_y004608.jpg,segmentation/masks/train/RECHERCHE-003_x110592_y004608.png,yolo/labels/train/RECHERCHE-003_x110592_y004608.txt
RECHERCHE-003_x112128_y004608,RECHERCHE-003,train,fold_0,112128,4608,2048,1024,False,0,0.1592,yolo/images/train/RECHERCHE-003_x112128_y004608.jpg,segmentation/masks/train/RECHERCHE-003_x112128_y004608.png,yolo/labels/train/RECHERCHE-003_x112128_y004608.txt
RECHERCHE-003_x067584_y006144,RECHERCHE-003,train,fold_0,67584,6144,2048,1024,False,0,0.3979,yolo/images/train/RECHERCHE-003_x067584_y006144.jpg,segmentation/masks/train/RECHERCHE-003_x067584_y006144.png,yolo/labels/train/RECHERCHE-003_x067584_y006144.txt
RECHERCHE-003_x069120_y006144,RECHERCHE-003,train,fold_0,69120,6144,2048,1024,False,0,0.3806,yolo/images/train/RECHERCHE-003_x069120_y006144.jpg,segmentation/masks/train/RECHERCHE-003_x069120_y006144.png,yolo/labels/train/RECHERCHE-003_x069120_y006144.txt
RECHERCHE-003_x110592_y006144,RECHERCHE-003,train,fold_0,110592,6144,2048,1024,False,0,0.1869,yolo/images/train/RECHERCHE-003_x110592_y006144.jpg,segmentation/masks/train/RECHERCHE-003_x110592_y006144.png,yolo/labels/train/RECHERCHE-003_x110592_y006144.txt
RECHERCHE-003_x112128_y006144,RECHERCHE-003,train,fold_0,112128,6144,2048,1024,False,0,0.2734,yolo/images/train/RECHERCHE-003_x112128_y006144.jpg,segmentation/masks/train/RECHERCHE-003_x112128_y006144.png,yolo/labels/train/RECHERCHE-003_x112128_y006144.txt
RECHERCHE-003_x067584_y007680,RECHERCHE-003,train,fold_0,67584,7680,2048,1024,False,0,0.2111,yolo/images/train/RECHERCHE-003_x067584_y007680.jpg,segmentation/masks/train/RECHERCHE-003_x067584_y007680.png,yolo/labels/train/RECHERCHE-003_x067584_y007680.txt
RECHERCHE-003_x069120_y007680,RECHERCHE-003,train,fold_0,69120,7680,2048,1024,False,0,0.436,yolo/images/train/RECHERCHE-003_x069120_y007680.jpg,segmentation/masks/train/RECHERCHE-003_x069120_y007680.png,yolo/labels/train/RECHERCHE-003_x069120_y007680.txt
RECHERCHE-003_x116736_y007680,RECHERCHE-003,train,fold_0,116736,7680,2048,1024,False,0,0.1626,yolo/images/train/RECHERCHE-003_x116736_y007680.jpg,segmentation/masks/train/RECHERCHE-003_x116736_y007680.png,yolo/labels/train/RECHERCHE-003_x116736_y007680.txt
RECHERCHE-003_x070656_y009216,RECHERCHE-003,train,fold_0,70656,9216,2048,1024,False,0,0.2837,yolo/images/train/RECHERCHE-003_x070656_y009216.jpg,segmentation/masks/train/RECHERCHE-003_x070656_y009216.png,yolo/labels/train/RECHERCHE-003_x070656_y009216.txt
RECHERCHE-003_x072192_y009216,RECHERCHE-003,train,fold_0,72192,9216,2048,1024,False,0,0.2042,yolo/images/train/RECHERCHE-003_x072192_y009216.jpg,segmentation/masks/train/RECHERCHE-003_x072192_y009216.png,yolo/labels/train/RECHERCHE-003_x072192_y009216.txt
RECHERCHE-003_x115200_y009216,RECHERCHE-003,train,fold_0,115200,9216,2048,1024,False,0,0.3356,yolo/images/train/RECHERCHE-003_x115200_y009216.jpg,segmentation/masks/train/RECHERCHE-003_x115200_y009216.png,yolo/labels/train/RECHERCHE-003_x115200_y009216.txt
RECHERCHE-003_x116736_y009216,RECHERCHE-003,train,fold_0,116736,9216,2048,1024,False,0,0.3149,yolo/images/train/RECHERCHE-003_x116736_y009216.jpg,segmentation/masks/train/RECHERCHE-003_x116736_y009216.png,yolo/labels/train/RECHERCHE-003_x116736_y009216.txt
RECHERCHE-003_x070656_y010752,RECHERCHE-003,train,fold_0,70656,10752,2048,1024,False,0,0.4187,yolo/images/train/RECHERCHE-003_x070656_y010752.jpg,segmentation/masks/train/RECHERCHE-003_x070656_y010752.png,yolo/labels/train/RECHERCHE-003_x070656_y010752.txt
RECHERCHE-003_x072192_y010752,RECHERCHE-003,train,fold_0,72192,10752,2048,1024,False,0,0.2803,yolo/images/train/RECHERCHE-003_x072192_y010752.jpg,segmentation/masks/train/RECHERCHE-003_x072192_y010752.png,yolo/labels/train/RECHERCHE-003_x072192_y010752.txt
RECHERCHE-003_x115200_y015360,RECHERCHE-003,train,fold_0,115200,15360,2048,1024,False,0,0.2007,yolo/images/train/RECHERCHE-003_x115200_y015360.jpg,segmentation/masks/train/RECHERCHE-003_x115200_y015360.png,yolo/labels/train/RECHERCHE-003_x115200_y015360.txt
RECHERCHE-003_x069120_y016896,RECHERCHE-003,train,fold_0,69120,16896,2048,1024,False,0,0.3599,yolo/images/train/RECHERCHE-003_x069120_y016896.jpg,segmentation/masks/train/RECHERCHE-003_x069120_y016896.png,yolo/labels/train/RECHERCHE-003_x069120_y016896.txt
RECHERCHE-003_x115200_y016896,RECHERCHE-003,train,fold_0,115200,16896,2048,1024,False,0,0.526,yolo/images/train/RECHERCHE-003_x115200_y016896.jpg,segmentation/masks/train/RECHERCHE-003_x115200_y016896.png,yolo/labels/train/RECHERCHE-003_x115200_y016896.txt
RECHERCHE-003_x021504_y018432,RECHERCHE-003,train,fold_0,21504,18432,2048,1024,False,0,0.5848,yolo/images/train/RECHERCHE-003_x021504_y018432.jpg,segmentation/masks/train/RECHERCHE-003_x021504_y018432.png,yolo/labels/train/RECHERCHE-003_x021504_y018432.txt
RECHERCHE-003_x067584_y018432,RECHERCHE-003,train,fold_0,67584,18432,2048,1024,False,0,0.9792,yolo/images/train/RECHERCHE-003_x067584_y018432.jpg,segmentation/masks/train/RECHERCHE-003_x067584_y018432.png,yolo/labels/train/RECHERCHE-003_x067584_y018432.txt
RECHERCHE-003_x069120_y018432,RECHERCHE-003,train,fold_0,69120,18432,2048,1024,False,0,0.3218,yolo/images/train/RECHERCHE-003_x069120_y018432.jpg,segmentation/masks/train/RECHERCHE-003_x069120_y018432.png,yolo/labels/train/RECHERCHE-003_x069120_y018432.txt
RECHERCHE-003_x066048_y019968,RECHERCHE-003,train,fold_0,66048,19968,2048,1024,False,0,1.0,yolo/images/train/RECHERCHE-003_x066048_y019968.jpg,segmentation/masks/train/RECHERCHE-003_x066048_y019968.png,yolo/labels/train/RECHERCHE-003_x066048_y019968.txt
RECHERCHE-003_x016896_y024576,RECHERCHE-003,train,fold_0,16896,24576,2048,1024,False,0,0.474,yolo/images/train/RECHERCHE-003_x016896_y024576.jpg,segmentation/masks/train/RECHERCHE-003_x016896_y024576.png,yolo/labels/train/RECHERCHE-003_x016896_y024576.txt
RECHERCHE-003_x062976_y024576,RECHERCHE-003,train,fold_0,62976,24576,2048,1024,False,0,0.2491,yolo/images/train/RECHERCHE-003_x062976_y024576.jpg,segmentation/masks/train/RECHERCHE-003_x062976_y024576.png,yolo/labels/train/RECHERCHE-003_x062976_y024576.txt
RECHERCHE-003_x112128_y024576,RECHERCHE-003,train,fold_0,112128,24576,2048,1024,False,0,0.2111,yolo/images/train/RECHERCHE-003_x112128_y024576.jpg,segmentation/masks/train/RECHERCHE-003_x112128_y024576.png,yolo/labels/train/RECHERCHE-003_x112128_y024576.txt
RECHERCHE-003_x109056_y026112,RECHERCHE-003,train,fold_0,109056,26112,2048,1024,False,0,0.2042,yolo/images/train/RECHERCHE-003_x109056_y026112.jpg,segmentation/masks/train/RECHERCHE-003_x109056_y026112.png,yolo/labels/train/RECHERCHE-003_x109056_y026112.txt
RECHERCHE-003_x110592_y026112,RECHERCHE-003,train,fold_0,110592,26112,2048,1024,False,0,0.1834,yolo/images/train/RECHERCHE-003_x110592_y026112.jpg,segmentation/masks/train/RECHERCHE-003_x110592_y026112.png,yolo/labels/train/RECHERCHE-003_x110592_y026112.txt
RECHERCHE-003_x012288_y029184,RECHERCHE-003,train,fold_0,12288,29184,2048,1024,False,0,0.1838,yolo/images/train/RECHERCHE-003_x012288_y029184.jpg,segmentation/masks/train/RECHERCHE-003_x012288_y029184.png,yolo/labels/train/RECHERCHE-003_x012288_y029184.txt
RECHERCHE-003_x013824_y029184,RECHERCHE-003,train,fold_0,13824,29184,2048,1024,False,0,0.4118,yolo/images/train/RECHERCHE-003_x013824_y029184.jpg,segmentation/masks/train/RECHERCHE-003_x013824_y029184.png,yolo/labels/train/RECHERCHE-003_x013824_y029184.txt
RECHERCHE-003_x056832_y029184,RECHERCHE-003,train,fold_0,56832,29184,2048,1024,False,0,0.7022,yolo/images/train/RECHERCHE-003_x056832_y029184.jpg,segmentation/masks/train/RECHERCHE-003_x056832_y029184.png,yolo/labels/train/RECHERCHE-003_x056832_y029184.txt
RECHERCHE-003_x058368_y029184,RECHERCHE-003,train,fold_0,58368,29184,2048,1024,False,0,0.8897,yolo/images/train/RECHERCHE-003_x058368_y029184.jpg,segmentation/masks/train/RECHERCHE-003_x058368_y029184.png,yolo/labels/train/RECHERCHE-003_x058368_y029184.txt
RECHERCHE-003_x059904_y029184,RECHERCHE-003,train,fold_0,59904,29184,2048,1024,False,0,0.2537,yolo/images/train/RECHERCHE-003_x059904_y029184.jpg,segmentation/masks/train/RECHERCHE-003_x059904_y029184.png,yolo/labels/train/RECHERCHE-003_x059904_y029184.txt
RECHERCHE-003_x107520_y029184,RECHERCHE-003,train,fold_0,107520,29184,2048,1024,False,0,0.2022,yolo/images/train/RECHERCHE-003_x107520_y029184.jpg,segmentation/masks/train/RECHERCHE-003_x107520_y029184.png,yolo/labels/train/RECHERCHE-003_x107520_y029184.txt
RECHERCHE-003_x109056_y029184,RECHERCHE-003,train,fold_0,109056,29184,2048,1024,False,0,0.4559,yolo/images/train/RECHERCHE-003_x109056_y029184.jpg,segmentation/masks/train/RECHERCHE-003_x109056_y029184.png,yolo/labels/train/RECHERCHE-003_x109056_y029184.txt
RECHERCHE-003_x010752_y030720,RECHERCHE-003,train,fold_0,10752,30720,2048,1024,False,0,0.2353,yolo/images/train/RECHERCHE-003_x010752_y030720.jpg,segmentation/masks/train/RECHERCHE-003_x010752_y030720.png,yolo/labels/train/RECHERCHE-003_x010752_y030720.txt
RECHERCHE-003_x012288_y030720,RECHERCHE-003,train,fold_0,12288,30720,2048,1024,False,0,0.8754,yolo/images/train/RECHERCHE-003_x012288_y030720.jpg,segmentation/masks/train/RECHERCHE-003_x012288_y030720.png,yolo/labels/train/RECHERCHE-003_x012288_y030720.txt
RECHERCHE-003_x013824_y030720,RECHERCHE-003,train,fold_0,13824,30720,2048,1024,False,0,0.7197,yolo/images/train/RECHERCHE-003_x013824_y030720.jpg,segmentation/masks/train/RECHERCHE-003_x013824_y030720.png,yolo/labels/train/RECHERCHE-003_x013824_y030720.txt
RECHERCHE-003_x055296_y030720,RECHERCHE-003,train,fold_0,55296,30720,2048,1024,False,0,0.4567,yolo/images/train/RECHERCHE-003_x055296_y030720.jpg,segmentation/masks/train/RECHERCHE-003_x055296_y030720.png,yolo/labels/train/RECHERCHE-003_x055296_y030720.txt
RECHERCHE-003_x056832_y030720,RECHERCHE-003,train,fold_0,56832,30720,2048,1024,False,0,0.872,yolo/images/train/RECHERCHE-003_x056832_y030720.jpg,segmentation/masks/train/RECHERCHE-003_x056832_y030720.png,yolo/labels/train/RECHERCHE-003_x056832_y030720.txt
RECHERCHE-003_x058368_y030720,RECHERCHE-003,train,fold_0,58368,30720,2048,1024,False,0,0.4464,yolo/images/train/RECHERCHE-003_x058368_y030720.jpg,segmentation/masks/train/RECHERCHE-003_x058368_y030720.png,yolo/labels/train/RECHERCHE-003_x058368_y030720.txt
RECHERCHE-003_x107520_y030720,RECHERCHE-003,train,fold_0,107520,30720,2048,1024,False,0,0.8339,yolo/images/train/RECHERCHE-003_x107520_y030720.jpg,segmentation/masks/train/RECHERCHE-003_x107520_y030720.png,yolo/labels/train/RECHERCHE-003_x107520_y030720.txt
RECHERCHE-003_x109056_y030720,RECHERCHE-003,train,fold_0,109056,30720,2048,1024,False,0,0.7647,yolo/images/train/RECHERCHE-003_x109056_y030720.jpg,segmentation/masks/train/RECHERCHE-003_x109056_y030720.png,yolo/labels/train/RECHERCHE-003_x109056_y030720.txt
RECHERCHE-003_x010752_y032256,RECHERCHE-003,train,fold_0,10752,32256,2048,1024,False,0,0.4498,yolo/images/train/RECHERCHE-003_x010752_y032256.jpg,segmentation/masks/train/RECHERCHE-003_x010752_y032256.png,yolo/labels/train/RECHERCHE-003_x010752_y032256.txt
RECHERCHE-003_x012288_y032256,RECHERCHE-003,train,fold_0,12288,32256,2048,1024,False,0,0.7716,yolo/images/train/RECHERCHE-003_x012288_y032256.jpg,segmentation/masks/train/RECHERCHE-003_x012288_y032256.png,yolo/labels/train/RECHERCHE-003_x012288_y032256.txt
RECHERCHE-003_x056832_y032256,RECHERCHE-003,train,fold_0,56832,32256,2048,1024,False,0,0.3287,yolo/images/train/RECHERCHE-003_x056832_y032256.jpg,segmentation/masks/train/RECHERCHE-003_x056832_y032256.png,yolo/labels/train/RECHERCHE-003_x056832_y032256.txt
RECHERCHE-003_x105984_y032256,RECHERCHE-003,train,fold_0,105984,32256,2048,1024,False,0,0.263,yolo/images/train/RECHERCHE-003_x105984_y032256.jpg,segmentation/masks/train/RECHERCHE-003_x105984_y032256.png,yolo/labels/train/RECHERCHE-003_x105984_y032256.txt
RECHERCHE-003_x107520_y032256,RECHERCHE-003,train,fold_0,107520,32256,2048,1024,False,0,0.8893,yolo/images/train/RECHERCHE-003_x107520_y032256.jpg,segmentation/masks/train/RECHERCHE-003_x107520_y032256.png,yolo/labels/train/RECHERCHE-003_x107520_y032256.txt
RECHERCHE-003_x109056_y032256,RECHERCHE-003,train,fold_0,109056,32256,2048,1024,False,0,0.2284,yolo/images/train/RECHERCHE-003_x109056_y032256.jpg,segmentation/masks/train/RECHERCHE-003_x109056_y032256.png,yolo/labels/train/RECHERCHE-003_x109056_y032256.txt
RECHERCHE-003_x012288_y033792,RECHERCHE-003,train,fold_0,12288,33792,2048,1024,False,0,0.4775,yolo/images/train/RECHERCHE-003_x012288_y033792.jpg,segmentation/masks/train/RECHERCHE-003_x012288_y033792.png,yolo/labels/train/RECHERCHE-003_x012288_y033792.txt
RECHERCHE-003_x052224_y033792,RECHERCHE-003,train,fold_0,52224,33792,2048,1024,False,0,0.2941,yolo/images/train/RECHERCHE-003_x052224_y033792.jpg,segmentation/masks/train/RECHERCHE-003_x052224_y033792.png,yolo/labels/train/RECHERCHE-003_x052224_y033792.txt
RECHERCHE-003_x012288_y035328,RECHERCHE-003,train,fold_0,12288,35328,2048,1024,False,0,0.3772,yolo/images/train/RECHERCHE-003_x012288_y035328.jpg,segmentation/masks/train/RECHERCHE-003_x012288_y035328.png,yolo/labels/train/RECHERCHE-003_x012288_y035328.txt
RECHERCHE-003_x055296_y035328,RECHERCHE-003,train,fold_0,55296,35328,2048,1024,False,0,0.3772,yolo/images/train/RECHERCHE-003_x055296_y035328.jpg,segmentation/masks/train/RECHERCHE-003_x055296_y035328.png,yolo/labels/train/RECHERCHE-003_x055296_y035328.txt
RECHERCHE-003_x012288_y036864,RECHERCHE-003,train,fold_0,12288,36864,2048,1024,False,0,0.2215,yolo/images/train/RECHERCHE-003_x012288_y036864.jpg,segmentation/masks/train/RECHERCHE-003_x012288_y036864.png,yolo/labels/train/RECHERCHE-003_x012288_y036864.txt
RECHERCHE-003_x053760_y036864,RECHERCHE-003,train,fold_0,53760,36864,2048,1024,False,0,0.7612,yolo/images/train/RECHERCHE-003_x053760_y036864.jpg,segmentation/masks/train/RECHERCHE-003_x053760_y036864.png,yolo/labels/train/RECHERCHE-003_x053760_y036864.txt
RECHERCHE-003_x010752_y038400,RECHERCHE-003,train,fold_0,10752,38400,2048,1024,False,0,0.782,yolo/images/train/RECHERCHE-003_x010752_y038400.jpg,segmentation/masks/train/RECHERCHE-003_x010752_y038400.png,yolo/labels/train/RECHERCHE-003_x010752_y038400.txt
RECHERCHE-003_x052224_y038400,RECHERCHE-003,train,fold_0,52224,38400,2048,1024,False,0,0.9559,yolo/images/train/RECHERCHE-003_x052224_y038400.jpg,segmentation/masks/train/RECHERCHE-003_x052224_y038400.png,yolo/labels/train/RECHERCHE-003_x052224_y038400.txt
RECHERCHE-003_x053760_y038400,RECHERCHE-003,train,fold_0,53760,38400,2048,1024,False,0,0.3114,yolo/images/train/RECHERCHE-003_x053760_y038400.jpg,segmentation/masks/train/RECHERCHE-003_x053760_y038400.png,yolo/labels/train/RECHERCHE-003_x053760_y038400.txt
RECHERCHE-003_x107520_y038400,RECHERCHE-003,train,fold_0,107520,38400,2048,1024,False,0,0.4221,yolo/images/train/RECHERCHE-003_x107520_y038400.jpg,segmentation/masks/train/RECHERCHE-003_x107520_y038400.png,yolo/labels/train/RECHERCHE-003_x107520_y038400.txt
RECHERCHE-003_x007680_y039936,RECHERCHE-003,train,fold_0,7680,39936,2048,1024,False,0,0.9239,yolo/images/train/RECHERCHE-003_x007680_y039936.jpg,segmentation/masks/train/RECHERCHE-003_x007680_y039936.png,yolo/labels/train/RECHERCHE-003_x007680_y039936.txt
RECHERCHE-003_x009216_y039936,RECHERCHE-003,train,fold_0,9216,39936,2048,1024,False,0,1.0,yolo/images/train/RECHERCHE-003_x009216_y039936.jpg,segmentation/masks/train/RECHERCHE-003_x009216_y039936.png,yolo/labels/train/RECHERCHE-003_x009216_y039936.txt
RECHERCHE-003_x010752_y039936,RECHERCHE-003,train,fold_0,10752,39936,2048,1024,False,0,0.5848,yolo/images/train/RECHERCHE-003_x010752_y039936.jpg,segmentation/masks/train/RECHERCHE-003_x010752_y039936.png,yolo/labels/train/RECHERCHE-003_x010752_y039936.txt
RECHERCHE-003_x047616_y039936,RECHERCHE-003,train,fold_0,47616,39936,2048,1024,False,0,1.0,yolo/images/train/RECHERCHE-003_x047616_y039936.jpg,segmentation/masks/train/RECHERCHE-003_x047616_y039936.png,yolo/labels/train/RECHERCHE-003_x047616_y039936.txt
RECHERCHE-003_x052224_y039936,RECHERCHE-003,train,fold_0,52224,39936,2048,1024,False,0,0.4191,yolo/images/train/RECHERCHE-003_x052224_y039936.jpg,segmentation/masks/train/RECHERCHE-003_x052224_y039936.png,yolo/labels/train/RECHERCHE-003_x052224_y039936.txt
RECHERCHE-003_x102912_y039936,RECHERCHE-003,train,fold_0,102912,39936,2048,1024,False,0,0.5156,yolo/images/train/RECHERCHE-003_x102912_y039936.jpg,segmentation/masks/train/RECHERCHE-003_x102912_y039936.png,yolo/labels/train/RECHERCHE-003_x102912_y039936.txt
RECHERCHE-003_x107520_y039936,RECHERCHE-003,train,fold_0,107520,39936,2048,1024,False,0,0.2941,yolo/images/train/RECHERCHE-003_x107520_y039936.jpg,segmentation/masks/train/RECHERCHE-003_x107520_y039936.png,yolo/labels/train/RECHERCHE-003_x107520_y039936.txt
RECHERCHE-003_x010752_y041472,RECHERCHE-003,train,fold_0,10752,41472,2048,1024,False,0,0.308,yolo/images/train/RECHERCHE-003_x010752_y041472.jpg,segmentation/masks/train/RECHERCHE-003_x010752_y041472.png,yolo/labels/train/RECHERCHE-003_x010752_y041472.txt
RECHERCHE-003_x049152_y041472,RECHERCHE-003,train,fold_0,49152,41472,2048,1024,False,0,0.4221,yolo/images/train/RECHERCHE-003_x049152_y041472.jpg,segmentation/masks/train/RECHERCHE-003_x049152_y041472.png,yolo/labels/train/RECHERCHE-003_x049152_y041472.txt
RECHERCHE-003_x105984_y041472,RECHERCHE-003,train,fold_0,105984,41472,2048,1024,False,0,0.9031,yolo/images/train/RECHERCHE-003_x105984_y041472.jpg,segmentation/masks/train/RECHERCHE-003_x105984_y041472.png,yolo/labels/train/RECHERCHE-003_x105984_y041472.txt
RECHERCHE-003_x007680_y043008,RECHERCHE-003,train,fold_0,7680,43008,2048,1024,False,0,0.8131,yolo/images/train/RECHERCHE-003_x007680_y043008.jpg,segmentation/masks/train/RECHERCHE-003_x007680_y043008.png,yolo/labels/train/RECHERCHE-003_x007680_y043008.txt
RECHERCHE-003_x009216_y043008,RECHERCHE-003,train,fold_0,9216,43008,2048,1024,False,0,0.2803,yolo/images/train/RECHERCHE-003_x009216_y043008.jpg,segmentation/masks/train/RECHERCHE-003_x009216_y043008.png,yolo/labels/train/RECHERCHE-003_x009216_y043008.txt
RECHERCHE-003_x043008_y043008,RECHERCHE-003,train,fold_0,43008,43008,2048,1024,False,0,0.6609,yolo/images/train/RECHERCHE-003_x043008_y043008.jpg,segmentation/masks/train/RECHERCHE-003_x043008_y043008.png,yolo/labels/train/RECHERCHE-003_x043008_y043008.txt
RECHERCHE-003_x044544_y043008,RECHERCHE-003,train,fold_0,44544,43008,2048,1024,False,0,0.8131,yolo/images/train/RECHERCHE-003_x044544_y043008.jpg,segmentation/masks/train/RECHERCHE-003_x044544_y043008.png,yolo/labels/train/RECHERCHE-003_x044544_y043008.txt
RECHERCHE-003_x105984_y043008,RECHERCHE-003,train,fold_0,105984,43008,2048,1024,False,0,0.3356,yolo/images/train/RECHERCHE-003_x105984_y043008.jpg,segmentation/masks/train/RECHERCHE-003_x105984_y043008.png,yolo/labels/train/RECHERCHE-003_x105984_y043008.txt
RECHERCHE-003_x007680_y044544,RECHERCHE-003,train,fold_0,7680,44544,2048,1024,False,0,0.3149,yolo/images/train/RECHERCHE-003_x007680_y044544.jpg,segmentation/masks/train/RECHERCHE-003_x007680_y044544.png,yolo/labels/train/RECHERCHE-003_x007680_y044544.txt
RECHERCHE-003_x041472_y044544,RECHERCHE-003,train,fold_0,41472,44544,2048,1024,False,0,0.2145,yolo/images/train/RECHERCHE-003_x041472_y044544.jpg,segmentation/masks/train/RECHERCHE-003_x041472_y044544.png,yolo/labels/train/RECHERCHE-003_x041472_y044544.txt
RECHERCHE-003_x043008_y044544,RECHERCHE-003,train,fold_0,43008,44544,2048,1024,False,0,0.7163,yolo/images/train/RECHERCHE-003_x043008_y044544.jpg,segmentation/masks/train/RECHERCHE-003_x043008_y044544.png,yolo/labels/train/RECHERCHE-003_x043008_y044544.txt
RECHERCHE-003_x102912_y044544,RECHERCHE-003,train,fold_0,102912,44544,2048,1024,False,0,0.9758,yolo/images/train/RECHERCHE-003_x102912_y044544.jpg,segmentation/masks/train/RECHERCHE-003_x102912_y044544.png,yolo/labels/train/RECHERCHE-003_x102912_y044544.txt
RECHERCHE-003_x104448_y044544,RECHERCHE-003,train,fold_0,104448,44544,2048,1024,False,0,0.3309,yolo/images/train/RECHERCHE-003_x104448_y044544.jpg,segmentation/masks/train/RECHERCHE-003_x104448_y044544.png,yolo/labels/train/RECHERCHE-003_x104448_y044544.txt
RECHERCHE-003_x001536_y047616,RECHERCHE-003,train,fold_0,1536,47616,2048,1024,False,0,0.2353,yolo/images/train/RECHERCHE-003_x001536_y047616.jpg,segmentation/masks/train/RECHERCHE-003_x001536_y047616.png,yolo/labels/train/RECHERCHE-003_x001536_y047616.txt
RECHERCHE-003_x003072_y047616,RECHERCHE-003,train,fold_0,3072,47616,2048,1024,False,0,0.7509,yolo/images/train/RECHERCHE-003_x003072_y047616.jpg,segmentation/masks/train/RECHERCHE-003_x003072_y047616.png,yolo/labels/train/RECHERCHE-003_x003072_y047616.txt
RECHERCHE-003_x098304_y049152,RECHERCHE-003,train,fold_0,98304,49152,2048,1024,False,0,0.3495,yolo/images/train/RECHERCHE-003_x098304_y049152.jpg,segmentation/masks/train/RECHERCHE-003_x098304_y049152.png,yolo/labels/train/RECHERCHE-003_x098304_y049152.txt
RECHERCHE-003_x099840_y049152,RECHERCHE-003,train,fold_0,99840,49152,2048,1024,False,0,0.7543,yolo/images/train/RECHERCHE-003_x099840_y049152.jpg,segmentation/masks/train/RECHERCHE-003_x099840_y049152.png,yolo/labels/train/RECHERCHE-003_x099840_y049152.txt
RECHERCHE-004_x150528_y010752,RECHERCHE-004,train,fold_0,150528,10752,2048,1024,True,1,0.2071,yolo/images/train/RECHERCHE-004_x150528_y010752.jpg,segmentation/masks/train/RECHERCHE-004_x150528_y010752.png,yolo/labels/train/RECHERCHE-004_x150528_y010752.txt
RECHERCHE-004_x150528_y012288,RECHERCHE-004,train,fold_0,150528,12288,2048,1024,True,2,0.8817,yolo/images/train/RECHERCHE-004_x150528_y012288.jpg,segmentation/masks/train/RECHERCHE-004_x150528_y012288.png,yolo/labels/train/RECHERCHE-004_x150528_y012288.txt
RECHERCHE-004_x107520_y013824,RECHERCHE-004,train,fold_0,107520,13824,2048,1024,True,1,0.6095,yolo/images/train/RECHERCHE-004_x107520_y013824.jpg,segmentation/masks/train/RECHERCHE-004_x107520_y013824.png,yolo/labels/train/RECHERCHE-004_x107520_y013824.txt
RECHERCHE-004_x147456_y013824,RECHERCHE-004,train,fold_0,147456,13824,2048,1024,True,1,0.1834,yolo/images/train/RECHERCHE-004_x147456_y013824.jpg,segmentation/masks/train/RECHERCHE-004_x147456_y013824.png,yolo/labels/train/RECHERCHE-004_x147456_y013824.txt
RECHERCHE-004_x148992_y013824,RECHERCHE-004,train,fold_0,148992,13824,2048,1024,True,1,0.8402,yolo/images/train/RECHERCHE-004_x148992_y013824.jpg,segmentation/masks/train/RECHERCHE-004_x148992_y013824.png,yolo/labels/train/RECHERCHE-004_x148992_y013824.txt
RECHERCHE-004_x150528_y013824,RECHERCHE-004,train,fold_0,150528,13824,2048,1024,True,1,1.0,yolo/images/train/RECHERCHE-004_x150528_y013824.jpg,segmentation/masks/train/RECHERCHE-004_x150528_y013824.png,yolo/labels/train/RECHERCHE-004_x150528_y013824.txt
RECHERCHE-004_x105984_y015360,RECHERCHE-004,train,fold_0,105984,15360,2048,1024,True,1,0.5858,yolo/images/train/RECHERCHE-004_x105984_y015360.jpg,segmentation/masks/train/RECHERCHE-004_x105984_y015360.png,yolo/labels/train/RECHERCHE-004_x105984_y015360.txt
RECHERCHE-004_x107520_y015360,RECHERCHE-004,train,fold_0,107520,15360,2048,1024,True,1,1.0,yolo/images/train/RECHERCHE-004_x107520_y015360.jpg,segmentation/masks/train/RECHERCHE-004_x107520_y015360.png,yolo/labels/train/RECHERCHE-004_x107520_y015360.txt
RECHERCHE-004_x147456_y015360,RECHERCHE-004,train,fold_0,147456,15360,2048,1024,True,2,0.7751,yolo/images/train/RECHERCHE-004_x147456_y015360.jpg,segmentation/masks/train/RECHERCHE-004_x147456_y015360.png,yolo/labels/train/RECHERCHE-004_x147456_y015360.txt
RECHERCHE-004_x150528_y015360,RECHERCHE-004,train,fold_0,150528,15360,2048,1024,True,1,0.9882,yolo/images/train/RECHERCHE-004_x150528_y015360.jpg,segmentation/masks/train/RECHERCHE-004_x150528_y015360.png,yolo/labels/train/RECHERCHE-004_x150528_y015360.txt
RECHERCHE-004_x152064_y015360,RECHERCHE-004,train,fold_0,152064,15360,2048,1024,True,1,0.5503,yolo/images/train/RECHERCHE-004_x152064_y015360.jpg,segmentation/masks/train/RECHERCHE-004_x152064_y015360.png,yolo/labels/train/RECHERCHE-004_x152064_y015360.txt
RECHERCHE-004_x104448_y016896,RECHERCHE-004,train,fold_0,104448,16896,2048,1024,True,1,0.3254,yolo/images/train/RECHERCHE-004_x104448_y016896.jpg,segmentation/masks/train/RECHERCHE-004_x104448_y016896.png,yolo/labels/train/RECHERCHE-004_x104448_y016896.txt
RECHERCHE-004_x147456_y016896,RECHERCHE-004,train,fold_0,147456,16896,2048,1024,True,1,0.9941,yolo/images/train/RECHERCHE-004_x147456_y016896.jpg,segmentation/masks/train/RECHERCHE-004_x147456_y016896.png,yolo/labels/train/RECHERCHE-004_x147456_y016896.txt
RECHERCHE-004_x148992_y016896,RECHERCHE-004,train,fold_0,148992,16896,2048,1024,True,1,1.0,yolo/images/train/RECHERCHE-004_x148992_y016896.jpg,segmentation/masks/train/RECHERCHE-004_x148992_y016896.png,yolo/labels/train/RECHERCHE-004_x148992_y016896.txt
RECHERCHE-004_x150528_y016896,RECHERCHE-004,train,fold_0,150528,16896,2048,1024,True,2,0.6746,yolo/images/train/RECHERCHE-004_x150528_y016896.jpg,segmentation/masks/train/RECHERCHE-004_x150528_y016896.png,yolo/labels/train/RECHERCHE-004_x150528_y016896.txt
RECHERCHE-004_x104448_y018432,RECHERCHE-004,train,fold_0,104448,18432,2048,1024,True,1,0.7456,yolo/images/train/RECHERCHE-004_x104448_y018432.jpg,segmentation/masks/train/RECHERCHE-004_x104448_y018432.png,yolo/labels/train/RECHERCHE-004_x104448_y018432.txt
RECHERCHE-004_x107520_y018432,RECHERCHE-004,train,fold_0,107520,18432,2048,1024,True,2,0.9349,yolo/images/train/RECHERCHE-004_x107520_y018432.jpg,segmentation/masks/train/RECHERCHE-004_x107520_y018432.png,yolo/labels/train/RECHERCHE-004_x107520_y018432.txt
RECHERCHE-004_x109056_y018432,RECHERCHE-004,train,fold_0,109056,18432,2048,1024,True,1,0.2959,yolo/images/train/RECHERCHE-004_x109056_y018432.jpg,segmentation/masks/train/RECHERCHE-004_x109056_y018432.png,yolo/labels/train/RECHERCHE-004_x109056_y018432.txt
RECHERCHE-004_x145920_y018432,RECHERCHE-004,train,fold_0,145920,18432,2048,1024,True,1,0.9527,yolo/images/train/RECHERCHE-004_x145920_y018432.jpg,segmentation/masks/train/RECHERCHE-004_x145920_y018432.png,yolo/labels/train/RECHERCHE-004_x145920_y018432.txt
RECHERCHE-004_x147456_y018432,RECHERCHE-004,train,fold_0,147456,18432,2048,1024,True,1,1.0,yolo/images/train/RECHERCHE-004_x147456_y018432.jpg,segmentation/masks/train/RECHERCHE-004_x147456_y018432.png,yolo/labels/train/RECHERCHE-004_x147456_y018432.txt
RECHERCHE-004_x062976_y019968,RECHERCHE-004,train,fold_0,62976,19968,2048,1024,True,1,0.1538,yolo/images/train/RECHERCHE-004_x062976_y019968.jpg,segmentation/masks/train/RECHERCHE-004_x062976_y019968.png,yolo/labels/train/RECHERCHE-004_x062976_y019968.txt
RECHERCHE-004_x064512_y019968,RECHERCHE-004,train,fold_0,64512,19968,2048,1024,True,1,0.3018,yolo/images/train/RECHERCHE-004_x064512_y019968.jpg,segmentation/masks/train/RECHERCHE-004_x064512_y019968.png,yolo/labels/train/RECHERCHE-004_x064512_y019968.txt
RECHERCHE-004_x104448_y019968,RECHERCHE-004,train,fold_0,104448,19968,2048,1024,True,1,0.9822,yolo/images/train/RECHERCHE-004_x104448_y019968.jpg,segmentation/masks/train/RECHERCHE-004_x104448_y019968.png,yolo/labels/train/RECHERCHE-004_x104448_y019968.txt
RECHERCHE-004_x107520_y019968,RECHERCHE-004,train,fold_0,107520,19968,2048,1024,True,1,0.5385,yolo/images/train/RECHERCHE-004_x107520_y019968.jpg,segmentation/masks/train/RECHERCHE-004_x107520_y019968.png,yolo/labels/train/RECHERCHE-004_x107520_y019968.txt
RECHERCHE-004_x144384_y019968,RECHERCHE-004,train,fold_0,144384,19968,2048,1024,True,1,0.9172,yolo/images/train/RECHERCHE-004_x144384_y019968.jpg,segmentation/masks/train/RECHERCHE-004_x144384_y019968.png,yolo/labels/train/RECHERCHE-004_x144384_y019968.txt
RECHERCHE-004_x145920_y019968,RECHERCHE-004,train,fold_0,145920,19968,2048,1024,True,1,1.0,yolo/images/train/RECHERCHE-004_x145920_y019968.jpg,segmentation/masks/train/RECHERCHE-004_x145920_y019968.png,yolo/labels/train/RECHERCHE-004_x145920_y019968.txt
RECHERCHE-004_x062976_y021504,RECHERCHE-004,train,fold_0,62976,21504,2048,1024,True,2,0.6568,yolo/images/train/RECHERCHE-004_x062976_y021504.jpg,segmentation/masks/train/RECHERCHE-004_x062976_y021504.png,yolo/labels/train/RECHERCHE-004_x062976_y021504.txt
RECHERCHE-004_x064512_y021504,RECHERCHE-004,train,fold_0,64512,21504,2048,1024,True,1,0.9231,yolo/images/train/RECHERCHE-004_x064512_y021504.jpg,segmentation/masks/train/RECHERCHE-004_x064512_y021504.png,yolo/labels/train/RECHERCHE-004_x064512_y021504.txt
RECHERCHE-004_x101376_y021504,RECHERCHE-004,train,fold_0,101376,21504,2048,1024,True,1,0.2426,yolo/images/train/RECHERCHE-004_x101376_y021504.jpg,segmentation/masks/train/RECHERCHE-004_x101376_y021504.png,yolo/labels/train/RECHERCHE-004_x101376_y021504.txt
RECHERCHE-004_x102912_y021504,RECHERCHE-004,train,fold_0,102912,21504,2048,1024,True,1,0.8817,yolo/images/train/RECHERCHE-004_x102912_y021504.jpg,segmentation/masks/train/RECHERCHE-004_x102912_y021504.png,yolo/labels/train/RECHERCHE-004_x102912_y021504.txt
RECHERCHE-004_x104448_y021504,RECHERCHE-004,train,fold_0,104448,21504,2048,1024,True,1,1.0,yolo/images/train/RECHERCHE-004_x104448_y021504.jpg,segmentation/masks/train/RECHERCHE-004_x104448_y021504.png,yolo/labels/train/RECHERCHE-004_x104448_y021504.txt
RECHERCHE-004_x105984_y021504,RECHERCHE-004,train,fold_0,105984,21504,2048,1024,True,1,0.7041,yolo/images/train/RECHERCHE-004_x105984_y021504.jpg,segmentation/masks/train/RECHERCHE-004_x105984_y021504.png,yolo/labels/train/RECHERCHE-004_x105984_y021504.txt
RECHERCHE-004_x145920_y021504,RECHERCHE-004,train,fold_0,145920,21504,2048,1024,True,1,0.716,yolo/images/train/RECHERCHE-004_x145920_y021504.jpg,segmentation/masks/train/RECHERCHE-004_x145920_y021504.png,yolo/labels/train/RECHERCHE-004_x145920_y021504.txt
RECHERCHE-004_x061440_y023040,RECHERCHE-004,train,fold_0,61440,23040,2048,1024,True,1,0.3254,yolo/images/train/RECHERCHE-004_x061440_y023040.jpg,segmentation/masks/train/RECHERCHE-004_x061440_y023040.png,yolo/labels/train/RECHERCHE-004_x061440_y023040.txt
RECHERCHE-004_x062976_y023040,RECHERCHE-004,train,fold_0,62976,23040,2048,1024,True,1,0.9763,yolo/images/train/RECHERCHE-004_x062976_y023040.jpg,segmentation/masks/train/RECHERCHE-004_x062976_y023040.png,yolo/labels/train/RECHERCHE-004_x062976_y023040.txt
RECHERCHE-004_x064512_y023040,RECHERCHE-004,train,fold_0,64512,23040,2048,1024,True,1,1.0,yolo/images/train/RECHERCHE-004_x064512_y023040.jpg,segmentation/masks/train/RECHERCHE-004_x064512_y023040.png,yolo/labels/train/RECHERCHE-004_x064512_y023040.txt
RECHERCHE-004_x101376_y023040,RECHERCHE-004,train,fold_0,101376,23040,2048,1024,True,1,0.6686,yolo/images/train/RECHERCHE-004_x101376_y023040.jpg,segmentation/masks/train/RECHERCHE-004_x101376_y023040.png,yolo/labels/train/RECHERCHE-004_x101376_y023040.txt
RECHERCHE-004_x102912_y023040,RECHERCHE-004,train,fold_0,102912,23040,2048,1024,True,2,1.0,yolo/images/train/RECHERCHE-004_x102912_y023040.jpg,segmentation/masks/train/RECHERCHE-004_x102912_y023040.png,yolo/labels/train/RECHERCHE-004_x102912_y023040.txt
RECHERCHE-004_x104448_y023040,RECHERCHE-004,train,fold_0,104448,23040,2048,1024,True,1,0.8817,yolo/images/train/RECHERCHE-004_x104448_y023040.jpg,segmentation/masks/train/RECHERCHE-004_x104448_y023040.png,yolo/labels/train/RECHERCHE-004_x104448_y023040.txt
RECHERCHE-004_x061440_y024576,RECHERCHE-004,train,fold_0,61440,24576,2048,1024,True,2,0.6864,yolo/images/train/RECHERCHE-004_x061440_y024576.jpg,segmentation/masks/train/RECHERCHE-004_x061440_y024576.png,yolo/labels/train/RECHERCHE-004_x061440_y024576.txt
RECHERCHE-004_x064512_y024576,RECHERCHE-004,train,fold_0,64512,24576,2048,1024,True,2,0.929,yolo/images/train/RECHERCHE-004_x064512_y024576.jpg,segmentation/masks/train/RECHERCHE-004_x064512_y024576.png,yolo/labels/train/RECHERCHE-004_x064512_y024576.txt
RECHERCHE-004_x066048_y024576,RECHERCHE-004,train,fold_0,66048,24576,2048,1024,True,1,0.2899,yolo/images/train/RECHERCHE-004_x066048_y024576.jpg,segmentation/masks/train/RECHERCHE-004_x066048_y024576.png,yolo/labels/train/RECHERCHE-004_x066048_y024576.txt
RECHERCHE-004_x061440_y026112,RECHERCHE-004,train,fold_0,61440,26112,2048,1024,True,1,0.9586,yolo/images/train/RECHERCHE-004_x061440_y026112.jpg,segmentation/masks/train/RECHERCHE-004_x061440_y026112.png,yolo/labels/train/RECHERCHE-004_x061440_y026112.txt
RECHERCHE-004_x064512_y026112,RECHERCHE-004,train,fold_0,64512,26112,2048,1024,True,1,0.6095,yolo/images/train/RECHERCHE-004_x064512_y026112.jpg,segmentation/masks/train/RECHERCHE-004_x064512_y026112.png,yolo/labels/train/RECHERCHE-004_x064512_y026112.txt
RECHERCHE-004_x139776_y026112,RECHERCHE-004,train,fold_0,139776,26112,2048,1024,True,1,0.3195,yolo/images/train/RECHERCHE-004_x139776_y026112.jpg,segmentation/masks/train/RECHERCHE-004_x139776_y026112.png,yolo/labels/train/RECHERCHE-004_x139776_y026112.txt
RECHERCHE-004_x141312_y026112,RECHERCHE-004,train,fold_0,141312,26112,2048,1024,True,1,0.9586,yolo/images/train/RECHERCHE-004_x141312_y026112.jpg,segmentation/masks/train/RECHERCHE-004_x141312_y026112.png,yolo/labels/train/RECHERCHE-004_x141312_y026112.txt
RECHERCHE-004_x061440_y027648,RECHERCHE-004,train,fold_0,61440,27648,2048,1024,True,1,1.0,yolo/images/train/RECHERCHE-004_x061440_y027648.jpg,segmentation/masks/train/RECHERCHE-004_x061440_y027648.png,yolo/labels/train/RECHERCHE-004_x061440_y027648.txt
RECHERCHE-004_x062976_y027648,RECHERCHE-004,train,fold_0,62976,27648,2048,1024,True,1,0.8343,yolo/images/train/RECHERCHE-004_x062976_y027648.jpg,segmentation/masks/train/RECHERCHE-004_x062976_y027648.png,yolo/labels/train/RECHERCHE-004_x062976_y027648.txt
RECHERCHE-004_x019968_y029184,RECHERCHE-004,train,fold_0,19968,29184,2048,1024,True,1,0.1893,yolo/images/train/RECHERCHE-004_x019968_y029184.jpg,segmentation/masks/train/RECHERCHE-004_x019968_y029184.png,yolo/labels/train/RECHERCHE-004_x019968_y029184.txt
RECHERCHE-004_x021504_y029184,RECHERCHE-004,train,fold_0,21504,29184,2048,1024,True,1,0.7337,yolo/images/train/RECHERCHE-004_x021504_y029184.jpg,segmentation/masks/train/RECHERCHE-004_x021504_y029184.png,yolo/labels/train/RECHERCHE-004_x021504_y029184.txt
RECHERCHE-004_x058368_y029184,RECHERCHE-004,train,fold_0,58368,29184,2048,1024,True,1,0.4083,yolo/images/train/RECHERCHE-004_x058368_y029184.jpg,segmentation/masks/train/RECHERCHE-004_x058368_y029184.png,yolo/labels/train/RECHERCHE-004_x058368_y029184.txt
RECHERCHE-004_x059904_y029184,RECHERCHE-004,train,fold_0,59904,29184,2048,1024,True,2,0.9941,yolo/images/train/RECHERCHE-004_x059904_y029184.jpg,segmentation/masks/train/RECHERCHE-004_x059904_y029184.png,yolo/labels/train/RECHERCHE-004_x059904_y029184.txt
RECHERCHE-004_x061440_y029184,RECHERCHE-004,train,fold_0,61440,29184,2048,1024,True,1,1.0,yolo/images/train/RECHERCHE-004_x061440_y029184.jpg,segmentation/masks/train/RECHERCHE-004_x061440_y029184.png,yolo/labels/train/RECHERCHE-004_x061440_y029184.txt
RECHERCHE-004_x098304_y029184,RECHERCHE-004,train,fold_0,98304,29184,2048,1024,True,1,0.4911,yolo/images/train/RECHERCHE-004_x098304_y029184.jpg,segmentation/masks/train/RECHERCHE-004_x098304_y029184.png,yolo/labels/train/RECHERCHE-004_x098304_y029184.txt
RECHERCHE-004_x099840_y029184,RECHERCHE-004,train,fold_0,99840,29184,2048,1024,True,1,1.0,yolo/images/train/RECHERCHE-004_x099840_y029184.jpg,segmentation/masks/train/RECHERCHE-004_x099840_y029184.png,yolo/labels/train/RECHERCHE-004_x099840_y029184.txt
RECHERCHE-004_x019968_y030720,RECHERCHE-004,train,fold_0,19968,30720,2048,1024,True,1,0.5976,yolo/images/train/RECHERCHE-004_x019968_y030720.jpg,segmentation/masks/train/RECHERCHE-004_x019968_y030720.png,yolo/labels/train/RECHERCHE-004_x019968_y030720.txt
RECHERCHE-004_x021504_y030720,RECHERCHE-004,train,fold_0,21504,30720,2048,1024,True,1,0.9704,yolo/images/train/RECHERCHE-004_x021504_y030720.jpg,segmentation/masks/train/RECHERCHE-004_x021504_y030720.png,yolo/labels/train/RECHERCHE-004_x021504_y030720.txt
RECHERCHE-004_x059904_y030720,RECHERCHE-004,train,fold_0,59904,30720,2048,1024,True,1,1.0,yolo/images/train/RECHERCHE-004_x059904_y030720.jpg,segmentation/masks/train/RECHERCHE-004_x059904_y030720.png,yolo/labels/train/RECHERCHE-004_x059904_y030720.txt
RECHERCHE-004_x061440_y030720,RECHERCHE-004,train,fold_0,61440,30720,2048,1024,True,1,0.6982,yolo/images/train/RECHERCHE-004_x061440_y030720.jpg,segmentation/masks/train/RECHERCHE-004_x061440_y030720.png,yolo/labels/train/RECHERCHE-004_x061440_y030720.txt
RECHERCHE-004_x138240_y030720,RECHERCHE-004,train,fold_0,138240,30720,2048,1024,True,1,0.4083,yolo/images/train/RECHERCHE-004_x138240_y030720.jpg,segmentation/masks/train/RECHERCHE-004_x138240_y030720.png,yolo/labels/train/RECHERCHE-004_x138240_y030720.txt
RECHERCHE-004_x018432_y032256,RECHERCHE-004,train,fold_0,18432,32256,2048,1024,True,1,0.2426,yolo/images/train/RECHERCHE-004_x018432_y032256.jpg,segmentation/masks/train/RECHERCHE-004_x018432_y032256.png,yolo/labels/train/RECHERCHE-004_x018432_y032256.txt
RECHERCHE-004_x021504_y032256,RECHERCHE-004,train,fold_0,21504,32256,2048,1024,True,1,1.0,yolo/images/train/RECHERCHE-004_x021504_y032256.jpg,segmentation/masks/train/RECHERCHE-004_x021504_y032256.png,yolo/labels/train/RECHERCHE-004_x021504_y032256.txt
RECHERCHE-004_x138240_y032256,RECHERCHE-004,train,fold_0,138240,32256,2048,1024,True,1,0.8343,yolo/images/train/RECHERCHE-004_x138240_y032256.jpg,segmentation/masks/train/RECHERCHE-004_x138240_y032256.png,yolo/labels/train/RECHERCHE-004_x138240_y032256.txt
RECHERCHE-004_x139776_y032256,RECHERCHE-004,train,fold_0,139776,32256,2048,1024,True,1,0.9882,yolo/images/train/RECHERCHE-004_x139776_y032256.jpg,segmentation/masks/train/RECHERCHE-004_x139776_y032256.png,yolo/labels/train/RECHERCHE-004_x139776_y032256.txt
RECHERCHE-004_x018432_y033792,RECHERCHE-004,train,fold_0,18432,33792,2048,1024,True,2,0.6331,yolo/images/train/RECHERCHE-004_x018432_y033792.jpg,segmentation/masks/train/RECHERCHE-004_x018432_y033792.png,yolo/labels/train/RECHERCHE-004_x018432_y033792.txt
RECHERCHE-004_x019968_y033792,RECHERCHE-004,train,fold_0,19968,33792,2048,1024,True,1,1.0,yolo/images/train/RECHERCHE-004_x019968_y033792.jpg,segmentation/masks/train/RECHERCHE-004_x019968_y033792.png,yolo/labels/train/RECHERCHE-004_x019968_y033792.txt
RECHERCHE-004_x021504_y033792,RECHERCHE-004,train,fold_0,21504,33792,2048,1024,True,2,0.9527,yolo/images/train/RECHERCHE-004_x021504_y033792.jpg,segmentation/masks/train/RECHERCHE-004_x021504_y033792.png,yolo/labels/train/RECHERCHE-004_x021504_y033792.txt
RECHERCHE-004_x023040_y033792,RECHERCHE-004,train,fold_0,23040,33792,2048,1024,True,1,0.3136,yolo/images/train/RECHERCHE-004_x023040_y033792.jpg,segmentation/masks/train/RECHERCHE-004_x023040_y033792.png,yolo/labels/train/RECHERCHE-004_x023040_y033792.txt
RECHERCHE-004_x096768_y033792,RECHERCHE-004,train,fold_0,96768,33792,2048,1024,True,1,0.5444,yolo/images/train/RECHERCHE-004_x096768_y033792.jpg,segmentation/masks/train/RECHERCHE-004_x096768_y033792.png,yolo/labels/train/RECHERCHE-004_x096768_y033792.txt
RECHERCHE-004_x136704_y033792,RECHERCHE-004,train,fold_0,136704,33792,2048,1024,True,1,0.5976,yolo/images/train/RECHERCHE-004_x136704_y033792.jpg,segmentation/masks/train/RECHERCHE-004_x136704_y033792.png,yolo/labels/train/RECHERCHE-004_x136704_y033792.txt
RECHERCHE-004_x138240_y033792,RECHERCHE-004,train,fold_0,138240,33792,2048,1024,True,1,1.0,yolo/images/train/RECHERCHE-004_x138240_y033792.jpg,segmentation/masks/train/RECHERCHE-004_x138240_y033792.png,yolo/labels/train/RECHERCHE-004_x138240_y033792.txt
RECHERCHE-004_x139776_y033792,RECHERCHE-004,train,fold_0,139776,33792,2048,1024,True,1,0.858,yolo/images/train/RECHERCHE-004_x139776_y033792.jpg,segmentation/masks/train/RECHERCHE-004_x139776_y033792.png,yolo/labels/train/RECHERCHE-004_x139776_y033792.txt
RECHERCHE-004_x018432_y035328,RECHERCHE-004,train,fold_0,18432,35328,2048,1024,True,1,0.9053,yolo/images/train/RECHERCHE-004_x018432_y035328.jpg,segmentation/masks/train/RECHERCHE-004_x018432_y035328.png,yolo/labels/train/RECHERCHE-004_x018432_y035328.txt
RECHERCHE-004_x021504_y035328,RECHERCHE-004,train,fold_0,21504,35328,2048,1024,True,1,0.6568,yolo/images/train/RECHERCHE-004_x021504_y035328.jpg,segmentation/masks/train/RECHERCHE-004_x021504_y035328.png,yolo/labels/train/RECHERCHE-004_x021504_y035328.txt
RECHERCHE-004_x056832_y035328,RECHERCHE-004,train,fold_0,56832,35328,2048,1024,True,1,0.7811,yolo/images/train/RECHERCHE-004_x056832_y035328.jpg,segmentation/masks/train/RECHERCHE-004_x056832_y035328.png,yolo/labels/train/RECHERCHE-004_x056832_y035328.txt
RECHERCHE-004_x096768_y035328,RECHERCHE-004,train,fold_0,96768,35328,2048,1024,True,1,0.8876,yolo/images/train/RECHERCHE-004_x096768_y035328.jpg,segmentation/masks/train/RECHERCHE-004_x096768_y035328.png,yolo/labels/train/RECHERCHE-004_x096768_y035328.txt
RECHERCHE-004_x098304_y035328,RECHERCHE-004,train,fold_0,98304,35328,2048,1024,True,1,0.9941,yolo/images/train/RECHERCHE-004_x098304_y035328.jpg,segmentation/masks/train/RECHERCHE-004_x098304_y035328.png,yolo/labels/train/RECHERCHE-004_x098304_y035328.txt
RECHERCHE-004_x138240_y035328,RECHERCHE-004,train,fold_0,138240,35328,2048,1024,True,1,1.0,yolo/images/train/RECHERCHE-004_x138240_y035328.jpg,segmentation/masks/train/RECHERCHE-004_x138240_y035328.png,yolo/labels/train/RECHERCHE-004_x138240_y035328.txt
RECHERCHE-004_x018432_y036864,RECHERCHE-004,train,fold_0,18432,36864,2048,1024,True,1,1.0,yolo/images/train/RECHERCHE-004_x018432_y036864.jpg,segmentation/masks/train/RECHERCHE-004_x018432_y036864.png,yolo/labels/train/RECHERCHE-004_x018432_y036864.txt
RECHERCHE-004_x019968_y036864,RECHERCHE-004,train,fold_0,19968,36864,2048,1024,True,1,0.9231,yolo/images/train/RECHERCHE-004_x019968_y036864.jpg,segmentation/masks/train/RECHERCHE-004_x019968_y036864.png,yolo/labels/train/RECHERCHE-004_x019968_y036864.txt
RECHERCHE-004_x056832_y036864,RECHERCHE-004,train,fold_0,56832,36864,2048,1024,True,1,0.9467,yolo/images/train/RECHERCHE-004_x056832_y036864.jpg,segmentation/masks/train/RECHERCHE-004_x056832_y036864.png,yolo/labels/train/RECHERCHE-004_x056832_y036864.txt
RECHERCHE-004_x095232_y036864,RECHERCHE-004,train,fold_0,95232,36864,2048,1024,True,1,0.5917,yolo/images/train/RECHERCHE-004_x095232_y036864.jpg,segmentation/masks/train/RECHERCHE-004_x095232_y036864.png,yolo/labels/train/RECHERCHE-004_x095232_y036864.txt
RECHERCHE-004_x096768_y036864,RECHERCHE-004,train,fold_0,96768,36864,2048,1024,True,1,1.0,yolo/images/train/RECHERCHE-004_x096768_y036864.jpg,segmentation/masks/train/RECHERCHE-004_x096768_y036864.png,yolo/labels/train/RECHERCHE-004_x096768_y036864.txt
RECHERCHE-004_x098304_y036864,RECHERCHE-004,train,fold_0,98304,36864,2048,1024,True,1,0.9053,yolo/images/train/RECHERCHE-004_x098304_y036864.jpg,segmentation/masks/train/RECHERCHE-004_x098304_y036864.png,yolo/labels/train/RECHERCHE-004_x098304_y036864.txt
RECHERCHE-004_x133632_y036864,RECHERCHE-004,train,fold_0,133632,36864,2048,1024,True,1,0.2249,yolo/images/train/RECHERCHE-004_x133632_y036864.jpg,segmentation/masks/train/RECHERCHE-004_x133632_y036864.png,yolo/labels/train/RECHERCHE-004_x133632_y036864.txt
RECHERCHE-004_x135168_y036864,RECHERCHE-004,train,fold_0,135168,36864,2048,1024,True,1,0.8343,yolo/images/train/RECHERCHE-004_x135168_y036864.jpg,segmentation/masks/train/RECHERCHE-004_x135168_y036864.png,yolo/labels/train/RECHERCHE-004_x135168_y036864.txt
RECHERCHE-004_x136704_y036864,RECHERCHE-004,train,fold_0,136704,36864,2048,1024,True,1,1.0,yolo/images/train/RECHERCHE-004_x136704_y036864.jpg,segmentation/masks/train/RECHERCHE-004_x136704_y036864.png,yolo/labels/train/RECHERCHE-004_x136704_y036864.txt
RECHERCHE-004_x015360_y038400,RECHERCHE-004,train,fold_0,15360,38400,2048,1024,True,1,0.2189,yolo/images/train/RECHERCHE-004_x015360_y038400.jpg,segmentation/masks/train/RECHERCHE-004_x015360_y038400.png,yolo/labels/train/RECHERCHE-004_x015360_y038400.txt
RECHERCHE-004_x016896_y038400,RECHERCHE-004,train,fold_0,16896,38400,2048,1024,True,2,0.9349,yolo/images/train/RECHERCHE-004_x016896_y038400.jpg,segmentation/masks/train/RECHERCHE-004_x016896_y038400.png,yolo/labels/train/RECHERCHE-004_x016896_y038400.txt
RECHERCHE-004_x018432_y038400,RECHERCHE-004,train,fold_0,18432,38400,2048,1024,True,1,1.0,yolo/images/train/RECHERCHE-004_x018432_y038400.jpg,segmentation/masks/train/RECHERCHE-004_x018432_y038400.png,yolo/labels/train/RECHERCHE-004_x018432_y038400.txt
RECHERCHE-004_x093696_y038400,RECHERCHE-004,train,fold_0,93696,38400,2048,1024,True,1,0.3314,yolo/images/train/RECHERCHE-004_x093696_y038400.jpg,segmentation/masks/train/RECHERCHE-004_x093696_y038400.png,yolo/labels/train/RECHERCHE-004_x093696_y038400.txt
RECHERCHE-004_x095232_y038400,RECHERCHE-004,train,fold_0,95232,38400,2048,1024,True,1,0.9704,yolo/images/train/RECHERCHE-004_x095232_y038400.jpg,segmentation/masks/train/RECHERCHE-004_x095232_y038400.png,yolo/labels/train/RECHERCHE-004_x095232_y038400.txt
RECHERCHE-004_x132096_y038400,RECHERCHE-004,train,fold_0,132096,38400,2048,1024,True,1,0.1953,yolo/images/train/RECHERCHE-004_x132096_y038400.jpg,segmentation/masks/train/RECHERCHE-004_x132096_y038400.png,yolo/labels/train/RECHERCHE-004_x132096_y038400.txt
RECHERCHE-004_x133632_y038400,RECHERCHE-004,train,fold_0,133632,38400,2048,1024,True,2,0.8047,yolo/images/train/RECHERCHE-004_x133632_y038400.jpg,segmentation/masks/train/RECHERCHE-004_x133632_y038400.png,yolo/labels/train/RECHERCHE-004_x133632_y038400.txt
RECHERCHE-004_x135168_y038400,RECHERCHE-004,train,fold_0,135168,38400,2048,1024,True,1,1.0,yolo/images/train/RECHERCHE-004_x135168_y038400.jpg,segmentation/masks/train/RECHERCHE-004_x135168_y038400.png,yolo/labels/train/RECHERCHE-004_x135168_y038400.txt
RECHERCHE-004_x136704_y038400,RECHERCHE-004,train,fold_0,136704,38400,2048,1024,True,1,0.9763,yolo/images/train/RECHERCHE-004_x136704_y038400.jpg,segmentation/masks/train/RECHERCHE-004_x136704_y038400.png,yolo/labels/train/RECHERCHE-004_x136704_y038400.txt
RECHERCHE-004_x018432_y039936,RECHERCHE-004,train,fold_0,18432,39936,2048,1024,True,1,0.8047,yolo/images/train/RECHERCHE-004_x018432_y039936.jpg,segmentation/masks/train/RECHERCHE-004_x018432_y039936.png,yolo/labels/train/RECHERCHE-004_x018432_y039936.txt
RECHERCHE-004_x093696_y039936,RECHERCHE-004,train,fold_0,93696,39936,2048,1024,True,1,0.8047,yolo/images/train/RECHERCHE-004_x093696_y039936.jpg,segmentation/masks/train/RECHERCHE-004_x093696_y039936.png,yolo/labels/train/RECHERCHE-004_x093696_y039936.txt
RECHERCHE-004_x133632_y039936,RECHERCHE-004,train,fold_0,133632,39936,2048,1024,True,1,1.0,yolo/images/train/RECHERCHE-004_x133632_y039936.jpg,segmentation/masks/train/RECHERCHE-004_x133632_y039936.png,yolo/labels/train/RECHERCHE-004_x133632_y039936.txt
RECHERCHE-004_x135168_y039936,RECHERCHE-004,train,fold_0,135168,39936,2048,1024,True,1,0.9941,yolo/images/train/RECHERCHE-004_x135168_y039936.jpg,segmentation/masks/train/RECHERCHE-004_x135168_y039936.png,yolo/labels/train/RECHERCHE-004_x135168_y039936.txt
RECHERCHE-004_x015360_y041472,RECHERCHE-004,train,fold_0,15360,41472,2048,1024,True,1,0.6864,yolo/images/train/RECHERCHE-004_x015360_y041472.jpg,segmentation/masks/train/RECHERCHE-004_x015360_y041472.png,yolo/labels/train/RECHERCHE-004_x015360_y041472.txt
RECHERCHE-004_x053760_y041472,RECHERCHE-004,train,fold_0,53760,41472,2048,1024,True,1,0.2012,yolo/images/train/RECHERCHE-004_x053760_y041472.jpg,segmentation/masks/train/RECHERCHE-004_x053760_y041472.png,yolo/labels/train/RECHERCHE-004_x053760_y041472.txt
RECHERCHE-004_x055296_y041472,RECHERCHE-004,train,fold_0,55296,41472,2048,1024,True,2,0.8698,yolo/images/train/RECHERCHE-004_x055296_y041472.jpg,segmentation/masks/train/RECHERCHE-004_x055296_y041472.png,yolo/labels/train/RECHERCHE-004_x055296_y041472.txt
RECHERCHE-004_x092160_y041472,RECHERCHE-004,train,fold_0,92160,41472,2048,1024,True,2,0.6923,yolo/images/train/RECHERCHE-004_x092160_y041472.jpg,segmentation/masks/train/RECHERCHE-004_x092160_y041472.png,yolo/labels/train/RECHERCHE-004_x092160_y041472.txt
RECHERCHE-004_x093696_y041472,RECHERCHE-004,train,fold_0,93696,41472,2048,1024,True,1,1.0,yolo/images/train/RECHERCHE-004_x093696_y041472.jpg,segmentation/masks/train/RECHERCHE-004_x093696_y041472.png,yolo/labels/train/RECHERCHE-004_x093696_y041472.txt
RECHERCHE-004_x132096_y041472,RECHERCHE-004,train,fold_0,132096,41472,2048,1024,True,1,0.9822,yolo/images/train/RECHERCHE-004_x132096_y041472.jpg,segmentation/masks/train/RECHERCHE-004_x132096_y041472.png,yolo/labels/train/RECHERCHE-004_x132096_y041472.txt
RECHERCHE-004_x133632_y041472,RECHERCHE-004,train,fold_0,133632,41472,2048,1024,True,2,0.9822,yolo/images/train/RECHERCHE-004_x133632_y041472.jpg,segmentation/masks/train/RECHERCHE-004_x133632_y041472.png,yolo/labels/train/RECHERCHE-004_x133632_y041472.txt
RECHERCHE-004_x135168_y041472,RECHERCHE-004,train,fold_0,135168,41472,2048,1024,True,2,0.6272,yolo/images/train/RECHERCHE-004_x135168_y041472.jpg,segmentation/masks/train/RECHERCHE-004_x135168_y041472.png,yolo/labels/train/RECHERCHE-004_x135168_y041472.txt
RECHERCHE-004_x055296_y043008,RECHERCHE-004,train,fold_0,55296,43008,2048,1024,True,1,1.0,yolo/images/train/RECHERCHE-004_x055296_y043008.jpg,segmentation/masks/train/RECHERCHE-004_x055296_y043008.png,yolo/labels/train/RECHERCHE-004_x055296_y043008.txt
RECHERCHE-004_x056832_y043008,RECHERCHE-004,train,fold_0,56832,43008,2048,1024,True,1,0.7692,yolo/images/train/RECHERCHE-004_x056832_y043008.jpg,segmentation/masks/train/RECHERCHE-004_x056832_y043008.png,yolo/labels/train/RECHERCHE-004_x056832_y043008.txt
RECHERCHE-004_x092160_y043008,RECHERCHE-004,train,fold_0,92160,43008,2048,1024,True,1,1.0,yolo/images/train/RECHERCHE-004_x092160_y043008.jpg,segmentation/masks/train/RECHERCHE-004_x092160_y043008.png,yolo/labels/train/RECHERCHE-004_x092160_y043008.txt
RECHERCHE-004_x093696_y043008,RECHERCHE-004,train,fold_0,93696,43008,2048,1024,True,1,0.9882,yolo/images/train/RECHERCHE-004_x093696_y043008.jpg,segmentation/masks/train/RECHERCHE-004_x093696_y043008.png,yolo/labels/train/RECHERCHE-004_x093696_y043008.txt
RECHERCHE-004_x013824_y044544,RECHERCHE-004,train,fold_0,13824,44544,2048,1024,True,1,0.5089,yolo/images/train/RECHERCHE-004_x013824_y044544.jpg,segmentation/masks/train/RECHERCHE-004_x013824_y044544.png,yolo/labels/train/RECHERCHE-004_x013824_y044544.txt
RECHERCHE-004_x015360_y044544,RECHERCHE-004,train,fold_0,15360,44544,2048,1024,True,1,1.0,yolo/images/train/RECHERCHE-004_x015360_y044544.jpg,segmentation/masks/train/RECHERCHE-004_x015360_y044544.png,yolo/labels/train/RECHERCHE-004_x015360_y044544.txt
RECHERCHE-004_x052224_y044544,RECHERCHE-004,train,fold_0,52224,44544,2048,1024,True,1,0.2012,yolo/images/train/RECHERCHE-004_x052224_y044544.jpg,segmentation/masks/train/RECHERCHE-004_x052224_y044544.png,yolo/labels/train/RECHERCHE-004_x052224_y044544.txt
RECHERCHE-004_x053760_y044544,RECHERCHE-004,train,fold_0,53760,44544,2048,1024,True,2,0.8757,yolo/images/train/RECHERCHE-004_x053760_y044544.jpg,segmentation/masks/train/RECHERCHE-004_x053760_y044544.png,yolo/labels/train/RECHERCHE-004_x053760_y044544.txt
RECHERCHE-004_x055296_y044544,RECHERCHE-004,train,fold_0,55296,44544,2048,1024,True,1,1.0,yolo/images/train/RECHERCHE-004_x055296_y044544.jpg,segmentation/masks/train/RECHERCHE-004_x055296_y044544.png,yolo/labels/train/RECHERCHE-004_x055296_y044544.txt
RECHERCHE-004_x090624_y044544,RECHERCHE-004,train,fold_0,90624,44544,2048,1024,True,1,0.9231,yolo/images/train/RECHERCHE-004_x090624_y044544.jpg,segmentation/masks/train/RECHERCHE-004_x090624_y044544.png,yolo/labels/train/RECHERCHE-004_x090624_y044544.txt
RECHERCHE-004_x092160_y044544,RECHERCHE-004,train,fold_0,92160,44544,2048,1024,True,2,0.9882,yolo/images/train/RECHERCHE-004_x092160_y044544.jpg,segmentation/masks/train/RECHERCHE-004_x092160_y044544.png,yolo/labels/train/RECHERCHE-004_x092160_y044544.txt
RECHERCHE-004_x093696_y044544,RECHERCHE-004,train,fold_0,93696,44544,2048,1024,True,2,0.716,yolo/images/train/RECHERCHE-004_x093696_y044544.jpg,segmentation/masks/train/RECHERCHE-004_x093696_y044544.png,yolo/labels/train/RECHERCHE-004_x093696_y044544.txt
RECHERCHE-004_x013824_y046080,RECHERCHE-004,train,fold_0,13824,46080,2048,1024,True,1,0.6746,yolo/images/train/RECHERCHE-004_x013824_y046080.jpg,segmentation/masks/train/RECHERCHE-004_x013824_y046080.png,yolo/labels/train/RECHERCHE-004_x013824_y046080.txt
RECHERCHE-004_x015360_y046080,RECHERCHE-004,train,fold_0,15360,46080,2048,1024,True,1,1.0,yolo/images/train/RECHERCHE-004_x015360_y046080.jpg,segmentation/masks/train/RECHERCHE-004_x015360_y046080.png,yolo/labels/train/RECHERCHE-004_x015360_y046080.txt
RECHERCHE-004_x052224_y046080,RECHERCHE-004,train,fold_0,52224,46080,2048,1024,True,1,0.5799,yolo/images/train/RECHERCHE-004_x052224_y046080.jpg,segmentation/masks/train/RECHERCHE-004_x052224_y046080.png,yolo/labels/train/RECHERCHE-004_x052224_y046080.txt
RECHERCHE-004_x053760_y046080,RECHERCHE-004,train,fold_0,53760,46080,2048,1024,True,1,1.0,yolo/images/train/RECHERCHE-004_x053760_y046080.jpg,segmentation/masks/train/RECHERCHE-004_x053760_y046080.png,yolo/labels/train/RECHERCHE-004_x053760_y046080.txt
RECHERCHE-004_x050688_y047616,RECHERCHE-004,train,fold_0,50688,47616,2048,1024,True,1,0.2722,yolo/images/train/RECHERCHE-004_x050688_y047616.jpg,segmentation/masks/train/RECHERCHE-004_x050688_y047616.png,yolo/labels/train/RECHERCHE-004_x050688_y047616.txt
RECHERCHE-004_x052224_y047616,RECHERCHE-004,train,fold_0,52224,47616,2048,1024,True,1,0.9408,yolo/images/train/RECHERCHE-004_x052224_y047616.jpg,segmentation/masks/train/RECHERCHE-004_x052224_y047616.png,yolo/labels/train/RECHERCHE-004_x052224_y047616.txt
RECHERCHE-004_x053760_y047616,RECHERCHE-004,train,fold_0,53760,47616,2048,1024,True,1,1.0,yolo/images/train/RECHERCHE-004_x053760_y047616.jpg,segmentation/masks/train/RECHERCHE-004_x053760_y047616.png,yolo/labels/train/RECHERCHE-004_x053760_y047616.txt
RECHERCHE-004_x012288_y049152,RECHERCHE-004,train,fold_0,12288,49152,2048,1024,True,1,0.1775,yolo/images/train/RECHERCHE-004_x012288_y049152.jpg,segmentation/masks/train/RECHERCHE-004_x012288_y049152.png,yolo/labels/train/RECHERCHE-004_x012288_y049152.txt
RECHERCHE-004_x050688_y049152,RECHERCHE-004,train,fold_0,50688,49152,2048,1024,True,1,0.7574,yolo/images/train/RECHERCHE-004_x050688_y049152.jpg,segmentation/masks/train/RECHERCHE-004_x050688_y049152.png,yolo/labels/train/RECHERCHE-004_x050688_y049152.txt
RECHERCHE-004_x052224_y049152,RECHERCHE-004,train,fold_0,52224,49152,2048,1024,True,1,1.0,yolo/images/train/RECHERCHE-004_x052224_y049152.jpg,segmentation/masks/train/RECHERCHE-004_x052224_y049152.png,yolo/labels/train/RECHERCHE-004_x052224_y049152.txt
RECHERCHE-004_x012288_y050688,RECHERCHE-004,train,fold_0,12288,50688,2048,1024,True,1,0.5799,yolo/images/train/RECHERCHE-004_x012288_y050688.jpg,segmentation/masks/train/RECHERCHE-004_x012288_y050688.png,yolo/labels/train/RECHERCHE-004_x012288_y050688.txt
RECHERCHE-004_x013824_y050688,RECHERCHE-004,train,fold_0,13824,50688,2048,1024,True,1,1.0,yolo/images/train/RECHERCHE-004_x013824_y050688.jpg,segmentation/masks/train/RECHERCHE-004_x013824_y050688.png,yolo/labels/train/RECHERCHE-004_x013824_y050688.txt
RECHERCHE-004_x050688_y050688,RECHERCHE-004,train,fold_0,50688,50688,2048,1024,True,1,1.0,yolo/images/train/RECHERCHE-004_x050688_y050688.jpg,segmentation/masks/train/RECHERCHE-004_x050688_y050688.png,yolo/labels/train/RECHERCHE-004_x050688_y050688.txt
RECHERCHE-004_x052224_y050688,RECHERCHE-004,train,fold_0,52224,50688,2048,1024,True,1,0.9822,yolo/images/train/RECHERCHE-004_x052224_y050688.jpg,segmentation/masks/train/RECHERCHE-004_x052224_y050688.png,yolo/labels/train/RECHERCHE-004_x052224_y050688.txt
RECHERCHE-004_x012288_y052224,RECHERCHE-004,train,fold_0,12288,52224,2048,1024,True,1,0.8639,yolo/images/train/RECHERCHE-004_x012288_y052224.jpg,segmentation/masks/train/RECHERCHE-004_x012288_y052224.png,yolo/labels/train/RECHERCHE-004_x012288_y052224.txt
RECHERCHE-004_x013824_y052224,RECHERCHE-004,train,fold_0,13824,52224,2048,1024,True,1,1.0,yolo/images/train/RECHERCHE-004_x013824_y052224.jpg,segmentation/masks/train/RECHERCHE-004_x013824_y052224.png,yolo/labels/train/RECHERCHE-004_x013824_y052224.txt
RECHERCHE-004_x050688_y052224,RECHERCHE-004,train,fold_0,50688,52224,2048,1024,True,1,0.9941,yolo/images/train/RECHERCHE-004_x050688_y052224.jpg,segmentation/masks/train/RECHERCHE-004_x050688_y052224.png,yolo/labels/train/RECHERCHE-004_x050688_y052224.txt
RECHERCHE-004_x010752_y053760,RECHERCHE-004,train,fold_0,10752,53760,2048,1024,True,2,0.6331,yolo/images/train/RECHERCHE-004_x010752_y053760.jpg,segmentation/masks/train/RECHERCHE-004_x010752_y053760.png,yolo/labels/train/RECHERCHE-004_x010752_y053760.txt
RECHERCHE-004_x012288_y053760,RECHERCHE-004,train,fold_0,12288,53760,2048,1024,True,1,1.0,yolo/images/train/RECHERCHE-004_x012288_y053760.jpg,segmentation/masks/train/RECHERCHE-004_x012288_y053760.png,yolo/labels/train/RECHERCHE-004_x012288_y053760.txt
RECHERCHE-004_x010752_y055296,RECHERCHE-004,train,fold_0,10752,55296,2048,1024,True,1,0.929,yolo/images/train/RECHERCHE-004_x010752_y055296.jpg,segmentation/masks/train/RECHERCHE-004_x010752_y055296.png,yolo/labels/train/RECHERCHE-004_x010752_y055296.txt
RECHERCHE-004_x009216_y056832,RECHERCHE-004,train,fold_0,9216,56832,2048,1024,True,1,0.6805,yolo/images/train/RECHERCHE-004_x009216_y056832.jpg,segmentation/masks/train/RECHERCHE-004_x009216_y056832.png,yolo/labels/train/RECHERCHE-004_x009216_y056832.txt
RECHERCHE-004_x010752_y056832,RECHERCHE-004,train,fold_0,10752,56832,2048,1024,True,2,1.0,yolo/images/train/RECHERCHE-004_x010752_y056832.jpg,segmentation/masks/train/RECHERCHE-004_x010752_y056832.png,yolo/labels/train/RECHERCHE-004_x010752_y056832.txt
RECHERCHE-004_x012288_y056832,RECHERCHE-004,train,fold_0,12288,56832,2048,1024,True,1,1.0,yolo/images/train/RECHERCHE-004_x012288_y056832.jpg,segmentation/masks/train/RECHERCHE-004_x012288_y056832.png,yolo/labels/train/RECHERCHE-004_x012288_y056832.txt
RECHERCHE-004_x007680_y058368,RECHERCHE-004,train,fold_0,7680,58368,2048,1024,True,1,0.4615,yolo/images/train/RECHERCHE-004_x007680_y058368.jpg,segmentation/masks/train/RECHERCHE-004_x007680_y058368.png,yolo/labels/train/RECHERCHE-004_x007680_y058368.txt
RECHERCHE-004_x009216_y058368,RECHERCHE-004,train,fold_0,9216,58368,2048,1024,True,1,0.9882,yolo/images/train/RECHERCHE-004_x009216_y058368.jpg,segmentation/masks/train/RECHERCHE-004_x009216_y058368.png,yolo/labels/train/RECHERCHE-004_x009216_y058368.txt
RECHERCHE-004_x010752_y058368,RECHERCHE-004,train,fold_0,10752,58368,2048,1024,True,1,0.9941,yolo/images/train/RECHERCHE-004_x010752_y058368.jpg,segmentation/masks/train/RECHERCHE-004_x010752_y058368.png,yolo/labels/train/RECHERCHE-004_x010752_y058368.txt
RECHERCHE-004_x007680_y059904,RECHERCHE-004,train,fold_0,7680,59904,2048,1024,True,2,0.8994,yolo/images/train/RECHERCHE-004_x007680_y059904.jpg,segmentation/masks/train/RECHERCHE-004_x007680_y059904.png,yolo/labels/train/RECHERCHE-004_x007680_y059904.txt
RECHERCHE-004_x009216_y059904,RECHERCHE-004,train,fold_0,9216,59904,2048,1024,True,2,1.0,yolo/images/train/RECHERCHE-004_x009216_y059904.jpg,segmentation/masks/train/RECHERCHE-004_x009216_y059904.png,yolo/labels/train/RECHERCHE-004_x009216_y059904.txt
RECHERCHE-004_x010752_y059904,RECHERCHE-004,train,fold_0,10752,59904,2048,1024,True,1,0.7574,yolo/images/train/RECHERCHE-004_x010752_y059904.jpg,segmentation/masks/train/RECHERCHE-004_x010752_y059904.png,yolo/labels/train/RECHERCHE-004_x010752_y059904.txt
RECHERCHE-004_x009216_y061440,RECHERCHE-004,train,fold_0,9216,61440,2048,1024,True,1,0.9053,yolo/images/train/RECHERCHE-004_x009216_y061440.jpg,segmentation/masks/train/RECHERCHE-004_x009216_y061440.png,yolo/labels/train/RECHERCHE-004_x009216_y061440.txt
RECHERCHE-004_x016896_y035328,RECHERCHE-004,train,fold_0,16896,35328,2048,1024,False,0,0.2485,yolo/images/train/RECHERCHE-004_x016896_y035328.jpg,segmentation/masks/train/RECHERCHE-004_x016896_y035328.png,yolo/labels/train/RECHERCHE-004_x016896_y035328.txt
RECHERCHE-004_x099840_y026112,RECHERCHE-004,train,fold_0,99840,26112,2048,1024,False,0,0.6272,yolo/images/train/RECHERCHE-004_x099840_y026112.jpg,segmentation/masks/train/RECHERCHE-004_x099840_y026112.png,yolo/labels/train/RECHERCHE-004_x099840_y026112.txt
RECHERCHE-004_x098304_y038400,RECHERCHE-004,train,fold_0,98304,38400,2048,1024,False,0,0.6864,yolo/images/train/RECHERCHE-004_x098304_y038400.jpg,segmentation/masks/train/RECHERCHE-004_x098304_y038400.png,yolo/labels/train/RECHERCHE-004_x098304_y038400.txt
RECHERCHE-004_x015360_y047616,RECHERCHE-004,train,fold_0,15360,47616,2048,1024,False,0,0.7633,yolo/images/train/RECHERCHE-004_x015360_y047616.jpg,segmentation/masks/train/RECHERCHE-004_x015360_y047616.png,yolo/labels/train/RECHERCHE-004_x015360_y047616.txt
RECHERCHE-004_x096768_y039936,RECHERCHE-004,train,fold_0,96768,39936,2048,1024,False,0,1.0,yolo/images/train/RECHERCHE-004_x096768_y039936.jpg,segmentation/masks/train/RECHERCHE-004_x096768_y039936.png,yolo/labels/train/RECHERCHE-004_x096768_y039936.txt
RECHERCHE-004_x152064_y013824,RECHERCHE-004,train,fold_0,152064,13824,2048,1024,False,0,0.8876,yolo/images/train/RECHERCHE-004_x152064_y013824.jpg,segmentation/masks/train/RECHERCHE-004_x152064_y013824.png,yolo/labels/train/RECHERCHE-004_x152064_y013824.txt
RECHERCHE-004_x061440_y032256,RECHERCHE-004,train,fold_0,61440,32256,2048,1024,False,0,0.2426,yolo/images/train/RECHERCHE-004_x061440_y032256.jpg,segmentation/masks/train/RECHERCHE-004_x061440_y032256.png,yolo/labels/train/RECHERCHE-004_x061440_y032256.txt
RECHERCHE-004_x059904_y010752,RECHERCHE-004,train,fold_0,59904,10752,2048,1024,False,0,0.2189,yolo/images/train/RECHERCHE-004_x059904_y010752.jpg,segmentation/masks/train/RECHERCHE-004_x059904_y010752.png,yolo/labels/train/RECHERCHE-004_x059904_y010752.txt
RECHERCHE-004_x049152_y053760,RECHERCHE-004,train,fold_0,49152,53760,2048,1024,False,0,0.9527,yolo/images/train/RECHERCHE-004_x049152_y053760.jpg,segmentation/masks/train/RECHERCHE-004_x049152_y053760.png,yolo/labels/train/RECHERCHE-004_x049152_y053760.txt
RECHERCHE-004_x142848_y023040,RECHERCHE-004,train,fold_0,142848,23040,2048,1024,False,0,0.9645,yolo/images/train/RECHERCHE-004_x142848_y023040.jpg,segmentation/masks/train/RECHERCHE-004_x142848_y023040.png,yolo/labels/train/RECHERCHE-004_x142848_y023040.txt
RECHERCHE-004_x023040_y024576,RECHERCHE-004,train,fold_0,23040,24576,2048,1024,False,0,0.3195,yolo/images/train/RECHERCHE-004_x023040_y024576.jpg,segmentation/masks/train/RECHERCHE-004_x023040_y024576.png,yolo/labels/train/RECHERCHE-004_x023040_y024576.txt
RECHERCHE-004_x089088_y049152,RECHERCHE-004,train,fold_0,89088,49152,2048,1024,False,0,0.4142,yolo/images/train/RECHERCHE-004_x089088_y049152.jpg,segmentation/masks/train/RECHERCHE-004_x089088_y049152.png,yolo/labels/train/RECHERCHE-004_x089088_y049152.txt
RECHERCHE-004_x049152_y056832,RECHERCHE-004,train,fold_0,49152,56832,2048,1024,False,0,0.1953,yolo/images/train/RECHERCHE-004_x049152_y056832.jpg,segmentation/masks/train/RECHERCHE-004_x049152_y056832.png,yolo/labels/train/RECHERCHE-004_x049152_y056832.txt
RECHERCHE-004_x135168_y035328,RECHERCHE-004,train,fold_0,135168,35328,2048,1024,False,0,0.3846,yolo/images/train/RECHERCHE-004_x135168_y035328.jpg,segmentation/masks/train/RECHERCHE-004_x135168_y035328.png,yolo/labels/train/RECHERCHE-004_x135168_y035328.txt
RECHERCHE-004_x105984_y023040,RECHERCHE-004,train,fold_0,105984,23040,2048,1024,False,0,0.2485,yolo/images/train/RECHERCHE-004_x105984_y023040.jpg,segmentation/masks/train/RECHERCHE-004_x105984_y023040.png,yolo/labels/train/RECHERCHE-004_x105984_y023040.txt
RECHERCHE-004_x007680_y064512,RECHERCHE-004,train,fold_0,7680,64512,2048,1024,False,0,0.213,yolo/images/train/RECHERCHE-004_x007680_y064512.jpg,segmentation/masks/train/RECHERCHE-004_x007680_y064512.png,yolo/labels/train/RECHERCHE-004_x007680_y064512.txt
RECHERCHE-004_x007680_y062976,RECHERCHE-004,train,fold_0,7680,62976,2048,1024,False,0,0.8047,yolo/images/train/RECHERCHE-004_x007680_y062976.jpg,segmentation/masks/train/RECHERCHE-004_x007680_y062976.png,yolo/labels/train/RECHERCHE-004_x007680_y062976.txt
RECHERCHE-004_x056832_y047616,RECHERCHE-004,train,fold_0,56832,47616,2048,1024,False,0,0.2485,yolo/images/train/RECHERCHE-004_x056832_y047616.jpg,segmentation/masks/train/RECHERCHE-004_x056832_y047616.png,yolo/labels/train/RECHERCHE-004_x056832_y047616.txt
RECHERCHE-004_x141312_y030720,RECHERCHE-004,train,fold_0,141312,30720,2048,1024,False,0,0.5621,yolo/images/train/RECHERCHE-004_x141312_y030720.jpg,segmentation/masks/train/RECHERCHE-004_x141312_y030720.png,yolo/labels/train/RECHERCHE-004_x141312_y030720.txt
RECHERCHE-004_x089088_y047616,RECHERCHE-004,train,fold_0,89088,47616,2048,1024,False,0,0.8402,yolo/images/train/RECHERCHE-004_x089088_y047616.jpg,segmentation/masks/train/RECHERCHE-004_x089088_y047616.png,yolo/labels/train/RECHERCHE-004_x089088_y047616.txt
RECHERCHE-004_x110592_y015360,RECHERCHE-004,train,fold_0,110592,15360,2048,1024,False,0,0.1834,yolo/images/train/RECHERCHE-004_x110592_y015360.jpg,segmentation/masks/train/RECHERCHE-004_x110592_y015360.png,yolo/labels/train/RECHERCHE-004_x110592_y015360.txt
RECHERCHE-004_x132096_y043008,RECHERCHE-004,train,fold_0,132096,43008,2048,1024,False,0,0.8757,yolo/images/train/RECHERCHE-004_x132096_y043008.jpg,segmentation/masks/train/RECHERCHE-004_x132096_y043008.png,yolo/labels/train/RECHERCHE-004_x132096_y043008.txt
RECHERCHE-004_x099840_y030720,RECHERCHE-004,train,fold_0,99840,30720,2048,1024,False,0,0.9704,yolo/images/train/RECHERCHE-004_x099840_y030720.jpg,segmentation/masks/train/RECHERCHE-004_x099840_y030720.png,yolo/labels/train/RECHERCHE-004_x099840_y030720.txt
RECHERCHE-004_x090624_y046080,RECHERCHE-004,train,fold_0,90624,46080,2048,1024,False,0,0.8935,yolo/images/train/RECHERCHE-004_x090624_y046080.jpg,segmentation/masks/train/RECHERCHE-004_x090624_y046080.png,yolo/labels/train/RECHERCHE-004_x090624_y046080.txt
RECHERCHE-004_x102912_y026112,RECHERCHE-004,train,fold_0,102912,26112,2048,1024,False,0,0.3669,yolo/images/train/RECHERCHE-004_x102912_y026112.jpg,segmentation/masks/train/RECHERCHE-004_x102912_y026112.png,yolo/labels/train/RECHERCHE-004_x102912_y026112.txt
RECHERCHE-004_x010752_y061440,RECHERCHE-004,train,fold_0,10752,61440,2048,1024,False,0,0.2899,yolo/images/train/RECHERCHE-004_x010752_y061440.jpg,segmentation/masks/train/RECHERCHE-004_x010752_y061440.png,yolo/labels/train/RECHERCHE-004_x010752_y061440.txt
RECHERCHE-004_x058368_y039936,RECHERCHE-004,train,fold_0,58368,39936,2048,1024,False,0,0.2071,yolo/images/train/RECHERCHE-004_x058368_y039936.jpg,segmentation/masks/train/RECHERCHE-004_x058368_y039936.png,yolo/labels/train/RECHERCHE-004_x058368_y039936.txt
RECHERCHE-004_x059904_y032256,RECHERCHE-004,train,fold_0,59904,32256,2048,1024,False,0,0.8876,yolo/images/train/RECHERCHE-004_x059904_y032256.jpg,segmentation/masks/train/RECHERCHE-004_x059904_y032256.png,yolo/labels/train/RECHERCHE-004_x059904_y032256.txt
RECHERCHE-004_x061440_y009216,RECHERCHE-004,train,fold_0,61440,9216,2048,1024,False,0,0.284,yolo/images/train/RECHERCHE-004_x061440_y009216.jpg,segmentation/masks/train/RECHERCHE-004_x061440_y009216.png,yolo/labels/train/RECHERCHE-004_x061440_y009216.txt
RECHERCHE-004_x056832_y032256,RECHERCHE-004,train,fold_0,56832,32256,2048,1024,False,0,0.1598,yolo/images/train/RECHERCHE-004_x056832_y032256.jpg,segmentation/masks/train/RECHERCHE-004_x056832_y032256.png,yolo/labels/train/RECHERCHE-004_x056832_y032256.txt
RECHERCHE-004_x141312_y027648,RECHERCHE-004,train,fold_0,141312,27648,2048,1024,False,0,1.0,yolo/images/train/RECHERCHE-004_x141312_y027648.jpg,segmentation/masks/train/RECHERCHE-004_x141312_y027648.png,yolo/labels/train/RECHERCHE-004_x141312_y027648.txt
RECHERCHE-004_x141312_y033792,RECHERCHE-004,train,fold_0,141312,33792,2048,1024,False,0,0.1657,yolo/images/train/RECHERCHE-004_x141312_y033792.jpg,segmentation/masks/train/RECHERCHE-004_x141312_y033792.png,yolo/labels/train/RECHERCHE-004_x141312_y033792.txt
RECHERCHE-004_x006144_y064512,RECHERCHE-004,train,fold_0,6144,64512,2048,1024,False,0,0.858,yolo/images/train/RECHERCHE-004_x006144_y064512.jpg,segmentation/masks/train/RECHERCHE-004_x006144_y064512.png,yolo/labels/train/RECHERCHE-004_x006144_y064512.txt
RECHERCHE-004_x059904_y035328,RECHERCHE-004,train,fold_0,59904,35328,2048,1024,False,0,0.3373,yolo/images/train/RECHERCHE-004_x059904_y035328.jpg,segmentation/masks/train/RECHERCHE-004_x059904_y035328.png,yolo/labels/train/RECHERCHE-004_x059904_y035328.txt
RECHERCHE-004_x016896_y019968,RECHERCHE-004,train,fold_0,16896,19968,2048,1024,False,0,0.7929,yolo/images/train/RECHERCHE-004_x016896_y019968.jpg,segmentation/masks/train/RECHERCHE-004_x016896_y019968.png,yolo/labels/train/RECHERCHE-004_x016896_y019968.txt
RECHERCHE-004_x013824_y056832,RECHERCHE-004,train,fold_0,13824,56832,2048,1024,False,0,0.6213,yolo/images/train/RECHERCHE-004_x013824_y056832.jpg,segmentation/masks/train/RECHERCHE-004_x013824_y056832.png,yolo/labels/train/RECHERCHE-004_x013824_y056832.txt
RECHERCHE-004_x013824_y049152,RECHERCHE-004,train,fold_0,13824,49152,2048,1024,False,0,0.9053,yolo/images/train/RECHERCHE-004_x013824_y049152.jpg,segmentation/masks/train/RECHERCHE-004_x013824_y049152.png,yolo/labels/train/RECHERCHE-004_x013824_y049152.txt
RECHERCHE-004_x062976_y012288,RECHERCHE-004,train,fold_0,62976,12288,2048,1024,False,0,0.8225,yolo/images/train/RECHERCHE-004_x062976_y012288.jpg,segmentation/masks/train/RECHERCHE-004_x062976_y012288.png,yolo/labels/train/RECHERCHE-004_x062976_y012288.txt
RECHERCHE-004_x009216_y055296,RECHERCHE-004,train,fold_0,9216,55296,2048,1024,False,0,0.213,yolo/images/train/RECHERCHE-004_x009216_y055296.jpg,segmentation/masks/train/RECHERCHE-004_x009216_y055296.png,yolo/labels/train/RECHERCHE-004_x009216_y055296.txt
RECHERCHE-004_x109056_y013824,RECHERCHE-004,train,fold_0,109056,13824,2048,1024,False,0,0.1834,yolo/images/train/RECHERCHE-004_x109056_y013824.jpg,segmentation/masks/train/RECHERCHE-004_x109056_y013824.png,yolo/labels/train/RECHERCHE-004_x109056_y013824.txt
RECHERCHE-004_x129024_y044544,RECHERCHE-004,train,fold_0,129024,44544,2048,1024,False,0,0.2663,yolo/images/train/RECHERCHE-004_x129024_y044544.jpg,segmentation/masks/train/RECHERCHE-004_x129024_y044544.png,yolo/labels/train/RECHERCHE-004_x129024_y044544.txt
RECHERCHE-004_x018432_y019968,RECHERCHE-004,train,fold_0,18432,19968,2048,1024,False,0,0.9763,yolo/images/train/RECHERCHE-004_x018432_y019968.jpg,segmentation/masks/train/RECHERCHE-004_x018432_y019968.png,yolo/labels/train/RECHERCHE-004_x018432_y019968.txt
RECHERCHE-004_x015360_y050688,RECHERCHE-004,train,fold_0,15360,50688,2048,1024,False,0,0.4615,yolo/images/train/RECHERCHE-004_x015360_y050688.jpg,segmentation/masks/train/RECHERCHE-004_x015360_y050688.png,yolo/labels/train/RECHERCHE-004_x015360_y050688.txt
RECHERCHE-004_x101376_y026112,RECHERCHE-004,train,fold_0,101376,26112,2048,1024,False,0,0.9645,yolo/images/train/RECHERCHE-004_x101376_y026112.jpg,segmentation/masks/train/RECHERCHE-004_x101376_y026112.png,yolo/labels/train/RECHERCHE-004_x101376_y026112.txt
RECHERCHE-004_x095232_y039936,RECHERCHE-004,train,fold_0,95232,39936,2048,1024,False,0,1.0,yolo/images/train/RECHERCHE-004_x095232_y039936.jpg,segmentation/masks/train/RECHERCHE-004_x095232_y039936.png,yolo/labels/train/RECHERCHE-004_x095232_y039936.txt
RECHERCHE-004_x019968_y019968,RECHERCHE-004,train,fold_0,19968,19968,2048,1024,False,0,1.0,yolo/images/train/RECHERCHE-004_x019968_y019968.jpg,segmentation/masks/train/RECHERCHE-004_x019968_y019968.png,yolo/labels/train/RECHERCHE-004_x019968_y019968.txt
RECHERCHE-004_x056832_y038400,RECHERCHE-004,train,fold_0,56832,38400,2048,1024,False,0,1.0,yolo/images/train/RECHERCHE-004_x056832_y038400.jpg,segmentation/masks/train/RECHERCHE-004_x056832_y038400.png,yolo/labels/train/RECHERCHE-004_x056832_y038400.txt
RECHERCHE-004_x055296_y046080,RECHERCHE-004,train,fold_0,55296,46080,2048,1024,False,0,1.0,yolo/images/train/RECHERCHE-004_x055296_y046080.jpg,segmentation/masks/train/RECHERCHE-004_x055296_y046080.png,yolo/labels/train/RECHERCHE-004_x055296_y046080.txt
RECHERCHE-004_x152064_y012288,RECHERCHE-004,train,fold_0,152064,12288,2048,1024,False,0,0.4379,yolo/images/train/RECHERCHE-004_x152064_y012288.jpg,segmentation/masks/train/RECHERCHE-004_x152064_y012288.png,yolo/labels/train/RECHERCHE-004_x152064_y012288.txt
RECHERCHE-004_x092160_y046080,RECHERCHE-004,train,fold_0,92160,46080,2048,1024,False,0,0.432,yolo/images/train/RECHERCHE-004_x092160_y046080.jpg,segmentation/masks/train/RECHERCHE-004_x092160_y046080.png,yolo/labels/train/RECHERCHE-004_x092160_y046080.txt
RECHERCHE-004_x050688_y053760,RECHERCHE-004,train,fold_0,50688,53760,2048,1024,False,0,0.4675,yolo/images/train/RECHERCHE-004_x050688_y053760.jpg,segmentation/masks/train/RECHERCHE-004_x050688_y053760.png,yolo/labels/train/RECHERCHE-004_x050688_y053760.txt
RECHERCHE-004_x098304_y032256,RECHERCHE-004,train,fold_0,98304,32256,2048,1024,False,0,0.7929,yolo/images/train/RECHERCHE-004_x098304_y032256.jpg,segmentation/masks/train/RECHERCHE-004_x098304_y032256.png,yolo/labels/train/RECHERCHE-004_x098304_y032256.txt
RECHERCHE-004_x023040_y030720,RECHERCHE-004,train,fold_0,23040,30720,2048,1024,False,0,0.6746,yolo/images/train/RECHERCHE-004_x023040_y030720.jpg,segmentation/masks/train/RECHERCHE-004_x023040_y030720.png,yolo/labels/train/RECHERCHE-004_x023040_y030720.txt
RECHERCHE-004_x064512_y012288,RECHERCHE-004,train,fold_0,64512,12288,2048,1024,False,0,0.3136,yolo/images/train/RECHERCHE-004_x064512_y012288.jpg,segmentation/masks/train/RECHERCHE-004_x064512_y012288.png,yolo/labels/train/RECHERCHE-004_x064512_y012288.txt
RECHERCHE-004_x019968_y021504,RECHERCHE-004,train,fold_0,19968,21504,2048,1024,False,0,0.929,yolo/images/train/RECHERCHE-004_x019968_y021504.jpg,segmentation/masks/train/RECHERCHE-004_x019968_y021504.png,yolo/labels/train/RECHERCHE-004_x019968_y021504.txt
RECHERCHE-004_x152064_y001536,RECHERCHE-004,train,fold_0,152064,1536,2048,1024,False,0,0.2012,yolo/images/train/RECHERCHE-004_x152064_y001536.jpg,segmentation/masks/train/RECHERCHE-004_x152064_y001536.png,yolo/labels/train/RECHERCHE-004_x152064_y001536.txt
RECHERCHE-004_x144384_y024576,RECHERCHE-004,train,fold_0,144384,24576,2048,1024,False,0,0.3669,yolo/images/train/RECHERCHE-004_x144384_y024576.jpg,segmentation/masks/train/RECHERCHE-004_x144384_y024576.png,yolo/labels/train/RECHERCHE-004_x144384_y024576.txt
RECHERCHE-004_x148992_y019968,RECHERCHE-004,train,fold_0,148992,19968,2048,1024,False,0,0.1657,yolo/images/train/RECHERCHE-004_x148992_y019968.jpg,segmentation/masks/train/RECHERCHE-004_x148992_y019968.png,yolo/labels/train/RECHERCHE-004_x148992_y019968.txt
RECHERCHE-004_x056832_y046080,RECHERCHE-004,train,fold_0,56832,46080,2048,1024,False,0,0.4438,yolo/images/train/RECHERCHE-004_x056832_y046080.jpg,segmentation/masks/train/RECHERCHE-004_x056832_y046080.png,yolo/labels/train/RECHERCHE-004_x056832_y046080.txt
RECHERCHE-004_x109056_y015360,RECHERCHE-004,train,fold_0,109056,15360,2048,1024,False,0,0.7692,yolo/images/train/RECHERCHE-004_x109056_y015360.jpg,segmentation/masks/train/RECHERCHE-004_x109056_y015360.png,yolo/labels/train/RECHERCHE-004_x109056_y015360.txt
RECHERCHE-004_x089088_y046080,RECHERCHE-004,train,fold_0,89088,46080,2048,1024,False,0,0.6213,yolo/images/train/RECHERCHE-004_x089088_y046080.jpg,segmentation/masks/train/RECHERCHE-004_x089088_y046080.png,yolo/labels/train/RECHERCHE-004_x089088_y046080.txt
RECHERCHE-004_x049152_y050688,RECHERCHE-004,train,fold_0,49152,50688,2048,1024,False,0,0.5207,yolo/images/train/RECHERCHE-004_x049152_y050688.jpg,segmentation/masks/train/RECHERCHE-004_x049152_y050688.png,yolo/labels/train/RECHERCHE-004_x049152_y050688.txt
RECHERCHE-004_x059904_y026112,RECHERCHE-004,train,fold_0,59904,26112,2048,1024,False,0,0.3432,yolo/images/train/RECHERCHE-004_x059904_y026112.jpg,segmentation/masks/train/RECHERCHE-004_x059904_y026112.png,yolo/labels/train/RECHERCHE-004_x059904_y026112.txt
RECHERCHE-004_x138240_y036864,RECHERCHE-004,train,fold_0,138240,36864,2048,1024,False,0,1.0,yolo/images/train/RECHERCHE-004_x138240_y036864.jpg,segmentation/masks/train/RECHERCHE-004_x138240_y036864.png,yolo/labels/train/RECHERCHE-004_x138240_y036864.txt
RECHERCHE-004_x021504_y021504,RECHERCHE-004,train,fold_0,21504,21504,2048,1024,False,0,0.6036,yolo/images/train/RECHERCHE-004_x021504_y021504.jpg,segmentation/masks/train/RECHERCHE-004_x021504_y021504.png,yolo/labels/train/RECHERCHE-004_x021504_y021504.txt
RECHERCHE-004_x049152_y052224,RECHERCHE-004,train,fold_0,49152,52224,2048,1024,False,0,0.8994,yolo/images/train/RECHERCHE-004_x049152_y052224.jpg,segmentation/masks/train/RECHERCHE-004_x049152_y052224.png,yolo/labels/train/RECHERCHE-004_x049152_y052224.txt
RECHERCHE-004_x058368_y032256,RECHERCHE-004,train,fold_0,58368,32256,2048,1024,False,0,0.8935,yolo/images/train/RECHERCHE-004_x058368_y032256.jpg,segmentation/masks/train/RECHERCHE-004_x058368_y032256.png,yolo/labels/train/RECHERCHE-004_x058368_y032256.txt
RECHERCHE-004_x015360_y019968,RECHERCHE-004,train,fold_0,15360,19968,2048,1024,False,0,0.4083,yolo/images/train/RECHERCHE-004_x015360_y019968.jpg,segmentation/masks/train/RECHERCHE-004_x015360_y019968.png,yolo/labels/train/RECHERCHE-004_x015360_y019968.txt
RECHERCHE-004_x019968_y038400,RECHERCHE-004,train,fold_0,19968,38400,2048,1024,False,0,0.6509,yolo/images/train/RECHERCHE-004_x019968_y038400.jpg,segmentation/masks/train/RECHERCHE-004_x019968_y038400.png,yolo/labels/train/RECHERCHE-004_x019968_y038400.txt
RECHERCHE-004_x144384_y026112,RECHERCHE-004,train,fold_0,144384,26112,2048,1024,False,0,0.2426,yolo/images/train/RECHERCHE-004_x144384_y026112.jpg,segmentation/masks/train/RECHERCHE-004_x144384_y026112.png,yolo/labels/train/RECHERCHE-004_x144384_y026112.txt
RECHERCHE-004_x132096_y044544,RECHERCHE-004,train,fold_0,132096,44544,2048,1024,False,0,0.2308,yolo/images/train/RECHERCHE-004_x132096_y044544.jpg,segmentation/masks/train/RECHERCHE-004_x132096_y044544.png,yolo/labels/train/RECHERCHE-004_x132096_y044544.txt
RECHERCHE-004_x136704_y039936,RECHERCHE-004,train,fold_0,136704,39936,2048,1024,False,0,0.497,yolo/images/train/RECHERCHE-004_x136704_y039936.jpg,segmentation/masks/train/RECHERCHE-004_x136704_y039936.png,yolo/labels/train/RECHERCHE-004_x136704_y039936.txt
RECHERCHE-004_x101376_y024576,RECHERCHE-004,train,fold_0,101376,24576,2048,1024,False,0,0.8935,yolo/images/train/RECHERCHE-004_x101376_y024576.jpg,segmentation/masks/train/RECHERCHE-004_x101376_y024576.png,yolo/labels/train/RECHERCHE-004_x101376_y024576.txt
RECHERCHE-004_x098304_y033792,RECHERCHE-004,train,fold_0,98304,33792,2048,1024,False,0,0.9941,yolo/images/train/RECHERCHE-004_x098304_y033792.jpg,segmentation/masks/train/RECHERCHE-004_x098304_y033792.png,yolo/labels/train/RECHERCHE-004_x098304_y033792.txt
RECHERCHE-004_x012288_y055296,RECHERCHE-004,train,fold_0,12288,55296,2048,1024,False,0,1.0,yolo/images/train/RECHERCHE-004_x012288_y055296.jpg,segmentation/masks/train/RECHERCHE-004_x012288_y055296.png,yolo/labels/train/RECHERCHE-004_x012288_y055296.txt
RECHERCHE-004_x058368_y038400,RECHERCHE-004,train,fold_0,58368,38400,2048,1024,False,0,0.6036,yolo/images/train/RECHERCHE-004_x058368_y038400.jpg,segmentation/masks/train/RECHERCHE-004_x058368_y038400.png,yolo/labels/train/RECHERCHE-004_x058368_y038400.txt
RECHERCHE-004_x066048_y021504,RECHERCHE-004,train,fold_0,66048,21504,2048,1024,False,0,0.5621,yolo/images/train/RECHERCHE-004_x066048_y021504.jpg,segmentation/masks/train/RECHERCHE-004_x066048_y021504.png,yolo/labels/train/RECHERCHE-004_x066048_y021504.txt
RECHERCHE-004_x099840_y032256,RECHERCHE-004,train,fold_0,99840,32256,2048,1024,False,0,0.6213,yolo/images/train/RECHERCHE-004_x099840_y032256.jpg,segmentation/masks/train/RECHERCHE-004_x099840_y032256.png,yolo/labels/train/RECHERCHE-004_x099840_y032256.txt
RECHERCHE-004_x090624_y047616,RECHERCHE-004,train,fold_0,90624,47616,2048,1024,False,0,0.3314,yolo/images/train/RECHERCHE-004_x090624_y047616.jpg,segmentation/masks/train/RECHERCHE-004_x090624_y047616.png,yolo/labels/train/RECHERCHE-004_x090624_y047616.txt
RECHERCHE-004_x019968_y023040,RECHERCHE-004,train,fold_0,19968,23040,2048,1024,False,0,0.1657,yolo/images/train/RECHERCHE-004_x019968_y023040.jpg,segmentation/masks/train/RECHERCHE-004_x019968_y023040.png,yolo/labels/train/RECHERCHE-004_x019968_y023040.txt
RECHERCHE-004_x139776_y036864,RECHERCHE-004,train,fold_0,139776,36864,2048,1024,False,0,0.355,yolo/images/train/RECHERCHE-004_x139776_y036864.jpg,segmentation/masks/train/RECHERCHE-004_x139776_y036864.png,yolo/labels/train/RECHERCHE-004_x139776_y036864.txt
RECHERCHE-004_x089088_y044544,RECHERCHE-004,train,fold_0,89088,44544,2048,1024,False,0,0.2485,yolo/images/train/RECHERCHE-004_x089088_y044544.jpg,segmentation/masks/train/RECHERCHE-004_x089088_y044544.png,yolo/labels/train/RECHERCHE-004_x089088_y044544.txt
RECHERCHE-004_x062976_y010752,RECHERCHE-004,train,fold_0,62976,10752,2048,1024,False,0,1.0,yolo/images/train/RECHERCHE-004_x062976_y010752.jpg,segmentation/masks/train/RECHERCHE-004_x062976_y010752.png,yolo/labels/train/RECHERCHE-004_x062976_y010752.txt
RECHERCHE-004_x062976_y009216,RECHERCHE-004,train,fold_0,62976,9216,2048,1024,False,0,0.4615,yolo/images/train/RECHERCHE-004_x062976_y009216.jpg,segmentation/masks/train/RECHERCHE-004_x062976_y009216.png,yolo/labels/train/RECHERCHE-004_x062976_y009216.txt
RECHERCHE-004_x015360_y053760,RECHERCHE-004,train,fold_0,15360,53760,2048,1024,False,0,0.2249,yolo/images/train/RECHERCHE-004_x015360_y053760.jpg,segmentation/masks/train/RECHERCHE-004_x015360_y053760.png,yolo/labels/train/RECHERCHE-004_x015360_y053760.txt
RECHERCHE-004_x015360_y052224,RECHERCHE-004,train,fold_0,15360,52224,2048,1024,False,0,0.3432,yolo/images/train/RECHERCHE-004_x015360_y052224.jpg,segmentation/masks/train/RECHERCHE-004_x015360_y052224.png,yolo/labels/train/RECHERCHE-004_x015360_y052224.txt
RECHERCHE-004_x101376_y029184,RECHERCHE-004,train,fold_0,101376,29184,2048,1024,False,0,0.8107,yolo/images/train/RECHERCHE-004_x101376_y029184.jpg,segmentation/masks/train/RECHERCHE-004_x101376_y029184.png,yolo/labels/train/RECHERCHE-004_x101376_y029184.txt
RECHERCHE-004_x021504_y036864,RECHERCHE-004,train,fold_0,21504,36864,2048,1024,False,0,0.2426,yolo/images/train/RECHERCHE-004_x021504_y036864.jpg,segmentation/masks/train/RECHERCHE-004_x021504_y036864.png,yolo/labels/train/RECHERCHE-004_x021504_y036864.txt
RECHERCHE-004_x009216_y062976,RECHERCHE-004,train,fold_0,9216,62976,2048,1024,False,0,0.213,yolo/images/train/RECHERCHE-004_x009216_y062976.jpg,segmentation/masks/train/RECHERCHE-004_x009216_y062976.png,yolo/labels/train/RECHERCHE-004_x009216_y062976.txt
RECHERCHE-004_x099840_y024576,RECHERCHE-004,train,fold_0,99840,24576,2048,1024,False,0,0.1953,yolo/images/train/RECHERCHE-004_x099840_y024576.jpg,segmentation/masks/train/RECHERCHE-004_x099840_y024576.png,yolo/labels/train/RECHERCHE-004_x099840_y024576.txt
RECHERCHE-004_x058368_y036864,RECHERCHE-004,train,fold_0,58368,36864,2048,1024,False,0,1.0,yolo/images/train/RECHERCHE-004_x058368_y036864.jpg,segmentation/masks/train/RECHERCHE-004_x058368_y036864.png,yolo/labels/train/RECHERCHE-004_x058368_y036864.txt
RECHERCHE-004_x066048_y023040,RECHERCHE-004,train,fold_0,66048,23040,2048,1024,False,0,0.6805,yolo/images/train/RECHERCHE-004_x066048_y023040.jpg,segmentation/masks/train/RECHERCHE-004_x066048_y023040.png,yolo/labels/train/RECHERCHE-004_x066048_y023040.txt
RECHERCHE-004_x104448_y024576,RECHERCHE-004,train,fold_0,104448,24576,2048,1024,False,0,0.3018,yolo/images/train/RECHERCHE-004_x104448_y024576.jpg,segmentation/masks/train/RECHERCHE-004_x104448_y024576.png,yolo/labels/train/RECHERCHE-004_x104448_y024576.txt
RECHERCHE-004_x006144_y061440,RECHERCHE-004,train,fold_0,6144,61440,2048,1024,False,0,0.5444,yolo/images/train/RECHERCHE-004_x006144_y061440.jpg,segmentation/masks/train/RECHERCHE-004_x006144_y061440.png,yolo/labels/train/RECHERCHE-004_x006144_y061440.txt
RECHERCHE-004_x142848_y024576,RECHERCHE-004,train,fold_0,142848,24576,2048,1024,False,0,1.0,yolo/images/train/RECHERCHE-004_x142848_y024576.jpg,segmentation/masks/train/RECHERCHE-004_x142848_y024576.png,yolo/labels/train/RECHERCHE-004_x142848_y024576.txt
RECHERCHE-004_x066048_y015360,RECHERCHE-004,train,fold_0,66048,15360,2048,1024,False,0,0.2249,yolo/images/train/RECHERCHE-004_x066048_y015360.jpg,segmentation/masks/train/RECHERCHE-004_x066048_y015360.png,yolo/labels/train/RECHERCHE-004_x066048_y015360.txt
RECHERCHE-004_x067584_y021504,RECHERCHE-004,train,fold_0,67584,21504,2048,1024,False,0,0.1657,yolo/images/train/RECHERCHE-004_x067584_y021504.jpg,segmentation/masks/train/RECHERCHE-004_x067584_y021504.png,yolo/labels/train/RECHERCHE-004_x067584_y021504.txt
RECHERCHE-004_x141312_y024576,RECHERCHE-004,train,fold_0,141312,24576,2048,1024,False,0,0.6923,yolo/images/train/RECHERCHE-004_x141312_y024576.jpg,segmentation/masks/train/RECHERCHE-004_x141312_y024576.png,yolo/labels/train/RECHERCHE-004_x141312_y024576.txt
RECHERCHE-004_x095232_y041472,RECHERCHE-004,train,fold_0,95232,41472,2048,1024,False,0,0.9527,yolo/images/train/RECHERCHE-004_x095232_y041472.jpg,segmentation/masks/train/RECHERCHE-004_x095232_y041472.png,yolo/labels/train/RECHERCHE-004_x095232_y041472.txt
RECHERCHE-004_x139776_y027648,RECHERCHE-004,train,fold_0,139776,27648,2048,1024,False,0,0.5444,yolo/images/train/RECHERCHE-004_x139776_y027648.jpg,segmentation/masks/train/RECHERCHE-004_x139776_y027648.png,yolo/labels/train/RECHERCHE-004_x139776_y027648.txt
RECHERCHE-004_x016896_y044544,RECHERCHE-004,train,fold_0,16896,44544,2048,1024,False,0,0.6805,yolo/images/train/RECHERCHE-004_x016896_y044544.jpg,segmentation/masks/train/RECHERCHE-004_x016896_y044544.png,yolo/labels/train/RECHERCHE-004_x016896_y044544.txt
RECHERCHE-004_x064512_y027648,RECHERCHE-004,train,fold_0,64512,27648,2048,1024,False,0,0.1657,yolo/images/train/RECHERCHE-004_x064512_y027648.jpg,segmentation/masks/train/RECHERCHE-004_x064512_y027648.png,yolo/labels/train/RECHERCHE-004_x064512_y027648.txt
RECHERCHE-004_x016896_y021504,RECHERCHE-004,train,fold_0,16896,21504,2048,1024,False,0,0.3491,yolo/images/train/RECHERCHE-004_x016896_y021504.jpg,segmentation/masks/train/RECHERCHE-004_x016896_y021504.png,yolo/labels/train/RECHERCHE-004_x016896_y021504.txt
RECHERCHE-004_x064512_y009216,RECHERCHE-004,train,fold_0,64512,9216,2048,1024,False,0,0.2071,yolo/images/train/RECHERCHE-004_x064512_y009216.jpg,segmentation/masks/train/RECHERCHE-004_x064512_y009216.png,yolo/labels/train/RECHERCHE-004_x064512_y009216.txt
RECHERCHE-004_x147456_y021504,RECHERCHE-004,train,fold_0,147456,21504,2048,1024,False,0,0.2249,yolo/images/train/RECHERCHE-004_x147456_y021504.jpg,segmentation/masks/train/RECHERCHE-004_x147456_y021504.png,yolo/labels/train/RECHERCHE-004_x147456_y021504.txt
RECHERCHE-004_x130560_y044544,RECHERCHE-004,train,fold_0,130560,44544,2048,1024,False,0,0.8817,yolo/images/train/RECHERCHE-004_x130560_y044544.jpg,segmentation/masks/train/RECHERCHE-004_x130560_y044544.png,yolo/labels/train/RECHERCHE-004_x130560_y044544.txt
RECHERCHE-004_x142848_y027648,RECHERCHE-004,train,fold_0,142848,27648,2048,1024,False,0,0.787,yolo/images/train/RECHERCHE-004_x142848_y027648.jpg,segmentation/masks/train/RECHERCHE-004_x142848_y027648.png,yolo/labels/train/RECHERCHE-004_x142848_y027648.txt
RECHERCHE-004_x099840_y035328,RECHERCHE-004,train,fold_0,99840,35328,2048,1024,False,0,0.2899,yolo/images/train/RECHERCHE-004_x099840_y035328.jpg,segmentation/masks/train/RECHERCHE-004_x099840_y035328.png,yolo/labels/train/RECHERCHE-004_x099840_y035328.txt
RECHERCHE-004_x016896_y036864,RECHERCHE-004,train,fold_0,16896,36864,2048,1024,False,0,0.568,yolo/images/train/RECHERCHE-004_x016896_y036864.jpg,segmentation/masks/train/RECHERCHE-004_x016896_y036864.png,yolo/labels/train/RECHERCHE-004_x016896_y036864.txt
RECHERCHE-004_x055296_y038400,RECHERCHE-004,train,fold_0,55296,38400,2048,1024,False,0,0.284,yolo/images/train/RECHERCHE-004_x055296_y038400.jpg,segmentation/masks/train/RECHERCHE-004_x055296_y038400.png,yolo/labels/train/RECHERCHE-004_x055296_y038400.txt
RECHERCHE-004_x059904_y027648,RECHERCHE-004,train,fold_0,59904,27648,2048,1024,False,0,0.6982,yolo/images/train/RECHERCHE-004_x059904_y027648.jpg,segmentation/masks/train/RECHERCHE-004_x059904_y027648.png,yolo/labels/train/RECHERCHE-004_x059904_y027648.txt
RECHERCHE-004_x021504_y018432,RECHERCHE-004,train,fold_0,21504,18432,2048,1024,False,0,0.1834,yolo/images/train/RECHERCHE-004_x021504_y018432.jpg,segmentation/masks/train/RECHERCHE-004_x021504_y018432.png,yolo/labels/train/RECHERCHE-004_x021504_y018432.txt
RECHERCHE-004_x013824_y055296,RECHERCHE-004,train,fold_0,13824,55296,2048,1024,False,0,0.8107,yolo/images/train/RECHERCHE-004_x013824_y055296.jpg,segmentation/masks/train/RECHERCHE-004_x013824_y055296.png,yolo/labels/train/RECHERCHE-004_x013824_y055296.txt
RECHERCHE-004_x015360_y049152,RECHERCHE-004,train,fold_0,15360,49152,2048,1024,False,0,0.5385,yolo/images/train/RECHERCHE-004_x015360_y049152.jpg,segmentation/masks/train/RECHERCHE-004_x015360_y049152.png,yolo/labels/train/RECHERCHE-004_x015360_y049152.txt
RECHERCHE-004_x153600_y013824,RECHERCHE-004,train,fold_0,153600,13824,2048,1024,False,0,0.2485,yolo/images/train/RECHERCHE-004_x153600_y013824.jpg,segmentation/masks/train/RECHERCHE-004_x153600_y013824.png,yolo/labels/train/RECHERCHE-004_x153600_y013824.txt
RECHERCHE-004_x047616_y052224,RECHERCHE-004,train,fold_0,47616,52224,2048,1024,False,0,0.2426,yolo/images/train/RECHERCHE-004_x047616_y052224.jpg,segmentation/masks/train/RECHERCHE-004_x047616_y052224.png,yolo/labels/train/RECHERCHE-004_x047616_y052224.txt
RECHERCHE-004_x056832_y039936,RECHERCHE-004,train,fold_0,56832,39936,2048,1024,False,0,0.9763,yolo/images/train/RECHERCHE-004_x056832_y039936.jpg,segmentation/masks/train/RECHERCHE-004_x056832_y039936.png,yolo/labels/train/RECHERCHE-004_x056832_y039936.txt
RECHERCHE-004_x059904_y033792,RECHERCHE-004,train,fold_0,59904,33792,2048,1024,False,0,0.4201,yolo/images/train/RECHERCHE-004_x059904_y033792.jpg,segmentation/masks/train/RECHERCHE-004_x059904_y033792.png,yolo/labels/train/RECHERCHE-004_x059904_y033792.txt
RECHERCHE-004_x006144_y062976,RECHERCHE-004,train,fold_0,6144,62976,2048,1024,False,0,0.8343,yolo/images/train/RECHERCHE-004_x006144_y062976.jpg,segmentation/masks/train/RECHERCHE-004_x006144_y062976.png,yolo/labels/train/RECHERCHE-004_x006144_y062976.txt
RECHERCHE-004_x016896_y047616,RECHERCHE-004,train,fold_0,16896,47616,2048,1024,False,0,0.1538,yolo/images/train/RECHERCHE-004_x016896_y047616.jpg,segmentation/masks/train/RECHERCHE-004_x016896_y047616.png,yolo/labels/train/RECHERCHE-004_x016896_y047616.txt
RECHERCHE-004_x099840_y033792,RECHERCHE-004,train,fold_0,99840,33792,2048,1024,False,0,0.4556,yolo/images/train/RECHERCHE-004_x099840_y033792.jpg,segmentation/masks/train/RECHERCHE-004_x099840_y033792.png,yolo/labels/train/RECHERCHE-004_x099840_y033792.txt
RECHERCHE-004_x047616_y055296,RECHERCHE-004,train,fold_0,47616,55296,2048,1024,False,0,0.7101,yolo/images/train/RECHERCHE-004_x047616_y055296.jpg,segmentation/masks/train/RECHERCHE-004_x047616_y055296.png,yolo/labels/train/RECHERCHE-004_x047616_y055296.txt
RECHERCHE-004_x019968_y018432,RECHERCHE-004,train,fold_0,19968,18432,2048,1024,False,0,0.5207,yolo/images/train/RECHERCHE-004_x019968_y018432.jpg,segmentation/masks/train/RECHERCHE-004_x019968_y018432.png,yolo/labels/train/RECHERCHE-004_x019968_y018432.txt
RECHERCHE-004_x018432_y041472,RECHERCHE-004,train,fold_0,18432,41472,2048,1024,False,0,0.432,yolo/images/train/RECHERCHE-004_x018432_y041472.jpg,segmentation/masks/train/RECHERCHE-004_x018432_y041472.png,yolo/labels/train/RECHERCHE-004_x018432_y041472.txt
RECHERCHE-004_x058368_y033792,RECHERCHE-004,train,fold_0,58368,33792,2048,1024,False,0,1.0,yolo/images/train/RECHERCHE-004_x058368_y033792.jpg,segmentation/masks/train/RECHERCHE-004_x058368_y033792.png,yolo/labels/train/RECHERCHE-004_x058368_y033792.txt
RECHERCHE-004_x142848_y021504,RECHERCHE-004,train,fold_0,142848,21504,2048,1024,False,0,0.5621,yolo/images/train/RECHERCHE-004_x142848_y021504.jpg,segmentation/masks/train/RECHERCHE-004_x142848_y021504.png,yolo/labels/train/RECHERCHE-004_x142848_y021504.txt
RECHERCHE-004_x013824_y043008,RECHERCHE-004,train,fold_0,13824,43008,2048,1024,False,0,0.2249,yolo/images/train/RECHERCHE-004_x013824_y043008.jpg,segmentation/masks/train/RECHERCHE-004_x013824_y043008.png,yolo/labels/train/RECHERCHE-004_x013824_y043008.txt
RECHERCHE-004_x056832_y044544,RECHERCHE-004,train,fold_0,56832,44544,2048,1024,False,0,0.645,yolo/images/train/RECHERCHE-004_x056832_y044544.jpg,segmentation/masks/train/RECHERCHE-004_x056832_y044544.png,yolo/labels/train/RECHERCHE-004_x056832_y044544.txt
RECHERCHE-004_x021504_y023040,RECHERCHE-004,train,fold_0,21504,23040,2048,1024,False,0,0.426,yolo/images/train/RECHERCHE-004_x021504_y023040.jpg,segmentation/masks/train/RECHERCHE-004_x021504_y023040.png,yolo/labels/train/RECHERCHE-004_x021504_y023040.txt
RECHERCHE-004_x018432_y021504,RECHERCHE-004,train,fold_0,18432,21504,2048,1024,False,0,0.7811,yolo/images/train/RECHERCHE-004_x018432_y021504.jpg,segmentation/masks/train/RECHERCHE-004_x018432_y021504.png,yolo/labels/train/RECHERCHE-004_x018432_y021504.txt
RECHERCHE-004_x018432_y018432,RECHERCHE-004,train,fold_0,18432,18432,2048,1024,False,0,0.4024,yolo/images/train/RECHERCHE-004_x018432_y018432.jpg,segmentation/masks/train/RECHERCHE-004_x018432_y018432.png,yolo/labels/train/RECHERCHE-004_x018432_y018432.txt
RECHERCHE-004_x098304_y030720,RECHERCHE-004,train,fold_0,98304,30720,2048,1024,False,0,0.6331,yolo/images/train/RECHERCHE-004_x098304_y030720.jpg,segmentation/masks/train/RECHERCHE-004_x098304_y030720.png,yolo/labels/train/RECHERCHE-004_x098304_y030720.txt
RECHERCHE-004_x061440_y012288,RECHERCHE-004,train,fold_0,61440,12288,2048,1024,False,0,0.5976,yolo/images/train/RECHERCHE-004_x061440_y012288.jpg,segmentation/masks/train/RECHERCHE-004_x061440_y012288.png,yolo/labels/train/RECHERCHE-004_x061440_y012288.txt
RECHERCHE-004_x061440_y010752,RECHERCHE-004,train,fold_0,61440,10752,2048,1024,False,0,0.8698,yolo/images/train/RECHERCHE-004_x061440_y010752.jpg,segmentation/masks/train/RECHERCHE-004_x061440_y010752.png,yolo/labels/train/RECHERCHE-004_x061440_y010752.txt
RECHERCHE-004_x130560_y046080,RECHERCHE-004,train,fold_0,130560,46080,2048,1024,False,0,0.426,yolo/images/train/RECHERCHE-004_x130560_y046080.jpg,segmentation/masks/train/RECHERCHE-004_x130560_y046080.png,yolo/labels/train/RECHERCHE-004_x130560_y046080.txt
RECHERCHE-004_x047616_y056832,RECHERCHE-004,train,fold_0,47616,56832,2048,1024,False,0,0.3018,yolo/images/train/RECHERCHE-004_x047616_y056832.jpg,segmentation/masks/train/RECHERCHE-004_x047616_y056832.png,yolo/labels/train/RECHERCHE-004_x047616_y056832.txt
RECHERCHE-004_x141312_y032256,RECHERCHE-004,train,fold_0,141312,32256,2048,1024,False,0,0.3787,yolo/images/train/RECHERCHE-004_x141312_y032256.jpg,segmentation/masks/train/RECHERCHE-004_x141312_y032256.png,yolo/labels/train/RECHERCHE-004_x141312_y032256.txt
RECHERCHE-004_x056832_y033792,RECHERCHE-004,train,fold_0,56832,33792,2048,1024,False,0,0.4675,yolo/images/train/RECHERCHE-004_x056832_y033792.jpg,segmentation/masks/train/RECHERCHE-004_x056832_y033792.png,yolo/labels/train/RECHERCHE-004_x056832_y033792.txt
RECHERCHE-004_x015360_y043008,RECHERCHE-004,train,fold_0,15360,43008,2048,1024,False,0,0.9231,yolo/images/train/RECHERCHE-004_x015360_y043008.jpg,segmentation/masks/train/RECHERCHE-004_x015360_y043008.png,yolo/labels/train/RECHERCHE-004_x015360_y043008.txt
RECHERCHE-004_x012288_y058368,RECHERCHE-004,train,fold_0,12288,58368,2048,1024,False,0,0.6627,yolo/images/train/RECHERCHE-004_x012288_y058368.jpg,segmentation/masks/train/RECHERCHE-004_x012288_y058368.png,yolo/labels/train/RECHERCHE-004_x012288_y058368.txt
RECHERCHE-004_x013824_y047616,RECHERCHE-004,train,fold_0,13824,47616,2048,1024,False,0,0.7633,yolo/images/train/RECHERCHE-004_x013824_y047616.jpg,segmentation/masks/train/RECHERCHE-004_x013824_y047616.png,yolo/labels/train/RECHERCHE-004_x013824_y047616.txt
RECHERCHE-004_x059904_y036864,RECHERCHE-004,train,fold_0,59904,36864,2048,1024,False,0,0.4024,yolo/images/train/RECHERCHE-004_x059904_y036864.jpg,segmentation/masks/train/RECHERCHE-004_x059904_y036864.png,yolo/labels/train/RECHERCHE-004_x059904_y036864.txt
RECHERCHE-004_x138240_y038400,RECHERCHE-004,train,fold_0,138240,38400,2048,1024,False,0,0.6627,yolo/images/train/RECHERCHE-004_x138240_y038400.jpg,segmentation/masks/train/RECHERCHE-004_x138240_y038400.png,yolo/labels/train/RECHERCHE-004_x138240_y038400.txt
RECHERCHE-004_x021504_y024576,RECHERCHE-004,train,fold_0,21504,24576,2048,1024,False,0,0.1834,yolo/images/train/RECHERCHE-004_x021504_y024576.jpg,segmentation/masks/train/RECHERCHE-004_x021504_y024576.png,yolo/labels/train/RECHERCHE-004_x021504_y024576.txt
RECHERCHE-004_x130560_y043008,RECHERCHE-004,train,fold_0,130560,43008,2048,1024,False,0,0.787,yolo/images/train/RECHERCHE-004_x130560_y043008.jpg,segmentation/masks/train/RECHERCHE-004_x130560_y043008.png,yolo/labels/train/RECHERCHE-004_x130560_y043008.txt
RECHERCHE-004_x058368_y035328,RECHERCHE-004,train,fold_0,58368,35328,2048,1024,False,0,1.0,yolo/images/train/RECHERCHE-004_x058368_y035328.jpg,segmentation/masks/train/RECHERCHE-004_x058368_y035328.png,yolo/labels/train/RECHERCHE-004_x058368_y035328.txt
RECHERCHE-004_x024576_y030720,RECHERCHE-004,train,fold_0,24576,30720,2048,1024,False,0,0.1538,yolo/images/train/RECHERCHE-004_x024576_y030720.jpg,segmentation/masks/train/RECHERCHE-004_x024576_y030720.png,yolo/labels/train/RECHERCHE-004_x024576_y030720.txt
RECHERCHE-004_x049152_y055296,RECHERCHE-004,train,fold_0,49152,55296,2048,1024,False,0,0.568,yolo/images/train/RECHERCHE-004_x049152_y055296.jpg,segmentation/masks/train/RECHERCHE-004_x049152_y055296.png,yolo/labels/train/RECHERCHE-004_x049152_y055296.txt
RECHERCHE-004_x141312_y029184,RECHERCHE-004,train,fold_0,141312,29184,2048,1024,False,0,0.7574,yolo/images/train/RECHERCHE-004_x141312_y029184.jpg,segmentation/masks/train/RECHERCHE-004_x141312_y029184.png,yolo/labels/train/RECHERCHE-004_x141312_y029184.txt
RECHERCHE-004_x047616_y053760,RECHERCHE-004,train,fold_0,47616,53760,2048,1024,False,0,0.5503,yolo/images/train/RECHERCHE-004_x047616_y053760.jpg,segmentation/masks/train/RECHERCHE-004_x047616_y053760.png,yolo/labels/train/RECHERCHE-004_x047616_y053760.txt
RECHERCHE-005_x023040_y013824,RECHERCHE-005,train,fold_1,23040,13824,2048,1024,True,1,0.1515,yolo/images/train/RECHERCHE-005_x023040_y013824.jpg,segmentation/masks/train/RECHERCHE-005_x023040_y013824.png,yolo/labels/train/RECHERCHE-005_x023040_y013824.txt
RECHERCHE-005_x024576_y013824,RECHERCHE-005,train,fold_1,24576,13824,2048,1024,True,1,0.447,yolo/images/train/RECHERCHE-005_x024576_y013824.jpg,segmentation/masks/train/RECHERCHE-005_x024576_y013824.png,yolo/labels/train/RECHERCHE-005_x024576_y013824.txt
RECHERCHE-005_x072192_y013824,RECHERCHE-005,train,fold_1,72192,13824,2048,1024,True,1,0.4394,yolo/images/train/RECHERCHE-005_x072192_y013824.jpg,segmentation/masks/train/RECHERCHE-005_x072192_y013824.png,yolo/labels/train/RECHERCHE-005_x072192_y013824.txt
RECHERCHE-005_x073728_y013824,RECHERCHE-005,train,fold_1,73728,13824,2048,1024,True,1,0.2397,yolo/images/train/RECHERCHE-005_x073728_y013824.jpg,segmentation/masks/train/RECHERCHE-005_x073728_y013824.png,yolo/labels/train/RECHERCHE-005_x073728_y013824.txt
RECHERCHE-005_x023040_y015360,RECHERCHE-005,train,fold_1,23040,15360,2048,1024,True,3,0.7153,yolo/images/train/RECHERCHE-005_x023040_y015360.jpg,segmentation/masks/train/RECHERCHE-005_x023040_y015360.png,yolo/labels/train/RECHERCHE-005_x023040_y015360.txt
RECHERCHE-005_x024576_y015360,RECHERCHE-005,train,fold_1,24576,15360,2048,1024,True,2,0.9583,yolo/images/train/RECHERCHE-005_x024576_y015360.jpg,segmentation/masks/train/RECHERCHE-005_x024576_y015360.png,yolo/labels/train/RECHERCHE-005_x024576_y015360.txt
RECHERCHE-005_x070656_y015360,RECHERCHE-005,train,fold_1,70656,15360,2048,1024,True,1,0.4861,yolo/images/train/RECHERCHE-005_x070656_y015360.jpg,segmentation/masks/train/RECHERCHE-005_x070656_y015360.png,yolo/labels/train/RECHERCHE-005_x070656_y015360.txt
RECHERCHE-005_x072192_y015360,RECHERCHE-005,train,fold_1,72192,15360,2048,1024,True,1,0.9792,yolo/images/train/RECHERCHE-005_x072192_y015360.jpg,segmentation/masks/train/RECHERCHE-005_x072192_y015360.png,yolo/labels/train/RECHERCHE-005_x072192_y015360.txt
RECHERCHE-005_x073728_y015360,RECHERCHE-005,train,fold_1,73728,15360,2048,1024,True,1,0.6515,yolo/images/train/RECHERCHE-005_x073728_y015360.jpg,segmentation/masks/train/RECHERCHE-005_x073728_y015360.png,yolo/labels/train/RECHERCHE-005_x073728_y015360.txt
RECHERCHE-005_x021504_y016896,RECHERCHE-005,train,fold_1,21504,16896,2048,1024,True,1,0.5208,yolo/images/train/RECHERCHE-005_x021504_y016896.jpg,segmentation/masks/train/RECHERCHE-005_x021504_y016896.png,yolo/labels/train/RECHERCHE-005_x021504_y016896.txt
RECHERCHE-005_x023040_y016896,RECHERCHE-005,train,fold_1,23040,16896,2048,1024,True,1,1.0,yolo/images/train/RECHERCHE-005_x023040_y016896.jpg,segmentation/masks/train/RECHERCHE-005_x023040_y016896.png,yolo/labels/train/RECHERCHE-005_x023040_y016896.txt
RECHERCHE-005_x024576_y016896,RECHERCHE-005,train,fold_1,24576,16896,2048,1024,True,1,1.0,yolo/images/train/RECHERCHE-005_x024576_y016896.jpg,segmentation/masks/train/RECHERCHE-005_x024576_y016896.png,yolo/labels/train/RECHERCHE-005_x024576_y016896.txt
RECHERCHE-005_x070656_y016896,RECHERCHE-005,train,fold_1,70656,16896,2048,1024,True,1,0.9306,yolo/images/train/RECHERCHE-005_x070656_y016896.jpg,segmentation/masks/train/RECHERCHE-005_x070656_y016896.png,yolo/labels/train/RECHERCHE-005_x070656_y016896.txt
RECHERCHE-005_x072192_y016896,RECHERCHE-005,train,fold_1,72192,16896,2048,1024,True,1,1.0,yolo/images/train/RECHERCHE-005_x072192_y016896.jpg,segmentation/masks/train/RECHERCHE-005_x072192_y016896.png,yolo/labels/train/RECHERCHE-005_x072192_y016896.txt
RECHERCHE-005_x119808_y018432,RECHERCHE-005,train,fold_1,119808,18432,2048,1024,True,2,0.7708,yolo/images/train/RECHERCHE-005_x119808_y018432.jpg,segmentation/masks/train/RECHERCHE-005_x119808_y018432.png,yolo/labels/train/RECHERCHE-005_x119808_y018432.txt
RECHERCHE-005_x021504_y019968,RECHERCHE-005,train,fold_1,21504,19968,2048,1024,True,1,1.0,yolo/images/train/RECHERCHE-005_x021504_y019968.jpg,segmentation/masks/train/RECHERCHE-005_x021504_y019968.png,yolo/labels/train/RECHERCHE-005_x021504_y019968.txt
RECHERCHE-005_x023040_y019968,RECHERCHE-005,train,fold_1,23040,19968,2048,1024,True,1,0.9394,yolo/images/train/RECHERCHE-005_x023040_y019968.jpg,segmentation/masks/train/RECHERCHE-005_x023040_y019968.png,yolo/labels/train/RECHERCHE-005_x023040_y019968.txt
RECHERCHE-005_x024576_y019968,RECHERCHE-005,train,fold_1,24576,19968,2048,1024,True,1,0.3712,yolo/images/train/RECHERCHE-005_x024576_y019968.jpg,segmentation/masks/train/RECHERCHE-005_x024576_y019968.png,yolo/labels/train/RECHERCHE-005_x024576_y019968.txt
RECHERCHE-005_x069120_y019968,RECHERCHE-005,train,fold_1,69120,19968,2048,1024,True,1,1.0,yolo/images/train/RECHERCHE-005_x069120_y019968.jpg,segmentation/masks/train/RECHERCHE-005_x069120_y019968.png,yolo/labels/train/RECHERCHE-005_x069120_y019968.txt
RECHERCHE-005_x118272_y019968,RECHERCHE-005,train,fold_1,118272,19968,2048,1024,True,1,0.8258,yolo/images/train/RECHERCHE-005_x118272_y019968.jpg,segmentation/masks/train/RECHERCHE-005_x118272_y019968.png,yolo/labels/train/RECHERCHE-005_x118272_y019968.txt
RECHERCHE-005_x119808_y019968,RECHERCHE-005,train,fold_1,119808,19968,2048,1024,True,1,1.0,yolo/images/train/RECHERCHE-005_x119808_y019968.jpg,segmentation/masks/train/RECHERCHE-005_x119808_y019968.png,yolo/labels/train/RECHERCHE-005_x119808_y019968.txt
RECHERCHE-005_x018432_y021504,RECHERCHE-005,train,fold_1,18432,21504,2048,1024,True,1,0.6364,yolo/images/train/RECHERCHE-005_x018432_y021504.jpg,segmentation/masks/train/RECHERCHE-005_x018432_y021504.png,yolo/labels/train/RECHERCHE-005_x018432_y021504.txt
RECHERCHE-005_x021504_y021504,RECHERCHE-005,train,fold_1,21504,21504,2048,1024,True,1,1.0,yolo/images/train/RECHERCHE-005_x021504_y021504.jpg,segmentation/masks/train/RECHERCHE-005_x021504_y021504.png,yolo/labels/train/RECHERCHE-005_x021504_y021504.txt
RECHERCHE-005_x066048_y021504,RECHERCHE-005,train,fold_1,66048,21504,2048,1024,True,1,0.6288,yolo/images/train/RECHERCHE-005_x066048_y021504.jpg,segmentation/masks/train/RECHERCHE-005_x066048_y021504.png,yolo/labels/train/RECHERCHE-005_x066048_y021504.txt
RECHERCHE-005_x067584_y021504,RECHERCHE-005,train,fold_1,67584,21504,2048,1024,True,1,1.0,yolo/images/train/RECHERCHE-005_x067584_y021504.jpg,segmentation/masks/train/RECHERCHE-005_x067584_y021504.png,yolo/labels/train/RECHERCHE-005_x067584_y021504.txt
RECHERCHE-005_x069120_y021504,RECHERCHE-005,train,fold_1,69120,21504,2048,1024,True,1,1.0,yolo/images/train/RECHERCHE-005_x069120_y021504.jpg,segmentation/masks/train/RECHERCHE-005_x069120_y021504.png,yolo/labels/train/RECHERCHE-005_x069120_y021504.txt
RECHERCHE-005_x070656_y021504,RECHERCHE-005,train,fold_1,70656,21504,2048,1024,True,1,0.6458,yolo/images/train/RECHERCHE-005_x070656_y021504.jpg,segmentation/masks/train/RECHERCHE-005_x070656_y021504.png,yolo/labels/train/RECHERCHE-005_x070656_y021504.txt
RECHERCHE-005_x016896_y023040,RECHERCHE-005,train,fold_1,16896,23040,2048,1024,True,1,0.3889,yolo/images/train/RECHERCHE-005_x016896_y023040.jpg,segmentation/masks/train/RECHERCHE-005_x016896_y023040.png,yolo/labels/train/RECHERCHE-005_x016896_y023040.txt
RECHERCHE-005_x018432_y023040,RECHERCHE-005,train,fold_1,18432,23040,2048,1024,True,2,0.9848,yolo/images/train/RECHERCHE-005_x018432_y023040.jpg,segmentation/masks/train/RECHERCHE-005_x018432_y023040.png,yolo/labels/train/RECHERCHE-005_x018432_y023040.txt
RECHERCHE-005_x019968_y023040,RECHERCHE-005,train,fold_1,19968,23040,2048,1024,True,2,1.0,yolo/images/train/RECHERCHE-005_x019968_y023040.jpg,segmentation/masks/train/RECHERCHE-005_x019968_y023040.png,yolo/labels/train/RECHERCHE-005_x019968_y023040.txt
RECHERCHE-005_x021504_y023040,RECHERCHE-005,train,fold_1,21504,23040,2048,1024,True,1,0.8889,yolo/images/train/RECHERCHE-005_x021504_y023040.jpg,segmentation/masks/train/RECHERCHE-005_x021504_y023040.png,yolo/labels/train/RECHERCHE-005_x021504_y023040.txt
RECHERCHE-005_x066048_y023040,RECHERCHE-005,train,fold_1,66048,23040,2048,1024,True,1,0.9697,yolo/images/train/RECHERCHE-005_x066048_y023040.jpg,segmentation/masks/train/RECHERCHE-005_x066048_y023040.png,yolo/labels/train/RECHERCHE-005_x066048_y023040.txt
RECHERCHE-005_x067584_y023040,RECHERCHE-005,train,fold_1,67584,23040,2048,1024,True,3,1.0,yolo/images/train/RECHERCHE-005_x067584_y023040.jpg,segmentation/masks/train/RECHERCHE-005_x067584_y023040.png,yolo/labels/train/RECHERCHE-005_x067584_y023040.txt
RECHERCHE-005_x069120_y023040,RECHERCHE-005,train,fold_1,69120,23040,2048,1024,True,1,0.8542,yolo/images/train/RECHERCHE-005_x069120_y023040.jpg,segmentation/masks/train/RECHERCHE-005_x069120_y023040.png,yolo/labels/train/RECHERCHE-005_x069120_y023040.txt
RECHERCHE-005_x164352_y023040,RECHERCHE-005,train,fold_1,164352,23040,2048,1024,True,1,0.3194,yolo/images/train/RECHERCHE-005_x164352_y023040.jpg,segmentation/masks/train/RECHERCHE-005_x164352_y023040.png,yolo/labels/train/RECHERCHE-005_x164352_y023040.txt
RECHERCHE-005_x015360_y024576,RECHERCHE-005,train,fold_1,15360,24576,2048,1024,True,1,0.2014,yolo/images/train/RECHERCHE-005_x015360_y024576.jpg,segmentation/masks/train/RECHERCHE-005_x015360_y024576.png,yolo/labels/train/RECHERCHE-005_x015360_y024576.txt
RECHERCHE-005_x018432_y024576,RECHERCHE-005,train,fold_1,18432,24576,2048,1024,True,1,1.0,yolo/images/train/RECHERCHE-005_x018432_y024576.jpg,segmentation/masks/train/RECHERCHE-005_x018432_y024576.png,yolo/labels/train/RECHERCHE-005_x018432_y024576.txt
RECHERCHE-005_x019968_y024576,RECHERCHE-005,train,fold_1,19968,24576,2048,1024,True,2,0.8939,yolo/images/train/RECHERCHE-005_x019968_y024576.jpg,segmentation/masks/train/RECHERCHE-005_x019968_y024576.png,yolo/labels/train/RECHERCHE-005_x019968_y024576.txt
RECHERCHE-005_x021504_y024576,RECHERCHE-005,train,fold_1,21504,24576,2048,1024,True,1,0.2708,yolo/images/train/RECHERCHE-005_x021504_y024576.jpg,segmentation/masks/train/RECHERCHE-005_x021504_y024576.png,yolo/labels/train/RECHERCHE-005_x021504_y024576.txt
RECHERCHE-005_x062976_y024576,RECHERCHE-005,train,fold_1,62976,24576,2048,1024,True,1,0.2778,yolo/images/train/RECHERCHE-005_x062976_y024576.jpg,segmentation/masks/train/RECHERCHE-005_x062976_y024576.png,yolo/labels/train/RECHERCHE-005_x062976_y024576.txt
RECHERCHE-005_x066048_y024576,RECHERCHE-005,train,fold_1,66048,24576,2048,1024,True,1,1.0,yolo/images/train/RECHERCHE-005_x066048_y024576.jpg,segmentation/masks/train/RECHERCHE-005_x066048_y024576.png,yolo/labels/train/RECHERCHE-005_x066048_y024576.txt
RECHERCHE-005_x067584_y024576,RECHERCHE-005,train,fold_1,67584,24576,2048,1024,True,2,0.8712,yolo/images/train/RECHERCHE-005_x067584_y024576.jpg,segmentation/masks/train/RECHERCHE-005_x067584_y024576.png,yolo/labels/train/RECHERCHE-005_x067584_y024576.txt
RECHERCHE-005_x069120_y024576,RECHERCHE-005,train,fold_1,69120,24576,2048,1024,True,1,0.2222,yolo/images/train/RECHERCHE-005_x069120_y024576.jpg,segmentation/masks/train/RECHERCHE-005_x069120_y024576.png,yolo/labels/train/RECHERCHE-005_x069120_y024576.txt
RECHERCHE-005_x113664_y024576,RECHERCHE-005,train,fold_1,113664,24576,2048,1024,True,1,0.6061,yolo/images/train/RECHERCHE-005_x113664_y024576.jpg,segmentation/masks/train/RECHERCHE-005_x113664_y024576.png,yolo/labels/train/RECHERCHE-005_x113664_y024576.txt
RECHERCHE-005_x116736_y024576,RECHERCHE-005,train,fold_1,116736,24576,2048,1024,True,1,1.0,yolo/images/train/RECHERCHE-005_x116736_y024576.jpg,segmentation/masks/train/RECHERCHE-005_x116736_y024576.png,yolo/labels/train/RECHERCHE-005_x116736_y024576.txt
RECHERCHE-005_x164352_y024576,RECHERCHE-005,train,fold_1,164352,24576,2048,1024,True,1,0.8819,yolo/images/train/RECHERCHE-005_x164352_y024576.jpg,segmentation/masks/train/RECHERCHE-005_x164352_y024576.png,yolo/labels/train/RECHERCHE-005_x164352_y024576.txt
RECHERCHE-005_x015360_y026112,RECHERCHE-005,train,fold_1,15360,26112,2048,1024,True,1,0.6818,yolo/images/train/RECHERCHE-005_x015360_y026112.jpg,segmentation/masks/train/RECHERCHE-005_x015360_y026112.png,yolo/labels/train/RECHERCHE-005_x015360_y026112.txt
RECHERCHE-005_x062976_y026112,RECHERCHE-005,train,fold_1,62976,26112,2048,1024,True,1,0.7879,yolo/images/train/RECHERCHE-005_x062976_y026112.jpg,segmentation/masks/train/RECHERCHE-005_x062976_y026112.png,yolo/labels/train/RECHERCHE-005_x062976_y026112.txt
RECHERCHE-005_x112128_y026112,RECHERCHE-005,train,fold_1,112128,26112,2048,1024,True,1,0.4924,yolo/images/train/RECHERCHE-005_x112128_y026112.jpg,segmentation/masks/train/RECHERCHE-005_x112128_y026112.png,yolo/labels/train/RECHERCHE-005_x112128_y026112.txt
RECHERCHE-005_x113664_y026112,RECHERCHE-005,train,fold_1,113664,26112,2048,1024,True,2,1.0,yolo/images/train/RECHERCHE-005_x113664_y026112.jpg,segmentation/masks/train/RECHERCHE-005_x113664_y026112.png,yolo/labels/train/RECHERCHE-005_x113664_y026112.txt
RECHERCHE-005_x115200_y026112,RECHERCHE-005,train,fold_1,115200,26112,2048,1024,True,1,1.0,yolo/images/train/RECHERCHE-005_x115200_y026112.jpg,segmentation/masks/train/RECHERCHE-005_x115200_y026112.png,yolo/labels/train/RECHERCHE-005_x115200_y026112.txt
RECHERCHE-005_x013824_y027648,RECHERCHE-005,train,fold_1,13824,27648,2048,1024,True,1,0.3864,yolo/images/train/RECHERCHE-005_x013824_y027648.jpg,segmentation/masks/train/RECHERCHE-005_x013824_y027648.png,yolo/labels/train/RECHERCHE-005_x013824_y027648.txt
RECHERCHE-005_x015360_y027648,RECHERCHE-005,train,fold_1,15360,27648,2048,1024,True,1,0.9924,yolo/images/train/RECHERCHE-005_x015360_y027648.jpg,segmentation/masks/train/RECHERCHE-005_x015360_y027648.png,yolo/labels/train/RECHERCHE-005_x015360_y027648.txt
RECHERCHE-005_x061440_y027648,RECHERCHE-005,train,fold_1,61440,27648,2048,1024,True,1,0.4773,yolo/images/train/RECHERCHE-005_x061440_y027648.jpg,segmentation/masks/train/RECHERCHE-005_x061440_y027648.png,yolo/labels/train/RECHERCHE-005_x061440_y027648.txt
RECHERCHE-005_x062976_y027648,RECHERCHE-005,train,fold_1,62976,27648,2048,1024,True,1,1.0,yolo/images/train/RECHERCHE-005_x062976_y027648.jpg,segmentation/masks/train/RECHERCHE-005_x062976_y027648.png,yolo/labels/train/RECHERCHE-005_x062976_y027648.txt
RECHERCHE-005_x110592_y027648,RECHERCHE-005,train,fold_1,110592,27648,2048,1024,True,1,0.3636,yolo/images/train/RECHERCHE-005_x110592_y027648.jpg,segmentation/masks/train/RECHERCHE-005_x110592_y027648.png,yolo/labels/train/RECHERCHE-005_x110592_y027648.txt
RECHERCHE-005_x113664_y027648,RECHERCHE-005,train,fold_1,113664,27648,2048,1024,True,1,1.0,yolo/images/train/RECHERCHE-005_x113664_y027648.jpg,segmentation/masks/train/RECHERCHE-005_x113664_y027648.png,yolo/labels/train/RECHERCHE-005_x113664_y027648.txt
RECHERCHE-005_x115200_y027648,RECHERCHE-005,train,fold_1,115200,27648,2048,1024,True,2,0.8636,yolo/images/train/RECHERCHE-005_x115200_y027648.jpg,segmentation/masks/train/RECHERCHE-005_x115200_y027648.png,yolo/labels/train/RECHERCHE-005_x115200_y027648.txt
RECHERCHE-005_x162816_y027648,RECHERCHE-005,train,fold_1,162816,27648,2048,1024,True,1,1.0,yolo/images/train/RECHERCHE-005_x162816_y027648.jpg,segmentation/masks/train/RECHERCHE-005_x162816_y027648.png,yolo/labels/train/RECHERCHE-005_x162816_y027648.txt
RECHERCHE-005_x013824_y029184,RECHERCHE-005,train,fold_1,13824,29184,2048,1024,True,1,0.7083,yolo/images/train/RECHERCHE-005_x013824_y029184.jpg,segmentation/masks/train/RECHERCHE-005_x013824_y029184.png,yolo/labels/train/RECHERCHE-005_x013824_y029184.txt
RECHERCHE-005_x015360_y029184,RECHERCHE-005,train,fold_1,15360,29184,2048,1024,True,1,1.0,yolo/images/train/RECHERCHE-005_x015360_y029184.jpg,segmentation/masks/train/RECHERCHE-005_x015360_y029184.png,yolo/labels/train/RECHERCHE-005_x015360_y029184.txt
RECHERCHE-005_x062976_y029184,RECHERCHE-005,train,fold_1,62976,29184,2048,1024,True,1,1.0,yolo/images/train/RECHERCHE-005_x062976_y029184.jpg,segmentation/masks/train/RECHERCHE-005_x062976_y029184.png,yolo/labels/train/RECHERCHE-005_x062976_y029184.txt
RECHERCHE-005_x109056_y029184,RECHERCHE-005,train,fold_1,109056,29184,2048,1024,True,1,0.2569,yolo/images/train/RECHERCHE-005_x109056_y029184.jpg,segmentation/masks/train/RECHERCHE-005_x109056_y029184.png,yolo/labels/train/RECHERCHE-005_x109056_y029184.txt
RECHERCHE-005_x110592_y029184,RECHERCHE-005,train,fold_1,110592,29184,2048,1024,True,1,0.8819,yolo/images/train/RECHERCHE-005_x110592_y029184.jpg,segmentation/masks/train/RECHERCHE-005_x110592_y029184.png,yolo/labels/train/RECHERCHE-005_x110592_y029184.txt
RECHERCHE-005_x159744_y029184,RECHERCHE-005,train,fold_1,159744,29184,2048,1024,True,1,0.5903,yolo/images/train/RECHERCHE-005_x159744_y029184.jpg,segmentation/masks/train/RECHERCHE-005_x159744_y029184.png,yolo/labels/train/RECHERCHE-005_x159744_y029184.txt
RECHERCHE-005_x161280_y029184,RECHERCHE-005,train,fold_1,161280,29184,2048,1024,True,2,0.9924,yolo/images/train/RECHERCHE-005_x161280_y029184.jpg,segmentation/masks/train/RECHERCHE-005_x161280_y029184.png,yolo/labels/train/RECHERCHE-005_x161280_y029184.txt
RECHERCHE-005_x162816_y029184,RECHERCHE-005,train,fold_1,162816,29184,2048,1024,True,1,1.0,yolo/images/train/RECHERCHE-005_x162816_y029184.jpg,segmentation/masks/train/RECHERCHE-005_x162816_y029184.png,yolo/labels/train/RECHERCHE-005_x162816_y029184.txt
RECHERCHE-005_x164352_y029184,RECHERCHE-005,train,fold_1,164352,29184,2048,1024,True,1,0.7639,yolo/images/train/RECHERCHE-005_x164352_y029184.jpg,segmentation/masks/train/RECHERCHE-005_x164352_y029184.png,yolo/labels/train/RECHERCHE-005_x164352_y029184.txt
RECHERCHE-005_x109056_y030720,RECHERCHE-005,train,fold_1,109056,30720,2048,1024,True,1,0.7569,yolo/images/train/RECHERCHE-005_x109056_y030720.jpg,segmentation/masks/train/RECHERCHE-005_x109056_y030720.png,yolo/labels/train/RECHERCHE-005_x109056_y030720.txt
RECHERCHE-005_x159744_y030720,RECHERCHE-005,train,fold_1,159744,30720,2048,1024,True,1,0.9653,yolo/images/train/RECHERCHE-005_x159744_y030720.jpg,segmentation/masks/train/RECHERCHE-005_x159744_y030720.png,yolo/labels/train/RECHERCHE-005_x159744_y030720.txt
RECHERCHE-005_x161280_y030720,RECHERCHE-005,train,fold_1,161280,30720,2048,1024,True,3,1.0,yolo/images/train/RECHERCHE-005_x161280_y030720.jpg,segmentation/masks/train/RECHERCHE-005_x161280_y030720.png,yolo/labels/train/RECHERCHE-005_x161280_y030720.txt
RECHERCHE-005_x162816_y030720,RECHERCHE-005,train,fold_1,162816,30720,2048,1024,True,1,0.9236,yolo/images/train/RECHERCHE-005_x162816_y030720.jpg,segmentation/masks/train/RECHERCHE-005_x162816_y030720.png,yolo/labels/train/RECHERCHE-005_x162816_y030720.txt
RECHERCHE-005_x109056_y032256,RECHERCHE-005,train,fold_1,109056,32256,2048,1024,True,1,0.9931,yolo/images/train/RECHERCHE-005_x109056_y032256.jpg,segmentation/masks/train/RECHERCHE-005_x109056_y032256.png,yolo/labels/train/RECHERCHE-005_x109056_y032256.txt
RECHERCHE-005_x156672_y032256,RECHERCHE-005,train,fold_1,156672,32256,2048,1024,True,1,0.2361,yolo/images/train/RECHERCHE-005_x156672_y032256.jpg,segmentation/masks/train/RECHERCHE-005_x156672_y032256.png,yolo/labels/train/RECHERCHE-005_x156672_y032256.txt
RECHERCHE-005_x161280_y032256,RECHERCHE-005,train,fold_1,161280,32256,2048,1024,True,2,0.9394,yolo/images/train/RECHERCHE-005_x161280_y032256.jpg,segmentation/masks/train/RECHERCHE-005_x161280_y032256.png,yolo/labels/train/RECHERCHE-005_x161280_y032256.txt
RECHERCHE-005_x162816_y032256,RECHERCHE-005,train,fold_1,162816,32256,2048,1024,True,1,0.3472,yolo/images/train/RECHERCHE-005_x162816_y032256.jpg,segmentation/masks/train/RECHERCHE-005_x162816_y032256.png,yolo/labels/train/RECHERCHE-005_x162816_y032256.txt
RECHERCHE-005_x010752_y033792,RECHERCHE-005,train,fold_1,10752,33792,2048,1024,True,1,0.5076,yolo/images/train/RECHERCHE-005_x010752_y033792.jpg,segmentation/masks/train/RECHERCHE-005_x010752_y033792.png,yolo/labels/train/RECHERCHE-005_x010752_y033792.txt
RECHERCHE-005_x012288_y033792,RECHERCHE-005,train,fold_1,12288,33792,2048,1024,True,1,1.0,yolo/images/train/RECHERCHE-005_x012288_y033792.jpg,segmentation/masks/train/RECHERCHE-005_x012288_y033792.png,yolo/labels/train/RECHERCHE-005_x012288_y033792.txt
RECHERCHE-005_x058368_y033792,RECHERCHE-005,train,fold_1,58368,33792,2048,1024,True,1,0.75,yolo/images/train/RECHERCHE-005_x058368_y033792.jpg,segmentation/masks/train/RECHERCHE-005_x058368_y033792.png,yolo/labels/train/RECHERCHE-005_x058368_y033792.txt
RECHERCHE-005_x059904_y033792,RECHERCHE-005,train,fold_1,59904,33792,2048,1024,True,1,1.0,yolo/images/train/RECHERCHE-005_x059904_y033792.jpg,segmentation/masks/train/RECHERCHE-005_x059904_y033792.png,yolo/labels/train/RECHERCHE-005_x059904_y033792.txt
RECHERCHE-005_x156672_y033792,RECHERCHE-005,train,fold_1,156672,33792,2048,1024,True,1,0.7727,yolo/images/train/RECHERCHE-005_x156672_y033792.jpg,segmentation/masks/train/RECHERCHE-005_x156672_y033792.png,yolo/labels/train/RECHERCHE-005_x156672_y033792.txt
RECHERCHE-005_x010752_y035328,RECHERCHE-005,train,fold_1,10752,35328,2048,1024,True,1,0.9097,yolo/images/train/RECHERCHE-005_x010752_y035328.jpg,segmentation/masks/train/RECHERCHE-005_x010752_y035328.png,yolo/labels/train/RECHERCHE-005_x010752_y035328.txt
RECHERCHE-005_x012288_y035328,RECHERCHE-005,train,fold_1,12288,35328,2048,1024,True,1,1.0,yolo/images/train/RECHERCHE-005_x012288_y035328.jpg,segmentation/masks/train/RECHERCHE-005_x012288_y035328.png,yolo/labels/train/RECHERCHE-005_x012288_y035328.txt
RECHERCHE-005_x056832_y035328,RECHERCHE-005,train,fold_1,56832,35328,2048,1024,True,1,0.5833,yolo/images/train/RECHERCHE-005_x056832_y035328.jpg,segmentation/masks/train/RECHERCHE-005_x056832_y035328.png,yolo/labels/train/RECHERCHE-005_x056832_y035328.txt
RECHERCHE-005_x058368_y035328,RECHERCHE-005,train,fold_1,58368,35328,2048,1024,True,1,0.9931,yolo/images/train/RECHERCHE-005_x058368_y035328.jpg,segmentation/masks/train/RECHERCHE-005_x058368_y035328.png,yolo/labels/train/RECHERCHE-005_x058368_y035328.txt
RECHERCHE-005_x059904_y035328,RECHERCHE-005,train,fold_1,59904,35328,2048,1024,True,1,1.0,yolo/images/train/RECHERCHE-005_x059904_y035328.jpg,segmentation/masks/train/RECHERCHE-005_x059904_y035328.png,yolo/labels/train/RECHERCHE-005_x059904_y035328.txt
RECHERCHE-005_x155136_y035328,RECHERCHE-005,train,fold_1,155136,35328,2048,1024,True,1,0.5076,yolo/images/train/RECHERCHE-005_x155136_y035328.jpg,segmentation/masks/train/RECHERCHE-005_x155136_y035328.png,yolo/labels/train/RECHERCHE-005_x155136_y035328.txt
RECHERCHE-005_x156672_y035328,RECHERCHE-005,train,fold_1,156672,35328,2048,1024,True,1,1.0,yolo/images/train/RECHERCHE-005_x156672_y035328.jpg,segmentation/masks/train/RECHERCHE-005_x156672_y035328.png,yolo/labels/train/RECHERCHE-005_x156672_y035328.txt
RECHERCHE-005_x007680_y036864,RECHERCHE-005,train,fold_1,7680,36864,2048,1024,True,1,0.2361,yolo/images/train/RECHERCHE-005_x007680_y036864.jpg,segmentation/masks/train/RECHERCHE-005_x007680_y036864.png,yolo/labels/train/RECHERCHE-005_x007680_y036864.txt
RECHERCHE-005_x009216_y036864,RECHERCHE-005,train,fold_1,9216,36864,2048,1024,True,1,0.8542,yolo/images/train/RECHERCHE-005_x009216_y036864.jpg,segmentation/masks/train/RECHERCHE-005_x009216_y036864.png,yolo/labels/train/RECHERCHE-005_x009216_y036864.txt
RECHERCHE-005_x055296_y036864,RECHERCHE-005,train,fold_1,55296,36864,2048,1024,True,1,0.5347,yolo/images/train/RECHERCHE-005_x055296_y036864.jpg,segmentation/masks/train/RECHERCHE-005_x055296_y036864.png,yolo/labels/train/RECHERCHE-005_x055296_y036864.txt
RECHERCHE-005_x056832_y036864,RECHERCHE-005,train,fold_1,56832,36864,2048,1024,True,2,0.9792,yolo/images/train/RECHERCHE-005_x056832_y036864.jpg,segmentation/masks/train/RECHERCHE-005_x056832_y036864.png,yolo/labels/train/RECHERCHE-005_x056832_y036864.txt
RECHERCHE-005_x104448_y036864,RECHERCHE-005,train,fold_1,104448,36864,2048,1024,True,1,0.5764,yolo/images/train/RECHERCHE-005_x104448_y036864.jpg,segmentation/masks/train/RECHERCHE-005_x104448_y036864.png,yolo/labels/train/RECHERCHE-005_x104448_y036864.txt
RECHERCHE-005_x105984_y036864,RECHERCHE-005,train,fold_1,105984,36864,2048,1024,True,1,0.9931,yolo/images/train/RECHERCHE-005_x105984_y036864.jpg,segmentation/masks/train/RECHERCHE-005_x105984_y036864.png,yolo/labels/train/RECHERCHE-005_x105984_y036864.txt
RECHERCHE-005_x155136_y036864,RECHERCHE-005,train,fold_1,155136,36864,2048,1024,True,1,0.8864,yolo/images/train/RECHERCHE-005_x155136_y036864.jpg,segmentation/masks/train/RECHERCHE-005_x155136_y036864.png,yolo/labels/train/RECHERCHE-005_x155136_y036864.txt
RECHERCHE-005_x156672_y036864,RECHERCHE-005,train,fold_1,156672,36864,2048,1024,True,1,1.0,yolo/images/train/RECHERCHE-005_x156672_y036864.jpg,segmentation/masks/train/RECHERCHE-005_x156672_y036864.png,yolo/labels/train/RECHERCHE-005_x156672_y036864.txt
RECHERCHE-005_x007680_y038400,RECHERCHE-005,train,fold_1,7680,38400,2048,1024,True,1,0.8194,yolo/images/train/RECHERCHE-005_x007680_y038400.jpg,segmentation/masks/train/RECHERCHE-005_x007680_y038400.png,yolo/labels/train/RECHERCHE-005_x007680_y038400.txt
RECHERCHE-005_x009216_y038400,RECHERCHE-005,train,fold_1,9216,38400,2048,1024,True,2,1.0,yolo/images/train/RECHERCHE-005_x009216_y038400.jpg,segmentation/masks/train/RECHERCHE-005_x009216_y038400.png,yolo/labels/train/RECHERCHE-005_x009216_y038400.txt
RECHERCHE-005_x010752_y038400,RECHERCHE-005,train,fold_1,10752,38400,2048,1024,True,1,1.0,yolo/images/train/RECHERCHE-005_x010752_y038400.jpg,segmentation/masks/train/RECHERCHE-005_x010752_y038400.png,yolo/labels/train/RECHERCHE-005_x010752_y038400.txt
RECHERCHE-005_x053760_y038400,RECHERCHE-005,train,fold_1,53760,38400,2048,1024,True,1,0.4697,yolo/images/train/RECHERCHE-005_x053760_y038400.jpg,segmentation/masks/train/RECHERCHE-005_x053760_y038400.png,yolo/labels/train/RECHERCHE-005_x053760_y038400.txt
RECHERCHE-005_x055296_y038400,RECHERCHE-005,train,fold_1,55296,38400,2048,1024,True,1,0.9722,yolo/images/train/RECHERCHE-005_x055296_y038400.jpg,segmentation/masks/train/RECHERCHE-005_x055296_y038400.png,yolo/labels/train/RECHERCHE-005_x055296_y038400.txt
RECHERCHE-005_x056832_y038400,RECHERCHE-005,train,fold_1,56832,38400,2048,1024,True,1,1.0,yolo/images/train/RECHERCHE-005_x056832_y038400.jpg,segmentation/masks/train/RECHERCHE-005_x056832_y038400.png,yolo/labels/train/RECHERCHE-005_x056832_y038400.txt
RECHERCHE-005_x058368_y038400,RECHERCHE-005,train,fold_1,58368,38400,2048,1024,True,1,0.9792,yolo/images/train/RECHERCHE-005_x058368_y038400.jpg,segmentation/masks/train/RECHERCHE-005_x058368_y038400.png,yolo/labels/train/RECHERCHE-005_x058368_y038400.txt
RECHERCHE-005_x102912_y038400,RECHERCHE-005,train,fold_1,102912,38400,2048,1024,True,1,0.5556,yolo/images/train/RECHERCHE-005_x102912_y038400.jpg,segmentation/masks/train/RECHERCHE-005_x102912_y038400.png,yolo/labels/train/RECHERCHE-005_x102912_y038400.txt
RECHERCHE-005_x104448_y038400,RECHERCHE-005,train,fold_1,104448,38400,2048,1024,True,1,0.9792,yolo/images/train/RECHERCHE-005_x104448_y038400.jpg,segmentation/masks/train/RECHERCHE-005_x104448_y038400.png,yolo/labels/train/RECHERCHE-005_x104448_y038400.txt
RECHERCHE-005_x105984_y038400,RECHERCHE-005,train,fold_1,105984,38400,2048,1024,True,1,1.0,yolo/images/train/RECHERCHE-005_x105984_y038400.jpg,segmentation/masks/train/RECHERCHE-005_x105984_y038400.png,yolo/labels/train/RECHERCHE-005_x105984_y038400.txt
RECHERCHE-005_x006144_y039936,RECHERCHE-005,train,fold_1,6144,39936,2048,1024,True,1,0.7603,yolo/images/train/RECHERCHE-005_x006144_y039936.jpg,segmentation/masks/train/RECHERCHE-005_x006144_y039936.png,yolo/labels/train/RECHERCHE-005_x006144_y039936.txt
RECHERCHE-005_x007680_y039936,RECHERCHE-005,train,fold_1,7680,39936,2048,1024,True,1,1.0,yolo/images/train/RECHERCHE-005_x007680_y039936.jpg,segmentation/masks/train/RECHERCHE-005_x007680_y039936.png,yolo/labels/train/RECHERCHE-005_x007680_y039936.txt
RECHERCHE-005_x009216_y039936,RECHERCHE-005,train,fold_1,9216,39936,2048,1024,True,1,1.0,yolo/images/train/RECHERCHE-005_x009216_y039936.jpg,segmentation/masks/train/RECHERCHE-005_x009216_y039936.png,yolo/labels/train/RECHERCHE-005_x009216_y039936.txt
RECHERCHE-005_x010752_y039936,RECHERCHE-005,train,fold_1,10752,39936,2048,1024,True,1,0.8788,yolo/images/train/RECHERCHE-005_x010752_y039936.jpg,segmentation/masks/train/RECHERCHE-005_x010752_y039936.png,yolo/labels/train/RECHERCHE-005_x010752_y039936.txt
RECHERCHE-005_x052224_y039936,RECHERCHE-005,train,fold_1,52224,39936,2048,1024,True,1,0.3967,yolo/images/train/RECHERCHE-005_x052224_y039936.jpg,segmentation/masks/train/RECHERCHE-005_x052224_y039936.png,yolo/labels/train/RECHERCHE-005_x052224_y039936.txt
RECHERCHE-005_x053760_y039936,RECHERCHE-005,train,fold_1,53760,39936,2048,1024,True,3,0.9421,yolo/images/train/RECHERCHE-005_x053760_y039936.jpg,segmentation/masks/train/RECHERCHE-005_x053760_y039936.png,yolo/labels/train/RECHERCHE-005_x053760_y039936.txt
RECHERCHE-005_x055296_y039936,RECHERCHE-005,train,fold_1,55296,39936,2048,1024,True,1,1.0,yolo/images/train/RECHERCHE-005_x055296_y039936.jpg,segmentation/masks/train/RECHERCHE-005_x055296_y039936.png,yolo/labels/train/RECHERCHE-005_x055296_y039936.txt
RECHERCHE-005_x101376_y039936,RECHERCHE-005,train,fold_1,101376,39936,2048,1024,True,1,0.6198,yolo/images/train/RECHERCHE-005_x101376_y039936.jpg,segmentation/masks/train/RECHERCHE-005_x101376_y039936.png,yolo/labels/train/RECHERCHE-005_x101376_y039936.txt
RECHERCHE-005_x102912_y039936,RECHERCHE-005,train,fold_1,102912,39936,2048,1024,True,2,0.9924,yolo/images/train/RECHERCHE-005_x102912_y039936.jpg,segmentation/masks/train/RECHERCHE-005_x102912_y039936.png,yolo/labels/train/RECHERCHE-005_x102912_y039936.txt
RECHERCHE-005_x006144_y041472,RECHERCHE-005,train,fold_1,6144,41472,2048,1024,True,1,1.0,yolo/images/train/RECHERCHE-005_x006144_y041472.jpg,segmentation/masks/train/RECHERCHE-005_x006144_y041472.png,yolo/labels/train/RECHERCHE-005_x006144_y041472.txt
RECHERCHE-005_x007680_y041472,RECHERCHE-005,train,fold_1,7680,41472,2048,1024,True,2,1.0,yolo/images/train/RECHERCHE-005_x007680_y041472.jpg,segmentation/masks/train/RECHERCHE-005_x007680_y041472.png,yolo/labels/train/RECHERCHE-005_x007680_y041472.txt
RECHERCHE-005_x052224_y041472,RECHERCHE-005,train,fold_1,52224,41472,2048,1024,True,1,0.9421,yolo/images/train/RECHERCHE-005_x052224_y041472.jpg,segmentation/masks/train/RECHERCHE-005_x052224_y041472.png,yolo/labels/train/RECHERCHE-005_x052224_y041472.txt
RECHERCHE-005_x053760_y041472,RECHERCHE-005,train,fold_1,53760,41472,2048,1024,True,2,1.0,yolo/images/train/RECHERCHE-005_x053760_y041472.jpg,segmentation/masks/train/RECHERCHE-005_x053760_y041472.png,yolo/labels/train/RECHERCHE-005_x053760_y041472.txt
RECHERCHE-005_x055296_y041472,RECHERCHE-005,train,fold_1,55296,41472,2048,1024,True,2,0.947,yolo/images/train/RECHERCHE-005_x055296_y041472.jpg,segmentation/masks/train/RECHERCHE-005_x055296_y041472.png,yolo/labels/train/RECHERCHE-005_x055296_y041472.txt
RECHERCHE-005_x099840_y041472,RECHERCHE-005,train,fold_1,99840,41472,2048,1024,True,1,0.6612,yolo/images/train/RECHERCHE-005_x099840_y041472.jpg,segmentation/masks/train/RECHERCHE-005_x099840_y041472.png,yolo/labels/train/RECHERCHE-005_x099840_y041472.txt
RECHERCHE-005_x101376_y041472,RECHERCHE-005,train,fold_1,101376,41472,2048,1024,True,1,1.0,yolo/images/train/RECHERCHE-005_x101376_y041472.jpg,segmentation/masks/train/RECHERCHE-005_x101376_y041472.png,yolo/labels/train/RECHERCHE-005_x101376_y041472.txt
RECHERCHE-005_x102912_y041472,RECHERCHE-005,train,fold_1,102912,41472,2048,1024,True,1,1.0,yolo/images/train/RECHERCHE-005_x102912_y041472.jpg,segmentation/masks/train/RECHERCHE-005_x102912_y041472.png,yolo/labels/train/RECHERCHE-005_x102912_y041472.txt
RECHERCHE-005_x104448_y041472,RECHERCHE-005,train,fold_1,104448,41472,2048,1024,True,1,0.9848,yolo/images/train/RECHERCHE-005_x104448_y041472.jpg,segmentation/masks/train/RECHERCHE-005_x104448_y041472.png,yolo/labels/train/RECHERCHE-005_x104448_y041472.txt
RECHERCHE-005_x150528_y041472,RECHERCHE-005,train,fold_1,150528,41472,2048,1024,True,1,0.2348,yolo/images/train/RECHERCHE-005_x150528_y041472.jpg,segmentation/masks/train/RECHERCHE-005_x150528_y041472.png,yolo/labels/train/RECHERCHE-005_x150528_y041472.txt
RECHERCHE-005_x152064_y041472,RECHERCHE-005,train,fold_1,152064,41472,2048,1024,True,1,0.9015,yolo/images/train/RECHERCHE-005_x152064_y041472.jpg,segmentation/masks/train/RECHERCHE-005_x152064_y041472.png,yolo/labels/train/RECHERCHE-005_x152064_y041472.txt
RECHERCHE-005_x153600_y041472,RECHERCHE-005,train,fold_1,153600,41472,2048,1024,True,1,1.0,yolo/images/train/RECHERCHE-005_x153600_y041472.jpg,segmentation/masks/train/RECHERCHE-005_x153600_y041472.png,yolo/labels/train/RECHERCHE-005_x153600_y041472.txt
RECHERCHE-005_x004608_y043008,RECHERCHE-005,train,fold_1,4608,43008,2048,1024,True,1,1.0,yolo/images/train/RECHERCHE-005_x004608_y043008.jpg,segmentation/masks/train/RECHERCHE-005_x004608_y043008.png,yolo/labels/train/RECHERCHE-005_x004608_y043008.txt
RECHERCHE-005_x006144_y043008,RECHERCHE-005,train,fold_1,6144,43008,2048,1024,True,1,1.0,yolo/images/train/RECHERCHE-005_x006144_y043008.jpg,segmentation/masks/train/RECHERCHE-005_x006144_y043008.png,yolo/labels/train/RECHERCHE-005_x006144_y043008.txt
RECHERCHE-005_x007680_y043008,RECHERCHE-005,train,fold_1,7680,43008,2048,1024,True,1,0.7569,yolo/images/train/RECHERCHE-005_x007680_y043008.jpg,segmentation/masks/train/RECHERCHE-005_x007680_y043008.png,yolo/labels/train/RECHERCHE-005_x007680_y043008.txt
RECHERCHE-005_x052224_y043008,RECHERCHE-005,train,fold_1,52224,43008,2048,1024,True,1,1.0,yolo/images/train/RECHERCHE-005_x052224_y043008.jpg,segmentation/masks/train/RECHERCHE-005_x052224_y043008.png,yolo/labels/train/RECHERCHE-005_x052224_y043008.txt
RECHERCHE-005_x098304_y043008,RECHERCHE-005,train,fold_1,98304,43008,2048,1024,True,1,0.7222,yolo/images/train/RECHERCHE-005_x098304_y043008.jpg,segmentation/masks/train/RECHERCHE-005_x098304_y043008.png,yolo/labels/train/RECHERCHE-005_x098304_y043008.txt
RECHERCHE-005_x099840_y043008,RECHERCHE-005,train,fold_1,99840,43008,2048,1024,True,2,0.9924,yolo/images/train/RECHERCHE-005_x099840_y043008.jpg,segmentation/masks/train/RECHERCHE-005_x099840_y043008.png,yolo/labels/train/RECHERCHE-005_x099840_y043008.txt
RECHERCHE-005_x101376_y043008,RECHERCHE-005,train,fold_1,101376,43008,2048,1024,True,1,1.0,yolo/images/train/RECHERCHE-005_x101376_y043008.jpg,segmentation/masks/train/RECHERCHE-005_x101376_y043008.png,yolo/labels/train/RECHERCHE-005_x101376_y043008.txt
RECHERCHE-005_x148992_y043008,RECHERCHE-005,train,fold_1,148992,43008,2048,1024,True,1,0.2576,yolo/images/train/RECHERCHE-005_x148992_y043008.jpg,segmentation/masks/train/RECHERCHE-005_x148992_y043008.png,yolo/labels/train/RECHERCHE-005_x148992_y043008.txt
RECHERCHE-005_x150528_y043008,RECHERCHE-005,train,fold_1,150528,43008,2048,1024,True,1,0.8125,yolo/images/train/RECHERCHE-005_x150528_y043008.jpg,segmentation/masks/train/RECHERCHE-005_x150528_y043008.png,yolo/labels/train/RECHERCHE-005_x150528_y043008.txt
RECHERCHE-005_x152064_y043008,RECHERCHE-005,train,fold_1,152064,43008,2048,1024,True,1,1.0,yolo/images/train/RECHERCHE-005_x152064_y043008.jpg,segmentation/masks/train/RECHERCHE-005_x152064_y043008.png,yolo/labels/train/RECHERCHE-005_x152064_y043008.txt
RECHERCHE-005_x153600_y043008,RECHERCHE-005,train,fold_1,153600,43008,2048,1024,True,1,0.8889,yolo/images/train/RECHERCHE-005_x153600_y043008.jpg,segmentation/masks/train/RECHERCHE-005_x153600_y043008.png,yolo/labels/train/RECHERCHE-005_x153600_y043008.txt
RECHERCHE-005_x001536_y044544,RECHERCHE-005,train,fold_1,1536,44544,2048,1024,True,1,0.3819,yolo/images/train/RECHERCHE-005_x001536_y044544.jpg,segmentation/masks/train/RECHERCHE-005_x001536_y044544.png,yolo/labels/train/RECHERCHE-005_x001536_y044544.txt
RECHERCHE-005_x003072_y044544,RECHERCHE-005,train,fold_1,3072,44544,2048,1024,True,1,0.9792,yolo/images/train/RECHERCHE-005_x003072_y044544.jpg,segmentation/masks/train/RECHERCHE-005_x003072_y044544.png,yolo/labels/train/RECHERCHE-005_x003072_y044544.txt
RECHERCHE-005_x004608_y044544,RECHERCHE-005,train,fold_1,4608,44544,2048,1024,True,1,0.9167,yolo/images/train/RECHERCHE-005_x004608_y044544.jpg,segmentation/masks/train/RECHERCHE-005_x004608_y044544.png,yolo/labels/train/RECHERCHE-005_x004608_y044544.txt
RECHERCHE-005_x049152_y044544,RECHERCHE-005,train,fold_1,49152,44544,2048,1024,True,1,0.5694,yolo/images/train/RECHERCHE-005_x049152_y044544.jpg,segmentation/masks/train/RECHERCHE-005_x049152_y044544.png,yolo/labels/train/RECHERCHE-005_x049152_y044544.txt
RECHERCHE-005_x098304_y044544,RECHERCHE-005,train,fold_1,98304,44544,2048,1024,True,1,1.0,yolo/images/train/RECHERCHE-005_x098304_y044544.jpg,segmentation/masks/train/RECHERCHE-005_x098304_y044544.png,yolo/labels/train/RECHERCHE-005_x098304_y044544.txt
RECHERCHE-005_x099840_y044544,RECHERCHE-005,train,fold_1,99840,44544,2048,1024,True,2,1.0,yolo/images/train/RECHERCHE-005_x099840_y044544.jpg,segmentation/masks/train/RECHERCHE-005_x099840_y044544.png,yolo/labels/train/RECHERCHE-005_x099840_y044544.txt
RECHERCHE-005_x101376_y044544,RECHERCHE-005,train,fold_1,101376,44544,2048,1024,True,1,0.7727,yolo/images/train/RECHERCHE-005_x101376_y044544.jpg,segmentation/masks/train/RECHERCHE-005_x101376_y044544.png,yolo/labels/train/RECHERCHE-005_x101376_y044544.txt
RECHERCHE-005_x148992_y044544,RECHERCHE-005,train,fold_1,148992,44544,2048,1024,True,1,0.8712,yolo/images/train/RECHERCHE-005_x148992_y044544.jpg,segmentation/masks/train/RECHERCHE-005_x148992_y044544.png,yolo/labels/train/RECHERCHE-005_x148992_y044544.txt
RECHERCHE-005_x150528_y044544,RECHERCHE-005,train,fold_1,150528,44544,2048,1024,True,2,1.0,yolo/images/train/RECHERCHE-005_x150528_y044544.jpg,segmentation/masks/train/RECHERCHE-005_x150528_y044544.png,yolo/labels/train/RECHERCHE-005_x150528_y044544.txt
RECHERCHE-005_x001536_y046080,RECHERCHE-005,train,fold_1,1536,46080,2048,1024,True,1,0.5694,yolo/images/train/RECHERCHE-005_x001536_y046080.jpg,segmentation/masks/train/RECHERCHE-005_x001536_y046080.png,yolo/labels/train/RECHERCHE-005_x001536_y046080.txt
RECHERCHE-005_x003072_y046080,RECHERCHE-005,train,fold_1,3072,46080,2048,1024,True,1,0.7292,yolo/images/train/RECHERCHE-005_x003072_y046080.jpg,segmentation/masks/train/RECHERCHE-005_x003072_y046080.png,yolo/labels/train/RECHERCHE-005_x003072_y046080.txt
RECHERCHE-005_x095232_y046080,RECHERCHE-005,train,fold_1,95232,46080,2048,1024,True,1,0.6458,yolo/images/train/RECHERCHE-005_x095232_y046080.jpg,segmentation/masks/train/RECHERCHE-005_x095232_y046080.png,yolo/labels/train/RECHERCHE-005_x095232_y046080.txt
RECHERCHE-005_x098304_y046080,RECHERCHE-005,train,fold_1,98304,46080,2048,1024,True,1,0.9028,yolo/images/train/RECHERCHE-005_x098304_y046080.jpg,segmentation/masks/train/RECHERCHE-005_x098304_y046080.png,yolo/labels/train/RECHERCHE-005_x098304_y046080.txt
RECHERCHE-005_x145920_y046080,RECHERCHE-005,train,fold_1,145920,46080,2048,1024,True,1,0.2778,yolo/images/train/RECHERCHE-005_x145920_y046080.jpg,segmentation/masks/train/RECHERCHE-005_x145920_y046080.png,yolo/labels/train/RECHERCHE-005_x145920_y046080.txt
RECHERCHE-005_x147456_y046080,RECHERCHE-005,train,fold_1,147456,46080,2048,1024,True,1,0.8712,yolo/images/train/RECHERCHE-005_x147456_y046080.jpg,segmentation/masks/train/RECHERCHE-005_x147456_y046080.png,yolo/labels/train/RECHERCHE-005_x147456_y046080.txt
RECHERCHE-005_x148992_y046080,RECHERCHE-005,train,fold_1,148992,46080,2048,1024,True,1,1.0,yolo/images/train/RECHERCHE-005_x148992_y046080.jpg,segmentation/masks/train/RECHERCHE-005_x148992_y046080.png,yolo/labels/train/RECHERCHE-005_x148992_y046080.txt
RECHERCHE-005_x150528_y046080,RECHERCHE-005,train,fold_1,150528,46080,2048,1024,True,1,1.0,yolo/images/train/RECHERCHE-005_x150528_y046080.jpg,segmentation/masks/train/RECHERCHE-005_x150528_y046080.png,yolo/labels/train/RECHERCHE-005_x150528_y046080.txt
RECHERCHE-005_x093696_y047616,RECHERCHE-005,train,fold_1,93696,47616,2048,1024,True,1,0.2066,yolo/images/train/RECHERCHE-005_x093696_y047616.jpg,segmentation/masks/train/RECHERCHE-005_x093696_y047616.png,yolo/labels/train/RECHERCHE-005_x093696_y047616.txt
RECHERCHE-005_x095232_y047616,RECHERCHE-005,train,fold_1,95232,47616,2048,1024,True,1,0.8788,yolo/images/train/RECHERCHE-005_x095232_y047616.jpg,segmentation/masks/train/RECHERCHE-005_x095232_y047616.png,yolo/labels/train/RECHERCHE-005_x095232_y047616.txt
RECHERCHE-005_x145920_y047616,RECHERCHE-005,train,fold_1,145920,47616,2048,1024,True,1,0.8788,yolo/images/train/RECHERCHE-005_x145920_y047616.jpg,segmentation/masks/train/RECHERCHE-005_x145920_y047616.png,yolo/labels/train/RECHERCHE-005_x145920_y047616.txt
RECHERCHE-005_x147456_y047616,RECHERCHE-005,train,fold_1,147456,47616,2048,1024,True,2,1.0,yolo/images/train/RECHERCHE-005_x147456_y047616.jpg,segmentation/masks/train/RECHERCHE-005_x147456_y047616.png,yolo/labels/train/RECHERCHE-005_x147456_y047616.txt
RECHERCHE-005_x144384_y049152,RECHERCHE-005,train,fold_1,144384,49152,2048,1024,True,1,0.8611,yolo/images/train/RECHERCHE-005_x144384_y049152.jpg,segmentation/masks/train/RECHERCHE-005_x144384_y049152.png,yolo/labels/train/RECHERCHE-005_x144384_y049152.txt
RECHERCHE-005_x145920_y049152,RECHERCHE-005,train,fold_1,145920,49152,2048,1024,True,1,1.0,yolo/images/train/RECHERCHE-005_x145920_y049152.jpg,segmentation/masks/train/RECHERCHE-005_x145920_y049152.png,yolo/labels/train/RECHERCHE-005_x145920_y049152.txt
RECHERCHE-005_x147456_y049152,RECHERCHE-005,train,fold_1,147456,49152,2048,1024,True,2,1.0,yolo/images/train/RECHERCHE-005_x147456_y049152.jpg,segmentation/masks/train/RECHERCHE-005_x147456_y049152.png,yolo/labels/train/RECHERCHE-005_x147456_y049152.txt
RECHERCHE-005_x148992_y049152,RECHERCHE-005,train,fold_1,148992,49152,2048,1024,True,1,0.6742,yolo/images/train/RECHERCHE-005_x148992_y049152.jpg,segmentation/masks/train/RECHERCHE-005_x148992_y049152.png,yolo/labels/train/RECHERCHE-005_x148992_y049152.txt
RECHERCHE-005_x142848_y050688,RECHERCHE-005,train,fold_1,142848,50688,2048,1024,True,1,0.7778,yolo/images/train/RECHERCHE-005_x142848_y050688.jpg,segmentation/masks/train/RECHERCHE-005_x142848_y050688.png,yolo/labels/train/RECHERCHE-005_x142848_y050688.txt
RECHERCHE-005_x144384_y050688,RECHERCHE-005,train,fold_1,144384,50688,2048,1024,True,1,1.0,yolo/images/train/RECHERCHE-005_x144384_y050688.jpg,segmentation/masks/train/RECHERCHE-005_x144384_y050688.png,yolo/labels/train/RECHERCHE-005_x144384_y050688.txt
RECHERCHE-005_x145920_y050688,RECHERCHE-005,train,fold_1,145920,50688,2048,1024,True,1,0.9097,yolo/images/train/RECHERCHE-005_x145920_y050688.jpg,segmentation/masks/train/RECHERCHE-005_x145920_y050688.png,yolo/labels/train/RECHERCHE-005_x145920_y050688.txt
RECHERCHE-005_x141312_y052224,RECHERCHE-005,train,fold_1,141312,52224,2048,1024,True,1,0.3788,yolo/images/train/RECHERCHE-005_x141312_y052224.jpg,segmentation/masks/train/RECHERCHE-005_x141312_y052224.png,yolo/labels/train/RECHERCHE-005_x141312_y052224.txt
RECHERCHE-005_x142848_y052224,RECHERCHE-005,train,fold_1,142848,52224,2048,1024,True,1,0.9097,yolo/images/train/RECHERCHE-005_x142848_y052224.jpg,segmentation/masks/train/RECHERCHE-005_x142848_y052224.png,yolo/labels/train/RECHERCHE-005_x142848_y052224.txt
RECHERCHE-005_x158208_y032256,RECHERCHE-005,train,fold_1,158208,32256,2048,1024,False,0,0.8681,yolo/images/train/RECHERCHE-005_x158208_y032256.jpg,segmentation/masks/train/RECHERCHE-005_x158208_y032256.png,yolo/labels/train/RECHERCHE-005_x158208_y032256.txt
RECHERCHE-005_x064512_y027648,RECHERCHE-005,train,fold_1,64512,27648,2048,1024,False,0,1.0,yolo/images/train/RECHERCHE-005_x064512_y027648.jpg,segmentation/masks/train/RECHERCHE-005_x064512_y027648.png,yolo/labels/train/RECHERCHE-005_x064512_y027648.txt
RECHERCHE-005_x156672_y038400,RECHERCHE-005,train,fold_1,156672,38400,2048,1024,False,0,0.8056,yolo/images/train/RECHERCHE-005_x156672_y038400.jpg,segmentation/masks/train/RECHERCHE-005_x156672_y038400.png,yolo/labels/train/RECHERCHE-005_x156672_y038400.txt
RECHERCHE-005_x056832_y039936,RECHERCHE-005,train,fold_1,56832,39936,2048,1024,False,0,0.947,yolo/images/train/RECHERCHE-005_x056832_y039936.jpg,segmentation/masks/train/RECHERCHE-005_x056832_y039936.png,yolo/labels/train/RECHERCHE-005_x056832_y039936.txt
RECHERCHE-005_x062976_y032256,RECHERCHE-005,train,fold_1,62976,32256,2048,1024,False,0,0.25,yolo/images/train/RECHERCHE-005_x062976_y032256.jpg,segmentation/masks/train/RECHERCHE-005_x062976_y032256.png,yolo/labels/train/RECHERCHE-005_x062976_y032256.txt
RECHERCHE-005_x064512_y024576,RECHERCHE-005,train,fold_1,64512,24576,2048,1024,False,0,0.9097,yolo/images/train/RECHERCHE-005_x064512_y024576.jpg,segmentation/masks/train/RECHERCHE-005_x064512_y024576.png,yolo/labels/train/RECHERCHE-005_x064512_y024576.txt
RECHERCHE-005_x155136_y043008,RECHERCHE-005,train,fold_1,155136,43008,2048,1024,False,0,0.1894,yolo/images/train/RECHERCHE-005_x155136_y043008.jpg,segmentation/masks/train/RECHERCHE-005_x155136_y043008.png,yolo/labels/train/RECHERCHE-005_x155136_y043008.txt
RECHERCHE-005_x165888_y027648,RECHERCHE-005,train,fold_1,165888,27648,2048,1024,False,0,0.6288,yolo/images/train/RECHERCHE-005_x165888_y027648.jpg,segmentation/masks/train/RECHERCHE-005_x165888_y027648.png,yolo/labels/train/RECHERCHE-005_x165888_y027648.txt
RECHERCHE-005_x156672_y039936,RECHERCHE-005,train,fold_1,156672,39936,2048,1024,False,0,0.2045,yolo/images/train/RECHERCHE-005_x156672_y039936.jpg,segmentation/masks/train/RECHERCHE-005_x156672_y039936.png,yolo/labels/train/RECHERCHE-005_x156672_y039936.txt
RECHERCHE-005_x168960_y021504,RECHERCHE-005,train,fold_1,168960,21504,2048,1024,False,0,0.2803,yolo/images/train/RECHERCHE-005_x168960_y021504.jpg,segmentation/masks/train/RECHERCHE-005_x168960_y021504.png,yolo/labels/train/RECHERCHE-005_x168960_y021504.txt
RECHERCHE-005_x107520_y035328,RECHERCHE-005,train,fold_1,107520,35328,2048,1024,False,0,1.0,yolo/images/train/RECHERCHE-005_x107520_y035328.jpg,segmentation/masks/train/RECHERCHE-005_x107520_y035328.png,yolo/labels/train/RECHERCHE-005_x107520_y035328.txt
RECHERCHE-005_x003072_y047616,RECHERCHE-005,train,fold_1,3072,47616,2048,1024,False,0,0.2273,yolo/images/train/RECHERCHE-005_x003072_y047616.jpg,segmentation/masks/train/RECHERCHE-005_x003072_y047616.png,yolo/labels/train/RECHERCHE-005_x003072_y047616.txt
RECHERCHE-005_x059904_y036864,RECHERCHE-005,train,fold_1,59904,36864,2048,1024,False,0,0.7727,yolo/images/train/RECHERCHE-005_x059904_y036864.jpg,segmentation/masks/train/RECHERCHE-005_x059904_y036864.png,yolo/labels/train/RECHERCHE-005_x059904_y036864.txt
RECHERCHE-005_x158208_y030720,RECHERCHE-005,train,fold_1,158208,30720,2048,1024,False,0,0.3681,yolo/images/train/RECHERCHE-005_x158208_y030720.jpg,segmentation/masks/train/RECHERCHE-005_x158208_y030720.png,yolo/labels/train/RECHERCHE-005_x158208_y030720.txt
RECHERCHE-005_x161280_y027648,RECHERCHE-005,train,fold_1,161280,27648,2048,1024,False,0,0.6529,yolo/images/train/RECHERCHE-005_x161280_y027648.jpg,segmentation/masks/train/RECHERCHE-005_x161280_y027648.png,yolo/labels/train/RECHERCHE-005_x161280_y027648.txt
RECHERCHE-005_x167424_y023040,RECHERCHE-005,train,fold_1,167424,23040,2048,1024,False,0,0.9621,yolo/images/train/RECHERCHE-005_x167424_y023040.jpg,segmentation/masks/train/RECHERCHE-005_x167424_y023040.png,yolo/labels/train/RECHERCHE-005_x167424_y023040.txt
RECHERCHE-005_x099840_y046080,RECHERCHE-005,train,fold_1,99840,46080,2048,1024,False,0,0.5758,yolo/images/train/RECHERCHE-005_x099840_y046080.jpg,segmentation/masks/train/RECHERCHE-005_x099840_y046080.png,yolo/labels/train/RECHERCHE-005_x099840_y046080.txt
RECHERCHE-005_x026112_y006144,RECHERCHE-005,train,fold_1,26112,6144,2048,1024,False,0,0.3058,yolo/images/train/RECHERCHE-005_x026112_y006144.jpg,segmentation/masks/train/RECHERCHE-005_x026112_y006144.png,yolo/labels/train/RECHERCHE-005_x026112_y006144.txt
RECHERCHE-005_x167424_y012288,RECHERCHE-005,train,fold_1,167424,12288,2048,1024,False,0,0.9504,yolo/images/train/RECHERCHE-005_x167424_y012288.jpg,segmentation/masks/train/RECHERCHE-005_x167424_y012288.png,yolo/labels/train/RECHERCHE-005_x167424_y012288.txt
RECHERCHE-005_x147456_y050688,RECHERCHE-005,train,fold_1,147456,50688,2048,1024,False,0,0.5455,yolo/images/train/RECHERCHE-005_x147456_y050688.jpg,segmentation/masks/train/RECHERCHE-005_x147456_y050688.png,yolo/labels/train/RECHERCHE-005_x147456_y050688.txt
RECHERCHE-005_x102912_y044544,RECHERCHE-005,train,fold_1,102912,44544,2048,1024,False,0,0.2083,yolo/images/train/RECHERCHE-005_x102912_y044544.jpg,segmentation/masks/train/RECHERCHE-005_x102912_y044544.png,yolo/labels/train/RECHERCHE-005_x102912_y044544.txt
RECHERCHE-005_x170496_y012288,RECHERCHE-005,train,fold_1,170496,12288,2048,1024,False,0,0.3939,yolo/images/train/RECHERCHE-005_x170496_y012288.jpg,segmentation/masks/train/RECHERCHE-005_x170496_y012288.png,yolo/labels/train/RECHERCHE-005_x170496_y012288.txt
RECHERCHE-005_x072192_y003072,RECHERCHE-005,train,fold_1,72192,3072,2048,1024,False,0,0.2847,yolo/images/train/RECHERCHE-005_x072192_y003072.jpg,segmentation/masks/train/RECHERCHE-005_x072192_y003072.png,yolo/labels/train/RECHERCHE-005_x072192_y003072.txt
RECHERCHE-005_x161280_y033792,RECHERCHE-005,train,fold_1,161280,33792,2048,1024,False,0,0.4959,yolo/images/train/RECHERCHE-005_x161280_y033792.jpg,segmentation/masks/train/RECHERCHE-005_x161280_y033792.png,yolo/labels/train/RECHERCHE-005_x161280_y033792.txt
RECHERCHE-005_x004608_y041472,RECHERCHE-005,train,fold_1,4608,41472,2048,1024,False,0,0.7727,yolo/images/train/RECHERCHE-005_x004608_y041472.jpg,segmentation/masks/train/RECHERCHE-005_x004608_y041472.png,yolo/labels/train/RECHERCHE-005_x004608_y041472.txt
RECHERCHE-005_x104448_y043008,RECHERCHE-005,train,fold_1,104448,43008,2048,1024,False,0,0.5069,yolo/images/train/RECHERCHE-005_x104448_y043008.jpg,segmentation/masks/train/RECHERCHE-005_x104448_y043008.png,yolo/labels/train/RECHERCHE-005_x104448_y043008.txt
RECHERCHE-005_x023040_y003072,RECHERCHE-005,train,fold_1,23040,3072,2048,1024,False,0,0.4514,yolo/images/train/RECHERCHE-005_x023040_y003072.jpg,segmentation/masks/train/RECHERCHE-005_x023040_y003072.png,yolo/labels/train/RECHERCHE-005_x023040_y003072.txt
RECHERCHE-005_x012288_y038400,RECHERCHE-005,train,fold_1,12288,38400,2048,1024,False,0,0.5833,yolo/images/train/RECHERCHE-005_x012288_y038400.jpg,segmentation/masks/train/RECHERCHE-005_x012288_y038400.png,yolo/labels/train/RECHERCHE-005_x012288_y038400.txt
RECHERCHE-005_x009216_y043008,RECHERCHE-005,train,fold_1,9216,43008,2048,1024,False,0,0.1528,yolo/images/train/RECHERCHE-005_x009216_y043008.jpg,segmentation/masks/train/RECHERCHE-005_x009216_y043008.png,yolo/labels/train/RECHERCHE-005_x009216_y043008.txt
RECHERCHE-005_x010752_y036864,RECHERCHE-005,train,fold_1,10752,36864,2048,1024,False,0,1.0,yolo/images/train/RECHERCHE-005_x010752_y036864.jpg,segmentation/masks/train/RECHERCHE-005_x010752_y036864.png,yolo/labels/train/RECHERCHE-005_x010752_y036864.txt
RECHERCHE-005_x147456_y044544,RECHERCHE-005,train,fold_1,147456,44544,2048,1024,False,0,0.2424,yolo/images/train/RECHERCHE-005_x147456_y044544.jpg,segmentation/masks/train/RECHERCHE-005_x147456_y044544.png,yolo/labels/train/RECHERCHE-005_x147456_y044544.txt
RECHERCHE-005_x119808_y023040,RECHERCHE-005,train,fold_1,119808,23040,2048,1024,False,0,0.7153,yolo/images/train/RECHERCHE-005_x119808_y023040.jpg,segmentation/masks/train/RECHERCHE-005_x119808_y023040.png,yolo/labels/train/RECHERCHE-005_x119808_y023040.txt
RECHERCHE-005_x019968_y018432,RECHERCHE-005,train,fold_1,19968,18432,2048,1024,False,0,0.3258,yolo/images/train/RECHERCHE-005_x019968_y018432.jpg,segmentation/masks/train/RECHERCHE-005_x019968_y018432.png,yolo/labels/train/RECHERCHE-005_x019968_y018432.txt
RECHERCHE-005_x067584_y026112,RECHERCHE-005,train,fold_1,67584,26112,2048,1024,False,0,0.4215,yolo/images/train/RECHERCHE-005_x067584_y026112.jpg,segmentation/masks/train/RECHERCHE-005_x067584_y026112.png,yolo/labels/train/RECHERCHE-005_x067584_y026112.txt
RECHERCHE-005_x016896_y026112,RECHERCHE-005,train,fold_1,16896,26112,2048,1024,False,0,1.0,yolo/images/train/RECHERCHE-005_x016896_y026112.jpg,segmentation/masks/train/RECHERCHE-005_x016896_y026112.png,yolo/labels/train/RECHERCHE-005_x016896_y026112.txt
RECHERCHE-005_x062976_y030720,RECHERCHE-005,train,fold_1,62976,30720,2048,1024,False,0,0.8056,yolo/images/train/RECHERCHE-005_x062976_y030720.jpg,segmentation/masks/train/RECHERCHE-005_x062976_y030720.png,yolo/labels/train/RECHERCHE-005_x062976_y030720.txt
RECHERCHE-005_x024576_y003072,RECHERCHE-005,train,fold_1,24576,3072,2048,1024,False,0,0.3194,yolo/images/train/RECHERCHE-005_x024576_y003072.jpg,segmentation/masks/train/RECHERCHE-005_x024576_y003072.png,yolo/labels/train/RECHERCHE-005_x024576_y003072.txt
RECHERCHE-005_x165888_y010752,RECHERCHE-005,train,fold_1,165888,10752,2048,1024,False,0,0.7708,yolo/images/train/RECHERCHE-005_x165888_y010752.jpg,segmentation/masks/train/RECHERCHE-005_x165888_y010752.png,yolo/labels/train/RECHERCHE-005_x165888_y010752.txt
RECHERCHE-005_x145920_y052224,RECHERCHE-005,train,fold_1,145920,52224,2048,1024,False,0,0.1875,yolo/images/train/RECHERCHE-005_x145920_y052224.jpg,segmentation/masks/train/RECHERCHE-005_x145920_y052224.png,yolo/labels/train/RECHERCHE-005_x145920_y052224.txt
RECHERCHE-005_x069120_y018432,RECHERCHE-005,train,fold_1,69120,18432,2048,1024,False,0,0.8542,yolo/images/train/RECHERCHE-005_x069120_y018432.jpg,segmentation/masks/train/RECHERCHE-005_x069120_y018432.png,yolo/labels/train/RECHERCHE-005_x069120_y018432.txt
RECHERCHE-005_x173568_y018432,RECHERCHE-005,train,fold_1,173568,18432,2048,1024,False,0,0.1667,yolo/images/train/RECHERCHE-005_x173568_y018432.jpg,segmentation/masks/train/RECHERCHE-005_x173568_y018432.png,yolo/labels/train/RECHERCHE-005_x173568_y018432.txt
RECHERCHE-005_x167424_y026112,RECHERCHE-005,train,fold_1,167424,26112,2048,1024,False,0,0.6529,yolo/images/train/RECHERCHE-005_x167424_y026112.jpg,segmentation/masks/train/RECHERCHE-005_x167424_y026112.png,yolo/labels/train/RECHERCHE-005_x167424_y026112.txt
RECHERCHE-005_x165888_y026112,RECHERCHE-005,train,fold_1,165888,26112,2048,1024,False,0,0.9924,yolo/images/train/RECHERCHE-005_x165888_y026112.jpg,segmentation/masks/train/RECHERCHE-005_x165888_y026112.png,yolo/labels/train/RECHERCHE-005_x165888_y026112.txt
RECHERCHE-005_x159744_y033792,RECHERCHE-005,train,fold_1,159744,33792,2048,1024,False,0,0.9773,yolo/images/train/RECHERCHE-005_x159744_y033792.jpg,segmentation/masks/train/RECHERCHE-005_x159744_y033792.png,yolo/labels/train/RECHERCHE-005_x159744_y033792.txt
RECHERCHE-005_x152064_y047616,RECHERCHE-005,train,fold_1,152064,47616,2048,1024,False,0,0.2879,yolo/images/train/RECHERCHE-005_x152064_y047616.jpg,segmentation/masks/train/RECHERCHE-005_x152064_y047616.png,yolo/labels/train/RECHERCHE-005_x152064_y047616.txt
RECHERCHE-005_x012288_y036864,RECHERCHE-005,train,fold_1,12288,36864,2048,1024,False,0,0.947,yolo/images/train/RECHERCHE-005_x012288_y036864.jpg,segmentation/masks/train/RECHERCHE-005_x012288_y036864.png,yolo/labels/train/RECHERCHE-005_x012288_y036864.txt
RECHERCHE-005_x098304_y047616,RECHERCHE-005,train,fold_1,98304,47616,2048,1024,False,0,0.197,yolo/images/train/RECHERCHE-005_x098304_y047616.jpg,segmentation/masks/train/RECHERCHE-005_x098304_y047616.png,yolo/labels/train/RECHERCHE-005_x098304_y047616.txt
RECHERCHE-005_x150528_y047616,RECHERCHE-005,train,fold_1,150528,47616,2048,1024,False,0,0.7955,yolo/images/train/RECHERCHE-005_x150528_y047616.jpg,segmentation/masks/train/RECHERCHE-005_x150528_y047616.png,yolo/labels/train/RECHERCHE-005_x150528_y047616.txt
RECHERCHE-005_x159744_y035328,RECHERCHE-005,train,fold_1,159744,35328,2048,1024,False,0,0.75,yolo/images/train/RECHERCHE-005_x159744_y035328.jpg,segmentation/masks/train/RECHERCHE-005_x159744_y035328.png,yolo/labels/train/RECHERCHE-005_x159744_y035328.txt
RECHERCHE-005_x009216_y035328,RECHERCHE-005,train,fold_1,9216,35328,2048,1024,False,0,0.2778,yolo/images/train/RECHERCHE-005_x009216_y035328.jpg,segmentation/masks/train/RECHERCHE-005_x009216_y035328.png,yolo/labels/train/RECHERCHE-005_x009216_y035328.txt
RECHERCHE-005_x018432_y026112,RECHERCHE-005,train,fold_1,18432,26112,2048,1024,False,0,1.0,yolo/images/train/RECHERCHE-005_x018432_y026112.jpg,segmentation/masks/train/RECHERCHE-005_x018432_y026112.png,yolo/labels/train/RECHERCHE-005_x018432_y026112.txt
RECHERCHE-005_x015360_y030720,RECHERCHE-005,train,fold_1,15360,30720,2048,1024,False,0,0.9583,yolo/images/train/RECHERCHE-005_x015360_y030720.jpg,segmentation/masks/train/RECHERCHE-005_x015360_y030720.png,yolo/labels/train/RECHERCHE-005_x015360_y030720.txt
RECHERCHE-005_x110592_y030720,RECHERCHE-005,train,fold_1,110592,30720,2048,1024,False,0,1.0,yolo/images/train/RECHERCHE-005_x110592_y030720.jpg,segmentation/masks/train/RECHERCHE-005_x110592_y030720.png,yolo/labels/train/RECHERCHE-005_x110592_y030720.txt
RECHERCHE-005_x116736_y023040,RECHERCHE-005,train,fold_1,116736,23040,2048,1024,False,0,0.9931,yolo/images/train/RECHERCHE-005_x116736_y023040.jpg,segmentation/masks/train/RECHERCHE-005_x116736_y023040.png,yolo/labels/train/RECHERCHE-005_x116736_y023040.txt
RECHERCHE-005_x118272_y021504,RECHERCHE-005,train,fold_1,118272,21504,2048,1024,False,0,1.0,yolo/images/train/RECHERCHE-005_x118272_y021504.jpg,segmentation/masks/train/RECHERCHE-005_x118272_y021504.png,yolo/labels/train/RECHERCHE-005_x118272_y021504.txt
RECHERCHE-005_x164352_y030720,RECHERCHE-005,train,fold_1,164352,30720,2048,1024,False,0,0.3403,yolo/images/train/RECHERCHE-005_x164352_y030720.jpg,segmentation/masks/train/RECHERCHE-005_x164352_y030720.png,yolo/labels/train/RECHERCHE-005_x164352_y030720.txt
RECHERCHE-005_x168960_y013824,RECHERCHE-005,train,fold_1,168960,13824,2048,1024,False,0,0.3636,yolo/images/train/RECHERCHE-005_x168960_y013824.jpg,segmentation/masks/train/RECHERCHE-005_x168960_y013824.png,yolo/labels/train/RECHERCHE-005_x168960_y013824.txt
RECHERCHE-005_x015360_y032256,RECHERCHE-005,train,fold_1,15360,32256,2048,1024,False,0,0.4583,yolo/images/train/RECHERCHE-005_x015360_y032256.jpg,segmentation/masks/train/RECHERCHE-005_x015360_y032256.png,yolo/labels/train/RECHERCHE-005_x015360_y032256.txt
RECHERCHE-005_x003072_y043008,RECHERCHE-005,train,fold_1,3072,43008,2048,1024,False,0,0.6389,yolo/images/train/RECHERCHE-005_x003072_y043008.jpg,segmentation/masks/train/RECHERCHE-005_x003072_y043008.png,yolo/labels/train/RECHERCHE-005_x003072_y043008.txt
RECHERCHE-005_x172032_y015360,RECHERCHE-005,train,fold_1,172032,15360,2048,1024,False,0,0.2639,yolo/images/train/RECHERCHE-005_x172032_y015360.jpg,segmentation/masks/train/RECHERCHE-005_x172032_y015360.png,yolo/labels/train/RECHERCHE-005_x172032_y015360.txt
RECHERCHE-005_x165888_y021504,RECHERCHE-005,train,fold_1,165888,21504,2048,1024,False,0,0.1875,yolo/images/train/RECHERCHE-005_x165888_y021504.jpg,segmentation/masks/train/RECHERCHE-005_x165888_y021504.png,yolo/labels/train/RECHERCHE-005_x165888_y021504.txt
RECHERCHE-005_x144384_y047616,RECHERCHE-005,train,fold_1,144384,47616,2048,1024,False,0,0.2955,yolo/images/train/RECHERCHE-005_x144384_y047616.jpg,segmentation/masks/train/RECHERCHE-005_x144384_y047616.png,yolo/labels/train/RECHERCHE-005_x144384_y047616.txt
RECHERCHE-005_x004608_y046080,RECHERCHE-005,train,fold_1,4608,46080,2048,1024,False,0,0.2083,yolo/images/train/RECHERCHE-005_x004608_y046080.jpg,segmentation/masks/train/RECHERCHE-005_x004608_y046080.png,yolo/labels/train/RECHERCHE-005_x004608_y046080.txt
RECHERCHE-005_x155136_y038400,RECHERCHE-005,train,fold_1,155136,38400,2048,1024,False,0,1.0,yolo/images/train/RECHERCHE-005_x155136_y038400.jpg,segmentation/masks/train/RECHERCHE-005_x155136_y038400.png,yolo/labels/train/RECHERCHE-005_x155136_y038400.txt
RECHERCHE-005_x167424_y010752,RECHERCHE-005,train,fold_1,167424,10752,2048,1024,False,0,0.447,yolo/images/train/RECHERCHE-005_x167424_y010752.jpg,segmentation/masks/train/RECHERCHE-005_x167424_y010752.png,yolo/labels/train/RECHERCHE-005_x167424_y010752.txt
RECHERCHE-005_x073728_y018432,RECHERCHE-005,train,fold_1,73728,18432,2048,1024,False,0,0.447,yolo/images/train/RECHERCHE-005_x073728_y018432.jpg,segmentation/masks/train/RECHERCHE-005_x073728_y018432.png,yolo/labels/train/RECHERCHE-005_x073728_y018432.txt
RECHERCHE-005_x070656_y018432,RECHERCHE-005,train,fold_1,70656,18432,2048,1024,False,0,1.0,yolo/images/train/RECHERCHE-005_x070656_y018432.jpg,segmentation/masks/train/RECHERCHE-005_x070656_y018432.png,yolo/labels/train/RECHERCHE-005_x070656_y018432.txt
RECHERCHE-005_x112128_y029184,RECHERCHE-005,train,fold_1,112128,29184,2048,1024,False,0,1.0,yolo/images/train/RECHERCHE-005_x112128_y029184.jpg,segmentation/masks/train/RECHERCHE-005_x112128_y029184.png,yolo/labels/train/RECHERCHE-005_x112128_y029184.txt
RECHERCHE-005_x164352_y026112,RECHERCHE-005,train,fold_1,164352,26112,2048,1024,False,0,1.0,yolo/images/train/RECHERCHE-005_x164352_y026112.jpg,segmentation/masks/train/RECHERCHE-005_x164352_y026112.png,yolo/labels/train/RECHERCHE-005_x164352_y026112.txt
RECHERCHE-005_x122880_y007680,RECHERCHE-005,train,fold_1,122880,7680,2048,1024,False,0,0.2292,yolo/images/train/RECHERCHE-005_x122880_y007680.jpg,segmentation/masks/train/RECHERCHE-005_x122880_y007680.png,yolo/labels/train/RECHERCHE-005_x122880_y007680.txt
RECHERCHE-005_x012288_y032256,RECHERCHE-005,train,fold_1,12288,32256,2048,1024,False,0,0.7197,yolo/images/train/RECHERCHE-005_x012288_y032256.jpg,segmentation/masks/train/RECHERCHE-005_x012288_y032256.png,yolo/labels/train/RECHERCHE-005_x012288_y032256.txt
RECHERCHE-005_x012288_y030720,RECHERCHE-005,train,fold_1,12288,30720,2048,1024,False,0,0.2652,yolo/images/train/RECHERCHE-005_x012288_y030720.jpg,segmentation/masks/train/RECHERCHE-005_x012288_y030720.png,yolo/labels/train/RECHERCHE-005_x012288_y030720.txt
RECHERCHE-005_x153600_y044544,RECHERCHE-005,train,fold_1,153600,44544,2048,1024,False,0,0.5,yolo/images/train/RECHERCHE-005_x153600_y044544.jpg,segmentation/masks/train/RECHERCHE-005_x153600_y044544.png,yolo/labels/train/RECHERCHE-005_x153600_y044544.txt
RECHERCHE-005_x095232_y049152,RECHERCHE-005,train,fold_1,95232,49152,2048,1024,False,0,0.3681,yolo/images/train/RECHERCHE-005_x095232_y049152.jpg,segmentation/masks/train/RECHERCHE-005_x095232_y049152.png,yolo/labels/train/RECHERCHE-005_x095232_y049152.txt
RECHERCHE-005_x050688_y043008,RECHERCHE-005,train,fold_1,50688,43008,2048,1024,False,0,0.8611,yolo/images/train/RECHERCHE-005_x050688_y043008.jpg,segmentation/masks/train/RECHERCHE-005_x050688_y043008.png,yolo/labels/train/RECHERCHE-005_x050688_y043008.txt
RECHERCHE-005_x110592_y032256,RECHERCHE-005,train,fold_1,110592,32256,2048,1024,False,0,1.0,yolo/images/train/RECHERCHE-005_x110592_y032256.jpg,segmentation/masks/train/RECHERCHE-005_x110592_y032256.png,yolo/labels/train/RECHERCHE-005_x110592_y032256.txt
RECHERCHE-005_x162816_y024576,RECHERCHE-005,train,fold_1,162816,24576,2048,1024,False,0,0.25,yolo/images/train/RECHERCHE-005_x162816_y024576.jpg,segmentation/masks/train/RECHERCHE-005_x162816_y024576.png,yolo/labels/train/RECHERCHE-005_x162816_y024576.txt
RECHERCHE-005_x107520_y033792,RECHERCHE-005,train,fold_1,107520,33792,2048,1024,False,0,0.843,yolo/images/train/RECHERCHE-005_x107520_y033792.jpg,segmentation/masks/train/RECHERCHE-005_x107520_y033792.png,yolo/labels/train/RECHERCHE-005_x107520_y033792.txt
RECHERCHE-005_x122880_y009216,RECHERCHE-005,train,fold_1,122880,9216,2048,1024,False,0,0.2778,yolo/images/train/RECHERCHE-005_x122880_y009216.jpg,segmentation/masks/train/RECHERCHE-005_x122880_y009216.png,yolo/labels/train/RECHERCHE-005_x122880_y009216.txt
RECHERCHE-005_x113664_y030720,RECHERCHE-005,train,fold_1,113664,30720,2048,1024,False,0,0.5,yolo/images/train/RECHERCHE-005_x113664_y030720.jpg,segmentation/masks/train/RECHERCHE-005_x113664_y030720.png,yolo/labels/train/RECHERCHE-005_x113664_y030720.txt
RECHERCHE-005_x153600_y038400,RECHERCHE-005,train,fold_1,153600,38400,2048,1024,False,0,0.5486,yolo/images/train/RECHERCHE-005_x153600_y038400.jpg,segmentation/masks/train/RECHERCHE-005_x153600_y038400.png,yolo/labels/train/RECHERCHE-005_x153600_y038400.txt
RECHERCHE-005_x118272_y026112,RECHERCHE-005,train,fold_1,118272,26112,2048,1024,False,0,0.1818,yolo/images/train/RECHERCHE-005_x118272_y026112.jpg,segmentation/masks/train/RECHERCHE-005_x118272_y026112.png,yolo/labels/train/RECHERCHE-005_x118272_y026112.txt
RECHERCHE-005_x119808_y021504,RECHERCHE-005,train,fold_1,119808,21504,2048,1024,False,0,1.0,yolo/images/train/RECHERCHE-005_x119808_y021504.jpg,segmentation/masks/train/RECHERCHE-005_x119808_y021504.png,yolo/labels/train/RECHERCHE-005_x119808_y021504.txt
RECHERCHE-005_x013824_y032256,RECHERCHE-005,train,fold_1,13824,32256,2048,1024,False,0,1.0,yolo/images/train/RECHERCHE-005_x013824_y032256.jpg,segmentation/masks/train/RECHERCHE-005_x013824_y032256.png,yolo/labels/train/RECHERCHE-005_x013824_y032256.txt
RECHERCHE-005_x168960_y023040,RECHERCHE-005,train,fold_1,168960,23040,2048,1024,False,0,0.2424,yolo/images/train/RECHERCHE-005_x168960_y023040.jpg,segmentation/masks/train/RECHERCHE-005_x168960_y023040.png,yolo/labels/train/RECHERCHE-005_x168960_y023040.txt
RECHERCHE-005_x069120_y016896,RECHERCHE-005,train,fold_1,69120,16896,2048,1024,False,0,0.3542,yolo/images/train/RECHERCHE-005_x069120_y016896.jpg,segmentation/masks/train/RECHERCHE-005_x069120_y016896.png,yolo/labels/train/RECHERCHE-005_x069120_y016896.txt
RECHERCHE-005_x141312_y053760,RECHERCHE-005,train,fold_1,141312,53760,2048,1024,False,0,0.2231,yolo/images/train/RECHERCHE-005_x141312_y053760.jpg,segmentation/masks/train/RECHERCHE-005_x141312_y053760.png,yolo/labels/train/RECHERCHE-005_x141312_y053760.txt
RECHERCHE-005_x066048_y029184,RECHERCHE-005,train,fold_1,66048,29184,2048,1024,False,0,0.1894,yolo/images/train/RECHERCHE-005_x066048_y029184.jpg,segmentation/masks/train/RECHERCHE-005_x066048_y029184.png,yolo/labels/train/RECHERCHE-005_x066048_y029184.txt
RECHERCHE-005_x118272_y023040,RECHERCHE-005,train,fold_1,118272,23040,2048,1024,False,0,1.0,yolo/images/train/RECHERCHE-005_x118272_y023040.jpg,segmentation/masks/train/RECHERCHE-005_x118272_y023040.png,yolo/labels/train/RECHERCHE-005_x118272_y023040.txt
RECHERCHE-005_x027648_y004608,RECHERCHE-005,train,fold_1,27648,4608,2048,1024,False,0,0.2847,yolo/images/train/RECHERCHE-005_x027648_y004608.jpg,segmentation/masks/train/RECHERCHE-005_x027648_y004608.png,yolo/labels/train/RECHERCHE-005_x027648_y004608.txt
RECHERCHE-005_x165888_y012288,RECHERCHE-005,train,fold_1,165888,12288,2048,1024,False,0,0.5606,yolo/images/train/RECHERCHE-005_x165888_y012288.jpg,segmentation/masks/train/RECHERCHE-005_x165888_y012288.png,yolo/labels/train/RECHERCHE-005_x165888_y012288.txt
RECHERCHE-005_x121344_y009216,RECHERCHE-005,train,fold_1,121344,9216,2048,1024,False,0,0.2727,yolo/images/train/RECHERCHE-005_x121344_y009216.jpg,segmentation/masks/train/RECHERCHE-005_x121344_y009216.png,yolo/labels/train/RECHERCHE-005_x121344_y009216.txt
RECHERCHE-005_x109056_y033792,RECHERCHE-005,train,fold_1,109056,33792,2048,1024,False,0,0.9924,yolo/images/train/RECHERCHE-005_x109056_y033792.jpg,segmentation/masks/train/RECHERCHE-005_x109056_y033792.png,yolo/labels/train/RECHERCHE-005_x109056_y033792.txt
RECHERCHE-005_x026112_y004608,RECHERCHE-005,train,fold_1,26112,4608,2048,1024,False,0,0.8561,yolo/images/train/RECHERCHE-005_x026112_y004608.jpg,segmentation/masks/train/RECHERCHE-005_x026112_y004608.png,yolo/labels/train/RECHERCHE-005_x026112_y004608.txt
RECHERCHE-005_x056832_y041472,RECHERCHE-005,train,fold_1,56832,41472,2048,1024,False,0,0.3561,yolo/images/train/RECHERCHE-005_x056832_y041472.jpg,segmentation/masks/train/RECHERCHE-005_x056832_y041472.png,yolo/labels/train/RECHERCHE-005_x056832_y041472.txt
RECHERCHE-005_x026112_y015360,RECHERCHE-005,train,fold_1,26112,15360,2048,1024,False,0,0.3636,yolo/images/train/RECHERCHE-005_x026112_y015360.jpg,segmentation/masks/train/RECHERCHE-005_x026112_y015360.png,yolo/labels/train/RECHERCHE-005_x026112_y015360.txt
RECHERCHE-005_x096768_y043008,RECHERCHE-005,train,fold_1,96768,43008,2048,1024,False,0,0.1528,yolo/images/train/RECHERCHE-005_x096768_y043008.jpg,segmentation/masks/train/RECHERCHE-005_x096768_y043008.png,yolo/labels/train/RECHERCHE-005_x096768_y043008.txt
RECHERCHE-005_x167424_y021504,RECHERCHE-005,train,fold_1,167424,21504,2048,1024,False,0,0.6894,yolo/images/train/RECHERCHE-005_x167424_y021504.jpg,segmentation/masks/train/RECHERCHE-005_x167424_y021504.png,yolo/labels/train/RECHERCHE-005_x167424_y021504.txt
RECHERCHE-005_x023040_y021504,RECHERCHE-005,train,fold_1,23040,21504,2048,1024,False,0,0.5486,yolo/images/train/RECHERCHE-005_x023040_y021504.jpg,segmentation/masks/train/RECHERCHE-005_x023040_y021504.png,yolo/labels/train/RECHERCHE-005_x023040_y021504.txt
RECHERCHE-005_x050688_y041472,RECHERCHE-005,train,fold_1,50688,41472,2048,1024,False,0,0.3561,yolo/images/train/RECHERCHE-005_x050688_y041472.jpg,segmentation/masks/train/RECHERCHE-005_x050688_y041472.png,yolo/labels/train/RECHERCHE-005_x050688_y041472.txt
RECHERCHE-005_x072192_y019968,RECHERCHE-005,train,fold_1,72192,19968,2048,1024,False,0,0.4545,yolo/images/train/RECHERCHE-005_x072192_y019968.jpg,segmentation/masks/train/RECHERCHE-005_x072192_y019968.png,yolo/labels/train/RECHERCHE-005_x072192_y019968.txt
RECHERCHE-005_x019968_y026112,RECHERCHE-005,train,fold_1,19968,26112,2048,1024,False,0,0.5207,yolo/images/train/RECHERCHE-005_x019968_y026112.jpg,segmentation/masks/train/RECHERCHE-005_x019968_y026112.png,yolo/labels/train/RECHERCHE-005_x019968_y026112.txt
RECHERCHE-005_x096768_y047616,RECHERCHE-005,train,fold_1,96768,47616,2048,1024,False,0,0.5682,yolo/images/train/RECHERCHE-005_x096768_y047616.jpg,segmentation/masks/train/RECHERCHE-005_x096768_y047616.png,yolo/labels/train/RECHERCHE-005_x096768_y047616.txt
RECHERCHE-005_x164352_y010752,RECHERCHE-005,train,fold_1,164352,10752,2048,1024,False,0,0.3333,yolo/images/train/RECHERCHE-005_x164352_y010752.jpg,segmentation/masks/train/RECHERCHE-005_x164352_y010752.png,yolo/labels/train/RECHERCHE-005_x164352_y010752.txt
RECHERCHE-005_x158208_y038400,RECHERCHE-005,train,fold_1,158208,38400,2048,1024,False,0,0.4375,yolo/images/train/RECHERCHE-005_x158208_y038400.jpg,segmentation/masks/train/RECHERCHE-005_x158208_y038400.png,yolo/labels/train/RECHERCHE-005_x158208_y038400.txt
RECHERCHE-005_x105984_y041472,RECHERCHE-005,train,fold_1,105984,41472,2048,1024,False,0,0.3485,yolo/images/train/RECHERCHE-005_x105984_y041472.jpg,segmentation/masks/train/RECHERCHE-005_x105984_y041472.png,yolo/labels/train/RECHERCHE-005_x105984_y041472.txt
RECHERCHE-005_x072192_y018432,RECHERCHE-005,train,fold_1,72192,18432,2048,1024,False,0,0.9167,yolo/images/train/RECHERCHE-005_x072192_y018432.jpg,segmentation/masks/train/RECHERCHE-005_x072192_y018432.png,yolo/labels/train/RECHERCHE-005_x072192_y018432.txt
RECHERCHE-005_x016896_y027648,RECHERCHE-005,train,fold_1,16896,27648,2048,1024,False,0,1.0,yolo/images/train/RECHERCHE-005_x016896_y027648.jpg,segmentation/masks/train/RECHERCHE-005_x016896_y027648.png,yolo/labels/train/RECHERCHE-005_x016896_y027648.txt
RECHERCHE-005_x112128_y027648,RECHERCHE-005,train,fold_1,112128,27648,2048,1024,False,0,0.947,yolo/images/train/RECHERCHE-005_x112128_y027648.jpg,segmentation/masks/train/RECHERCHE-005_x112128_y027648.png,yolo/labels/train/RECHERCHE-005_x112128_y027648.txt
RECHERCHE-005_x059904_y032256,RECHERCHE-005,train,fold_1,59904,32256,2048,1024,False,0,0.8939,yolo/images/train/RECHERCHE-005_x059904_y032256.jpg,segmentation/masks/train/RECHERCHE-005_x059904_y032256.png,yolo/labels/train/RECHERCHE-005_x059904_y032256.txt
RECHERCHE-005_x153600_y039936,RECHERCHE-005,train,fold_1,153600,39936,2048,1024,False,0,0.947,yolo/images/train/RECHERCHE-005_x153600_y039936.jpg,segmentation/masks/train/RECHERCHE-005_x153600_y039936.png,yolo/labels/train/RECHERCHE-005_x153600_y039936.txt
RECHERCHE-005_x153600_y036864,RECHERCHE-005,train,fold_1,153600,36864,2048,1024,False,0,0.1597,yolo/images/train/RECHERCHE-005_x153600_y036864.jpg,segmentation/masks/train/RECHERCHE-005_x153600_y036864.png,yolo/labels/train/RECHERCHE-005_x153600_y036864.txt
RECHERCHE-005_x075264_y004608,RECHERCHE-005,train,fold_1,75264,4608,2048,1024,False,0,0.1528,yolo/images/train/RECHERCHE-005_x075264_y004608.jpg,segmentation/masks/train/RECHERCHE-005_x075264_y004608.png,yolo/labels/train/RECHERCHE-005_x075264_y004608.txt
RECHERCHE-005_x112128_y030720,RECHERCHE-005,train,fold_1,112128,30720,2048,1024,False,0,0.9861,yolo/images/train/RECHERCHE-005_x112128_y030720.jpg,segmentation/masks/train/RECHERCHE-005_x112128_y030720.png,yolo/labels/train/RECHERCHE-005_x112128_y030720.txt
RECHERCHE-005_x142848_y049152,RECHERCHE-005,train,fold_1,142848,49152,2048,1024,False,0,0.2361,yolo/images/train/RECHERCHE-005_x142848_y049152.jpg,segmentation/masks/train/RECHERCHE-005_x142848_y049152.png,yolo/labels/train/RECHERCHE-005_x142848_y049152.txt
RECHERCHE-005_x144384_y052224,RECHERCHE-005,train,fold_1,144384,52224,2048,1024,False,0,0.5417,yolo/images/train/RECHERCHE-005_x144384_y052224.jpg,segmentation/masks/train/RECHERCHE-005_x144384_y052224.png,yolo/labels/train/RECHERCHE-005_x144384_y052224.txt
RECHERCHE-005_x109056_y035328,RECHERCHE-005,train,fold_1,109056,35328,2048,1024,False,0,0.625,yolo/images/train/RECHERCHE-005_x109056_y035328.jpg,segmentation/masks/train/RECHERCHE-005_x109056_y035328.png,yolo/labels/train/RECHERCHE-005_x109056_y035328.txt
RECHERCHE-005_x066048_y026112,RECHERCHE-005,train,fold_1,66048,26112,2048,1024,False,0,1.0,yolo/images/train/RECHERCHE-005_x066048_y026112.jpg,segmentation/masks/train/RECHERCHE-005_x066048_y026112.png,yolo/labels/train/RECHERCHE-005_x066048_y026112.txt
RECHERCHE-005_x021504_y018432,RECHERCHE-005,train,fold_1,21504,18432,2048,1024,False,0,0.9514,yolo/images/train/RECHERCHE-005_x021504_y018432.jpg,segmentation/masks/train/RECHERCHE-005_x021504_y018432.png,yolo/labels/train/RECHERCHE-005_x021504_y018432.txt
RECHERCHE-005_x172032_y016896,RECHERCHE-005,train,fold_1,172032,16896,2048,1024,False,0,0.5,yolo/images/train/RECHERCHE-005_x172032_y016896.jpg,segmentation/masks/train/RECHERCHE-005_x172032_y016896.png,yolo/labels/train/RECHERCHE-005_x172032_y016896.txt
RECHERCHE-005_x155136_y039936,RECHERCHE-005,train,fold_1,155136,39936,2048,1024,False,0,0.9174,yolo/images/train/RECHERCHE-005_x155136_y039936.jpg,segmentation/masks/train/RECHERCHE-005_x155136_y039936.png,yolo/labels/train/RECHERCHE-005_x155136_y039936.txt
RECHERCHE-005_x105984_y035328,RECHERCHE-005,train,fold_1,105984,35328,2048,1024,False,0,0.6597,yolo/images/train/RECHERCHE-005_x105984_y035328.jpg,segmentation/masks/train/RECHERCHE-005_x105984_y035328.png,yolo/labels/train/RECHERCHE-005_x105984_y035328.txt
RECHERCHE-005_x162816_y026112,RECHERCHE-005,train,fold_1,162816,26112,2048,1024,False,0,0.7576,yolo/images/train/RECHERCHE-005_x162816_y026112.jpg,segmentation/masks/train/RECHERCHE-005_x162816_y026112.png,yolo/labels/train/RECHERCHE-005_x162816_y026112.txt
RECHERCHE-005_x110592_y033792,RECHERCHE-005,train,fold_1,110592,33792,2048,1024,False,0,0.8409,yolo/images/train/RECHERCHE-005_x110592_y033792.jpg,segmentation/masks/train/RECHERCHE-005_x110592_y033792.png,yolo/labels/train/RECHERCHE-005_x110592_y033792.txt
RECHERCHE-005_x061440_y032256,RECHERCHE-005,train,fold_1,61440,32256,2048,1024,False,0,0.9583,yolo/images/train/RECHERCHE-005_x061440_y032256.jpg,segmentation/masks/train/RECHERCHE-005_x061440_y032256.png,yolo/labels/train/RECHERCHE-005_x061440_y032256.txt
RECHERCHE-005_x023040_y023040,RECHERCHE-005,train,fold_1,23040,23040,2048,1024,False,0,0.1944,yolo/images/train/RECHERCHE-005_x023040_y023040.jpg,segmentation/masks/train/RECHERCHE-005_x023040_y023040.png,yolo/labels/train/RECHERCHE-005_x023040_y023040.txt
RECHERCHE-005_x112128_y033792,RECHERCHE-005,train,fold_1,112128,33792,2048,1024,False,0,0.2273,yolo/images/train/RECHERCHE-005_x112128_y033792.jpg,segmentation/masks/train/RECHERCHE-005_x112128_y033792.png,yolo/labels/train/RECHERCHE-005_x112128_y033792.txt
RECHERCHE-005_x064512_y023040,RECHERCHE-005,train,fold_1,64512,23040,2048,1024,False,0,0.4028,yolo/images/train/RECHERCHE-005_x064512_y023040.jpg,segmentation/masks/train/RECHERCHE-005_x064512_y023040.png,yolo/labels/train/RECHERCHE-005_x064512_y023040.txt
RECHERCHE-005_x066048_y027648,RECHERCHE-005,train,fold_1,66048,27648,2048,1024,False,0,0.7273,yolo/images/train/RECHERCHE-005_x066048_y027648.jpg,segmentation/masks/train/RECHERCHE-005_x066048_y027648.png,yolo/labels/train/RECHERCHE-005_x066048_y027648.txt
RECHERCHE-005_x052224_y044544,RECHERCHE-005,train,fold_1,52224,44544,2048,1024,False,0,0.6439,yolo/images/train/RECHERCHE-005_x052224_y044544.jpg,segmentation/masks/train/RECHERCHE-005_x052224_y044544.png,yolo/labels/train/RECHERCHE-005_x052224_y044544.txt
RECHERCHE-005_x121344_y021504,RECHERCHE-005,train,fold_1,121344,21504,2048,1024,False,0,0.6667,yolo/images/train/RECHERCHE-005_x121344_y021504.jpg,segmentation/masks/train/RECHERCHE-005_x121344_y021504.png,yolo/labels/train/RECHERCHE-005_x121344_y021504.txt
RECHERCHE-005_x018432_y027648,RECHERCHE-005,train,fold_1,18432,27648,2048,1024,False,0,0.8678,yolo/images/train/RECHERCHE-005_x018432_y027648.jpg,segmentation/masks/train/RECHERCHE-005_x018432_y027648.png,yolo/labels/train/RECHERCHE-005_x018432_y027648.txt
RECHERCHE-005_x112128_y032256,RECHERCHE-005,train,fold_1,112128,32256,2048,1024,False,0,0.6111,yolo/images/train/RECHERCHE-005_x112128_y032256.jpg,segmentation/masks/train/RECHERCHE-005_x112128_y032256.png,yolo/labels/train/RECHERCHE-005_x112128_y032256.txt
RECHERCHE-005_x016896_y029184,RECHERCHE-005,train,fold_1,16896,29184,2048,1024,False,0,0.9444,yolo/images/train/RECHERCHE-005_x016896_y029184.jpg,segmentation/masks/train/RECHERCHE-005_x016896_y029184.png,yolo/labels/train/RECHERCHE-005_x016896_y029184.txt
RECHERCHE-005_x012288_y039936,RECHERCHE-005,train,fold_1,12288,39936,2048,1024,False,0,0.2231,yolo/images/train/RECHERCHE-005_x012288_y039936.jpg,segmentation/masks/train/RECHERCHE-005_x012288_y039936.png,yolo/labels/train/RECHERCHE-005_x012288_y039936.txt
RECHERCHE-005_x070656_y023040,RECHERCHE-005,train,fold_1,70656,23040,2048,1024,False,0,0.2222,yolo/images/train/RECHERCHE-005_x070656_y023040.jpg,segmentation/masks/train/RECHERCHE-005_x070656_y023040.png,yolo/labels/train/RECHERCHE-005_x070656_y023040.txt
RECHERCHE-005_x009216_y041472,RECHERCHE-005,train,fold_1,9216,41472,2048,1024,False,0,0.697,yolo/images/train/RECHERCHE-005_x009216_y041472.jpg,segmentation/masks/train/RECHERCHE-005_x009216_y041472.png,yolo/labels/train/RECHERCHE-005_x009216_y041472.txt
RECHERCHE-005_x167424_y024576,RECHERCHE-005,train,fold_1,167424,24576,2048,1024,False,0,1.0,yolo/images/train/RECHERCHE-005_x167424_y024576.jpg,segmentation/masks/train/RECHERCHE-005_x167424_y024576.png,yolo/labels/train/RECHERCHE-005_x167424_y024576.txt
RECHERCHE-005_x168960_y010752,RECHERCHE-005,train,fold_1,168960,10752,2048,1024,False,0,0.2121,yolo/images/train/RECHERCHE-005_x168960_y010752.jpg,segmentation/masks/train/RECHERCHE-005_x168960_y010752.png,yolo/labels/train/RECHERCHE-005_x168960_y010752.txt
RECHERCHE-005_x168960_y024576,RECHERCHE-005,train,fold_1,168960,24576,2048,1024,False,0,0.2652,yolo/images/train/RECHERCHE-005_x168960_y024576.jpg,segmentation/masks/train/RECHERCHE-005_x168960_y024576.png,yolo/labels/train/RECHERCHE-005_x168960_y024576.txt
RECHERCHE-005_x023040_y018432,RECHERCHE-005,train,fold_1,23040,18432,2048,1024,False,0,1.0,yolo/images/train/RECHERCHE-005_x023040_y018432.jpg,segmentation/masks/train/RECHERCHE-005_x023040_y018432.png,yolo/labels/train/RECHERCHE-005_x023040_y018432.txt
RECHERCHE-005_x155136_y041472,RECHERCHE-005,train,fold_1,155136,41472,2048,1024,False,0,0.5702,yolo/images/train/RECHERCHE-005_x155136_y041472.jpg,segmentation/masks/train/RECHERCHE-005_x155136_y041472.png,yolo/labels/train/RECHERCHE-005_x155136_y041472.txt
RECHERCHE-005_x124416_y009216,RECHERCHE-005,train,fold_1,124416,9216,2048,1024,False,0,0.1944,yolo/images/train/RECHERCHE-005_x124416_y009216.jpg,segmentation/masks/train/RECHERCHE-005_x124416_y009216.png,yolo/labels/train/RECHERCHE-005_x124416_y009216.txt
RECHERCHE-005_x024576_y018432,RECHERCHE-005,train,fold_1,24576,18432,2048,1024,False,0,0.8681,yolo/images/train/RECHERCHE-005_x024576_y018432.jpg,segmentation/masks/train/RECHERCHE-005_x024576_y018432.png,yolo/labels/train/RECHERCHE-005_x024576_y018432.txt
RECHERCHE-005_x107520_y032256,RECHERCHE-005,train,fold_1,107520,32256,2048,1024,False,0,0.4697,yolo/images/train/RECHERCHE-005_x107520_y032256.jpg,segmentation/masks/train/RECHERCHE-005_x107520_y032256.png,yolo/labels/train/RECHERCHE-005_x107520_y032256.txt
RECHERCHE-005_x158208_y033792,RECHERCHE-005,train,fold_1,158208,33792,2048,1024,False,0,1.0,yolo/images/train/RECHERCHE-005_x158208_y033792.jpg,segmentation/masks/train/RECHERCHE-005_x158208_y033792.png,yolo/labels/train/RECHERCHE-005_x158208_y033792.txt
RECHERCHE-005_x118272_y024576,RECHERCHE-005,train,fold_1,118272,24576,2048,1024,False,0,0.6736,yolo/images/train/RECHERCHE-005_x118272_y024576.jpg,segmentation/masks/train/RECHERCHE-005_x118272_y024576.png,yolo/labels/train/RECHERCHE-005_x118272_y024576.txt
RECHERCHE-005_x023040_y004608,RECHERCHE-005,train,fold_1,23040,4608,2048,1024,False,0,0.5764,yolo/images/train/RECHERCHE-005_x023040_y004608.jpg,segmentation/masks/train/RECHERCHE-005_x023040_y004608.png,yolo/labels/train/RECHERCHE-005_x023040_y004608.txt
RECHERCHE-005_x142848_y053760,RECHERCHE-005,train,fold_1,142848,53760,2048,1024,False,0,0.447,yolo/images/train/RECHERCHE-005_x142848_y053760.jpg,segmentation/masks/train/RECHERCHE-005_x142848_y053760.png,yolo/labels/train/RECHERCHE-005_x142848_y053760.txt
RECHERCHE-005_x067584_y018432,RECHERCHE-005,train,fold_1,67584,18432,2048,1024,False,0,0.2045,yolo/images/train/RECHERCHE-005_x067584_y018432.jpg,segmentation/masks/train/RECHERCHE-005_x067584_y018432.png,yolo/labels/train/RECHERCHE-005_x067584_y018432.txt
RECHERCHE-005_x018432_y029184,RECHERCHE-005,train,fold_1,18432,29184,2048,1024,False,0,0.3864,yolo/images/train/RECHERCHE-005_x018432_y029184.jpg,segmentation/masks/train/RECHERCHE-005_x018432_y029184.png,yolo/labels/train/RECHERCHE-005_x018432_y029184.txt
RECHERCHE-005_x059904_y030720,RECHERCHE-005,train,fold_1,59904,30720,2048,1024,False,0,0.4242,yolo/images/train/RECHERCHE-005_x059904_y030720.jpg,segmentation/masks/train/RECHERCHE-005_x059904_y030720.png,yolo/labels/train/RECHERCHE-005_x059904_y030720.txt
RECHERCHE-005_x158208_y035328,RECHERCHE-005,train,fold_1,158208,35328,2048,1024,False,0,1.0,yolo/images/train/RECHERCHE-005_x158208_y035328.jpg,segmentation/masks/train/RECHERCHE-005_x158208_y035328.png,yolo/labels/train/RECHERCHE-005_x158208_y035328.txt
RECHERCHE-005_x061440_y030720,RECHERCHE-005,train,fold_1,61440,30720,2048,1024,False,0,0.9931,yolo/images/train/RECHERCHE-005_x061440_y030720.jpg,segmentation/masks/train/RECHERCHE-005_x061440_y030720.png,yolo/labels/train/RECHERCHE-005_x061440_y030720.txt
RECHERCHE-005_x172032_y018432,RECHERCHE-005,train,fold_1,172032,18432,2048,1024,False,0,0.1667,yolo/images/train/RECHERCHE-005_x172032_y018432.jpg,segmentation/masks/train/RECHERCHE-005_x172032_y018432.png,yolo/labels/train/RECHERCHE-005_x172032_y018432.txt
RECHERCHE-005_x053760_y044544,RECHERCHE-005,train,fold_1,53760,44544,2048,1024,False,0,0.2045,yolo/images/train/RECHERCHE-005_x053760_y044544.jpg,segmentation/masks/train/RECHERCHE-005_x053760_y044544.png,yolo/labels/train/RECHERCHE-005_x053760_y044544.txt
RECHERCHE-005_x115200_y023040,RECHERCHE-005,train,fold_1,115200,23040,2048,1024,False,0,0.5833,yolo/images/train/RECHERCHE-005_x115200_y023040.jpg,segmentation/masks/train/RECHERCHE-005_x115200_y023040.png,yolo/labels/train/RECHERCHE-005_x115200_y023040.txt
RECHERCHE-005_x102912_y043008,RECHERCHE-005,train,fold_1,102912,43008,2048,1024,False,0,0.8889,yolo/images/train/RECHERCHE-005_x102912_y043008.jpg,segmentation/masks/train/RECHERCHE-005_x102912_y043008.png,yolo/labels/train/RECHERCHE-005_x102912_y043008.txt
RECHERCHE-005_x116736_y021504,RECHERCHE-005,train,fold_1,116736,21504,2048,1024,False,0,0.7222,yolo/images/train/RECHERCHE-005_x116736_y021504.jpg,segmentation/masks/train/RECHERCHE-005_x116736_y021504.png,yolo/labels/train/RECHERCHE-005_x116736_y021504.txt
RECHERCHE-005_x158208_y036864,RECHERCHE-005,train,fold_1,158208,36864,2048,1024,False,0,0.9306,yolo/images/train/RECHERCHE-005_x158208_y036864.jpg,segmentation/masks/train/RECHERCHE-005_x158208_y036864.png,yolo/labels/train/RECHERCHE-005_x158208_y036864.txt
RECHERCHE-005_x016896_y030720,RECHERCHE-005,train,fold_1,16896,30720,2048,1024,False,0,0.6181,yolo/images/train/RECHERCHE-005_x016896_y030720.jpg,segmentation/masks/train/RECHERCHE-005_x016896_y030720.png,yolo/labels/train/RECHERCHE-005_x016896_y030720.txt
RECHERCHE-005_x109056_y036864,RECHERCHE-005,train,fold_1,109056,36864,2048,1024,False,0,0.2083,yolo/images/train/RECHERCHE-005_x109056_y036864.jpg,segmentation/masks/train/RECHERCHE-005_x109056_y036864.png,yolo/labels/train/RECHERCHE-005_x109056_y036864.txt
RECHERCHE-005_x059904_y038400,RECHERCHE-005,train,fold_1,59904,38400,2048,1024,False,0,0.3409,yolo/images/train/RECHERCHE-005_x059904_y038400.jpg,segmentation/masks/train/RECHERCHE-005_x059904_y038400.png,yolo/labels/train/RECHERCHE-005_x059904_y038400.txt
RECHERCHE-005_x152064_y039936,RECHERCHE-005,train,fold_1,152064,39936,2048,1024,False,0,0.3561,yolo/images/train/RECHERCHE-005_x152064_y039936.jpg,segmentation/masks/train/RECHERCHE-005_x152064_y039936.png,yolo/labels/train/RECHERCHE-005_x152064_y039936.txt
RECHERCHE-005_x026112_y018432,RECHERCHE-005,train,fold_1,26112,18432,2048,1024,False,0,0.2879,yolo/images/train/RECHERCHE-005_x026112_y018432.jpg,segmentation/masks/train/RECHERCHE-005_x026112_y018432.png,yolo/labels/train/RECHERCHE-005_x026112_y018432.txt
RECHERCHE-005_x024576_y004608,RECHERCHE-005,train,fold_1,24576,4608,2048,1024,False,0,0.9097,yolo/images/train/RECHERCHE-005_x024576_y004608.jpg,segmentation/masks/train/RECHERCHE-005_x024576_y004608.png,yolo/labels/train/RECHERCHE-005_x024576_y004608.txt
RECHERCHE-005_x121344_y007680,RECHERCHE-005,train,fold_1,121344,7680,2048,1024,False,0,0.1818,yolo/images/train/RECHERCHE-005_x121344_y007680.jpg,segmentation/masks/train/RECHERCHE-005_x121344_y007680.png,yolo/labels/train/RECHERCHE-005_x121344_y007680.txt
RECHERCHE-005_x067584_y019968,RECHERCHE-005,train,fold_1,67584,19968,2048,1024,False,0,0.7355,yolo/images/train/RECHERCHE-005_x067584_y019968.jpg,segmentation/masks/train/RECHERCHE-005_x067584_y019968.png,yolo/labels/train/RECHERCHE-005_x067584_y019968.txt
RECHERCHE-009_x026112_y003072,RECHERCHE-009,train,fold_1,26112,3072,2048,1024,True,1,0.8757,yolo/images/train/RECHERCHE-009_x026112_y003072.jpg,segmentation/masks/train/RECHERCHE-009_x026112_y003072.png,yolo/labels/train/RECHERCHE-009_x026112_y003072.txt
RECHERCHE-009_x027648_y003072,RECHERCHE-009,train,fold_1,27648,3072,2048,1024,True,1,1.0,yolo/images/train/RECHERCHE-009_x027648_y003072.jpg,segmentation/masks/train/RECHERCHE-009_x027648_y003072.png,yolo/labels/train/RECHERCHE-009_x027648_y003072.txt
RECHERCHE-009_x023040_y006144,RECHERCHE-009,train,fold_1,23040,6144,2048,1024,True,1,0.5306,yolo/images/train/RECHERCHE-009_x023040_y006144.jpg,segmentation/masks/train/RECHERCHE-009_x023040_y006144.png,yolo/labels/train/RECHERCHE-009_x023040_y006144.txt
RECHERCHE-009_x023040_y007680,RECHERCHE-009,train,fold_1,23040,7680,2048,1024,True,1,0.801,yolo/images/train/RECHERCHE-009_x023040_y007680.jpg,segmentation/masks/train/RECHERCHE-009_x023040_y007680.png,yolo/labels/train/RECHERCHE-009_x023040_y007680.txt
RECHERCHE-009_x024576_y007680,RECHERCHE-009,train,fold_1,24576,7680,2048,1024,True,1,1.0,yolo/images/train/RECHERCHE-009_x024576_y007680.jpg,segmentation/masks/train/RECHERCHE-009_x024576_y007680.png,yolo/labels/train/RECHERCHE-009_x024576_y007680.txt
RECHERCHE-009_x026112_y007680,RECHERCHE-009,train,fold_1,26112,7680,2048,1024,True,1,0.967,yolo/images/train/RECHERCHE-009_x026112_y007680.jpg,segmentation/masks/train/RECHERCHE-009_x026112_y007680.png,yolo/labels/train/RECHERCHE-009_x026112_y007680.txt
RECHERCHE-009_x023040_y009216,RECHERCHE-009,train,fold_1,23040,9216,2048,1024,True,1,0.9745,yolo/images/train/RECHERCHE-009_x023040_y009216.jpg,segmentation/masks/train/RECHERCHE-009_x023040_y009216.png,yolo/labels/train/RECHERCHE-009_x023040_y009216.txt
RECHERCHE-009_x026112_y009216,RECHERCHE-009,train,fold_1,26112,9216,2048,1024,True,1,0.5714,yolo/images/train/RECHERCHE-009_x026112_y009216.jpg,segmentation/masks/train/RECHERCHE-009_x026112_y009216.png,yolo/labels/train/RECHERCHE-009_x026112_y009216.txt
RECHERCHE-009_x018432_y010752,RECHERCHE-009,train,fold_1,18432,10752,2048,1024,True,1,0.2802,yolo/images/train/RECHERCHE-009_x018432_y010752.jpg,segmentation/masks/train/RECHERCHE-009_x018432_y010752.png,yolo/labels/train/RECHERCHE-009_x018432_y010752.txt
RECHERCHE-009_x019968_y010752,RECHERCHE-009,train,fold_1,19968,10752,2048,1024,True,1,0.6735,yolo/images/train/RECHERCHE-009_x019968_y010752.jpg,segmentation/masks/train/RECHERCHE-009_x019968_y010752.png,yolo/labels/train/RECHERCHE-009_x019968_y010752.txt
RECHERCHE-009_x023040_y010752,RECHERCHE-009,train,fold_1,23040,10752,2048,1024,True,1,0.9745,yolo/images/train/RECHERCHE-009_x023040_y010752.jpg,segmentation/masks/train/RECHERCHE-009_x023040_y010752.png,yolo/labels/train/RECHERCHE-009_x023040_y010752.txt
RECHERCHE-009_x018432_y012288,RECHERCHE-009,train,fold_1,18432,12288,2048,1024,True,1,0.4615,yolo/images/train/RECHERCHE-009_x018432_y012288.jpg,segmentation/masks/train/RECHERCHE-009_x018432_y012288.png,yolo/labels/train/RECHERCHE-009_x018432_y012288.txt
RECHERCHE-009_x019968_y012288,RECHERCHE-009,train,fold_1,19968,12288,2048,1024,True,1,1.0,yolo/images/train/RECHERCHE-009_x019968_y012288.jpg,segmentation/masks/train/RECHERCHE-009_x019968_y012288.png,yolo/labels/train/RECHERCHE-009_x019968_y012288.txt
RECHERCHE-009_x023040_y012288,RECHERCHE-009,train,fold_1,23040,12288,2048,1024,True,1,0.6648,yolo/images/train/RECHERCHE-009_x023040_y012288.jpg,segmentation/masks/train/RECHERCHE-009_x023040_y012288.png,yolo/labels/train/RECHERCHE-009_x023040_y012288.txt
RECHERCHE-009_x073728_y012288,RECHERCHE-009,train,fold_1,73728,12288,2048,1024,True,1,0.7857,yolo/images/train/RECHERCHE-009_x073728_y012288.jpg,segmentation/masks/train/RECHERCHE-009_x073728_y012288.png,yolo/labels/train/RECHERCHE-009_x073728_y012288.txt
RECHERCHE-009_x072192_y013824,RECHERCHE-009,train,fold_1,72192,13824,2048,1024,True,1,0.7747,yolo/images/train/RECHERCHE-009_x072192_y013824.jpg,segmentation/masks/train/RECHERCHE-009_x072192_y013824.png,yolo/labels/train/RECHERCHE-009_x072192_y013824.txt
RECHERCHE-009_x073728_y013824,RECHERCHE-009,train,fold_1,73728,13824,2048,1024,True,1,1.0,yolo/images/train/RECHERCHE-009_x073728_y013824.jpg,segmentation/masks/train/RECHERCHE-009_x073728_y013824.png,yolo/labels/train/RECHERCHE-009_x073728_y013824.txt
RECHERCHE-009_x004608_y015360,RECHERCHE-009,train,fold_1,4608,15360,2048,1024,True,1,0.568,yolo/images/train/RECHERCHE-009_x004608_y015360.jpg,segmentation/masks/train/RECHERCHE-009_x004608_y015360.png,yolo/labels/train/RECHERCHE-009_x004608_y015360.txt
RECHERCHE-009_x006144_y015360,RECHERCHE-009,train,fold_1,6144,15360,2048,1024,True,2,0.6509,yolo/images/train/RECHERCHE-009_x006144_y015360.jpg,segmentation/masks/train/RECHERCHE-009_x006144_y015360.png,yolo/labels/train/RECHERCHE-009_x006144_y015360.txt
RECHERCHE-009_x007680_y015360,RECHERCHE-009,train,fold_1,7680,15360,2048,1024,True,1,0.8132,yolo/images/train/RECHERCHE-009_x007680_y015360.jpg,segmentation/masks/train/RECHERCHE-009_x007680_y015360.png,yolo/labels/train/RECHERCHE-009_x007680_y015360.txt
RECHERCHE-009_x010752_y015360,RECHERCHE-009,train,fold_1,10752,15360,2048,1024,True,1,0.8736,yolo/images/train/RECHERCHE-009_x010752_y015360.jpg,segmentation/masks/train/RECHERCHE-009_x010752_y015360.png,yolo/labels/train/RECHERCHE-009_x010752_y015360.txt
RECHERCHE-009_x012288_y015360,RECHERCHE-009,train,fold_1,12288,15360,2048,1024,True,1,0.8791,yolo/images/train/RECHERCHE-009_x012288_y015360.jpg,segmentation/masks/train/RECHERCHE-009_x012288_y015360.png,yolo/labels/train/RECHERCHE-009_x012288_y015360.txt
RECHERCHE-009_x004608_y016896,RECHERCHE-009,train,fold_1,4608,16896,2048,1024,True,1,0.9527,yolo/images/train/RECHERCHE-009_x004608_y016896.jpg,segmentation/masks/train/RECHERCHE-009_x004608_y016896.png,yolo/labels/train/RECHERCHE-009_x004608_y016896.txt
RECHERCHE-009_x006144_y016896,RECHERCHE-009,train,fold_1,6144,16896,2048,1024,True,3,1.0,yolo/images/train/RECHERCHE-009_x006144_y016896.jpg,segmentation/masks/train/RECHERCHE-009_x006144_y016896.png,yolo/labels/train/RECHERCHE-009_x006144_y016896.txt
RECHERCHE-009_x007680_y016896,RECHERCHE-009,train,fold_1,7680,16896,2048,1024,True,4,1.0,yolo/images/train/RECHERCHE-009_x007680_y016896.jpg,segmentation/masks/train/RECHERCHE-009_x007680_y016896.png,yolo/labels/train/RECHERCHE-009_x007680_y016896.txt
RECHERCHE-009_x009216_y016896,RECHERCHE-009,train,fold_1,9216,16896,2048,1024,True,3,1.0,yolo/images/train/RECHERCHE-009_x009216_y016896.jpg,segmentation/masks/train/RECHERCHE-009_x009216_y016896.png,yolo/labels/train/RECHERCHE-009_x009216_y016896.txt
RECHERCHE-009_x010752_y016896,RECHERCHE-009,train,fold_1,10752,16896,2048,1024,True,2,1.0,yolo/images/train/RECHERCHE-009_x010752_y016896.jpg,segmentation/masks/train/RECHERCHE-009_x010752_y016896.png,yolo/labels/train/RECHERCHE-009_x010752_y016896.txt
RECHERCHE-009_x013824_y016896,RECHERCHE-009,train,fold_1,13824,16896,2048,1024,True,1,1.0,yolo/images/train/RECHERCHE-009_x013824_y016896.jpg,segmentation/masks/train/RECHERCHE-009_x013824_y016896.png,yolo/labels/train/RECHERCHE-009_x013824_y016896.txt
RECHERCHE-009_x015360_y016896,RECHERCHE-009,train,fold_1,15360,16896,2048,1024,True,1,0.9882,yolo/images/train/RECHERCHE-009_x015360_y016896.jpg,segmentation/masks/train/RECHERCHE-009_x015360_y016896.png,yolo/labels/train/RECHERCHE-009_x015360_y016896.txt
RECHERCHE-009_x069120_y016896,RECHERCHE-009,train,fold_1,69120,16896,2048,1024,True,1,0.511,yolo/images/train/RECHERCHE-009_x069120_y016896.jpg,segmentation/masks/train/RECHERCHE-009_x069120_y016896.png,yolo/labels/train/RECHERCHE-009_x069120_y016896.txt
RECHERCHE-009_x072192_y016896,RECHERCHE-009,train,fold_1,72192,16896,2048,1024,True,1,1.0,yolo/images/train/RECHERCHE-009_x072192_y016896.jpg,segmentation/masks/train/RECHERCHE-009_x072192_y016896.png,yolo/labels/train/RECHERCHE-009_x072192_y016896.txt
RECHERCHE-009_x147456_y016896,RECHERCHE-009,train,fold_1,147456,16896,2048,1024,True,2,0.2363,yolo/images/train/RECHERCHE-009_x147456_y016896.jpg,segmentation/masks/train/RECHERCHE-009_x147456_y016896.png,yolo/labels/train/RECHERCHE-009_x147456_y016896.txt
RECHERCHE-009_x148992_y016896,RECHERCHE-009,train,fold_1,148992,16896,2048,1024,True,2,0.5165,yolo/images/train/RECHERCHE-009_x148992_y016896.jpg,segmentation/masks/train/RECHERCHE-009_x148992_y016896.png,yolo/labels/train/RECHERCHE-009_x148992_y016896.txt
RECHERCHE-009_x004608_y018432,RECHERCHE-009,train,fold_1,4608,18432,2048,1024,True,1,1.0,yolo/images/train/RECHERCHE-009_x004608_y018432.jpg,segmentation/masks/train/RECHERCHE-009_x004608_y018432.png,yolo/labels/train/RECHERCHE-009_x004608_y018432.txt
RECHERCHE-009_x006144_y018432,RECHERCHE-009,train,fold_1,6144,18432,2048,1024,True,4,0.8846,yolo/images/train/RECHERCHE-009_x006144_y018432.jpg,segmentation/masks/train/RECHERCHE-009_x006144_y018432.png,yolo/labels/train/RECHERCHE-009_x006144_y018432.txt
RECHERCHE-009_x007680_y018432,RECHERCHE-009,train,fold_1,7680,18432,2048,1024,True,6,0.7398,yolo/images/train/RECHERCHE-009_x007680_y018432.jpg,segmentation/masks/train/RECHERCHE-009_x007680_y018432.png,yolo/labels/train/RECHERCHE-009_x007680_y018432.txt
RECHERCHE-009_x009216_y018432,RECHERCHE-009,train,fold_1,9216,18432,2048,1024,True,4,0.5918,yolo/images/train/RECHERCHE-009_x009216_y018432.jpg,segmentation/masks/train/RECHERCHE-009_x009216_y018432.png,yolo/labels/train/RECHERCHE-009_x009216_y018432.txt
RECHERCHE-009_x069120_y018432,RECHERCHE-009,train,fold_1,69120,18432,2048,1024,True,1,0.8367,yolo/images/train/RECHERCHE-009_x069120_y018432.jpg,segmentation/masks/train/RECHERCHE-009_x069120_y018432.png,yolo/labels/train/RECHERCHE-009_x069120_y018432.txt
RECHERCHE-009_x072192_y018432,RECHERCHE-009,train,fold_1,72192,18432,2048,1024,True,1,0.9337,yolo/images/train/RECHERCHE-009_x072192_y018432.jpg,segmentation/masks/train/RECHERCHE-009_x072192_y018432.png,yolo/labels/train/RECHERCHE-009_x072192_y018432.txt
RECHERCHE-009_x003072_y019968,RECHERCHE-009,train,fold_1,3072,19968,2048,1024,True,1,0.3846,yolo/images/train/RECHERCHE-009_x003072_y019968.jpg,segmentation/masks/train/RECHERCHE-009_x003072_y019968.png,yolo/labels/train/RECHERCHE-009_x003072_y019968.txt
RECHERCHE-009_x064512_y019968,RECHERCHE-009,train,fold_1,64512,19968,2048,1024,True,1,0.1648,yolo/images/train/RECHERCHE-009_x064512_y019968.jpg,segmentation/masks/train/RECHERCHE-009_x064512_y019968.png,yolo/labels/train/RECHERCHE-009_x064512_y019968.txt
RECHERCHE-009_x066048_y019968,RECHERCHE-009,train,fold_1,66048,19968,2048,1024,True,1,0.2802,yolo/images/train/RECHERCHE-009_x066048_y019968.jpg,segmentation/masks/train/RECHERCHE-009_x066048_y019968.png,yolo/labels/train/RECHERCHE-009_x066048_y019968.txt
RECHERCHE-009_x069120_y019968,RECHERCHE-009,train,fold_1,69120,19968,2048,1024,True,1,1.0,yolo/images/train/RECHERCHE-009_x069120_y019968.jpg,segmentation/masks/train/RECHERCHE-009_x069120_y019968.png,yolo/labels/train/RECHERCHE-009_x069120_y019968.txt
RECHERCHE-009_x145920_y019968,RECHERCHE-009,train,fold_1,145920,19968,2048,1024,True,3,0.2755,yolo/images/train/RECHERCHE-009_x145920_y019968.jpg,segmentation/masks/train/RECHERCHE-009_x145920_y019968.png,yolo/labels/train/RECHERCHE-009_x145920_y019968.txt
RECHERCHE-009_x147456_y019968,RECHERCHE-009,train,fold_1,147456,19968,2048,1024,True,4,0.9031,yolo/images/train/RECHERCHE-009_x147456_y019968.jpg,segmentation/masks/train/RECHERCHE-009_x147456_y019968.png,yolo/labels/train/RECHERCHE-009_x147456_y019968.txt
RECHERCHE-009_x148992_y019968,RECHERCHE-009,train,fold_1,148992,19968,2048,1024,True,1,0.9133,yolo/images/train/RECHERCHE-009_x148992_y019968.jpg,segmentation/masks/train/RECHERCHE-009_x148992_y019968.png,yolo/labels/train/RECHERCHE-009_x148992_y019968.txt
RECHERCHE-009_x064512_y021504,RECHERCHE-009,train,fold_1,64512,21504,2048,1024,True,2,0.3681,yolo/images/train/RECHERCHE-009_x064512_y021504.jpg,segmentation/masks/train/RECHERCHE-009_x064512_y021504.png,yolo/labels/train/RECHERCHE-009_x064512_y021504.txt
RECHERCHE-009_x066048_y021504,RECHERCHE-009,train,fold_1,66048,21504,2048,1024,True,2,0.967,yolo/images/train/RECHERCHE-009_x066048_y021504.jpg,segmentation/masks/train/RECHERCHE-009_x066048_y021504.png,yolo/labels/train/RECHERCHE-009_x066048_y021504.txt
RECHERCHE-009_x069120_y021504,RECHERCHE-009,train,fold_1,69120,21504,2048,1024,True,1,0.8724,yolo/images/train/RECHERCHE-009_x069120_y021504.jpg,segmentation/masks/train/RECHERCHE-009_x069120_y021504.png,yolo/labels/train/RECHERCHE-009_x069120_y021504.txt
RECHERCHE-009_x145920_y021504,RECHERCHE-009,train,fold_1,145920,21504,2048,1024,True,5,0.801,yolo/images/train/RECHERCHE-009_x145920_y021504.jpg,segmentation/masks/train/RECHERCHE-009_x145920_y021504.png,yolo/labels/train/RECHERCHE-009_x145920_y021504.txt
RECHERCHE-009_x147456_y021504,RECHERCHE-009,train,fold_1,147456,21504,2048,1024,True,4,1.0,yolo/images/train/RECHERCHE-009_x147456_y021504.jpg,segmentation/masks/train/RECHERCHE-009_x147456_y021504.png,yolo/labels/train/RECHERCHE-009_x147456_y021504.txt
RECHERCHE-009_x148992_y021504,RECHERCHE-009,train,fold_1,148992,21504,2048,1024,True,2,0.9388,yolo/images/train/RECHERCHE-009_x148992_y021504.jpg,segmentation/masks/train/RECHERCHE-009_x148992_y021504.png,yolo/labels/train/RECHERCHE-009_x148992_y021504.txt
RECHERCHE-009_x150528_y021504,RECHERCHE-009,train,fold_1,150528,21504,2048,1024,True,1,0.2582,yolo/images/train/RECHERCHE-009_x150528_y021504.jpg,segmentation/masks/train/RECHERCHE-009_x150528_y021504.png,yolo/labels/train/RECHERCHE-009_x150528_y021504.txt
RECHERCHE-009_x064512_y023040,RECHERCHE-009,train,fold_1,64512,23040,2048,1024,True,1,0.7582,yolo/images/train/RECHERCHE-009_x064512_y023040.jpg,segmentation/masks/train/RECHERCHE-009_x064512_y023040.png,yolo/labels/train/RECHERCHE-009_x064512_y023040.txt
RECHERCHE-009_x066048_y023040,RECHERCHE-009,train,fold_1,66048,23040,2048,1024,True,1,1.0,yolo/images/train/RECHERCHE-009_x066048_y023040.jpg,segmentation/masks/train/RECHERCHE-009_x066048_y023040.png,yolo/labels/train/RECHERCHE-009_x066048_y023040.txt
RECHERCHE-009_x069120_y023040,RECHERCHE-009,train,fold_1,69120,23040,2048,1024,True,1,0.352,yolo/images/train/RECHERCHE-009_x069120_y023040.jpg,segmentation/masks/train/RECHERCHE-009_x069120_y023040.png,yolo/labels/train/RECHERCHE-009_x069120_y023040.txt
RECHERCHE-009_x144384_y023040,RECHERCHE-009,train,fold_1,144384,23040,2048,1024,True,2,0.4898,yolo/images/train/RECHERCHE-009_x144384_y023040.jpg,segmentation/masks/train/RECHERCHE-009_x144384_y023040.png,yolo/labels/train/RECHERCHE-009_x144384_y023040.txt
RECHERCHE-009_x145920_y023040,RECHERCHE-009,train,fold_1,145920,23040,2048,1024,True,3,1.0,yolo/images/train/RECHERCHE-009_x145920_y023040.jpg,segmentation/masks/train/RECHERCHE-009_x145920_y023040.png,yolo/labels/train/RECHERCHE-009_x145920_y023040.txt
RECHERCHE-009_x147456_y023040,RECHERCHE-009,train,fold_1,147456,23040,2048,1024,True,1,1.0,yolo/images/train/RECHERCHE-009_x147456_y023040.jpg,segmentation/masks/train/RECHERCHE-009_x147456_y023040.png,yolo/labels/train/RECHERCHE-009_x147456_y023040.txt
RECHERCHE-009_x148992_y023040,RECHERCHE-009,train,fold_1,148992,23040,2048,1024,True,2,0.6173,yolo/images/train/RECHERCHE-009_x148992_y023040.jpg,segmentation/masks/train/RECHERCHE-009_x148992_y023040.png,yolo/labels/train/RECHERCHE-009_x148992_y023040.txt
RECHERCHE-009_x144384_y024576,RECHERCHE-009,train,fold_1,144384,24576,2048,1024,True,1,0.956,yolo/images/train/RECHERCHE-009_x144384_y024576.jpg,segmentation/masks/train/RECHERCHE-009_x144384_y024576.png,yolo/labels/train/RECHERCHE-009_x144384_y024576.txt
RECHERCHE-009_x145920_y024576,RECHERCHE-009,train,fold_1,145920,24576,2048,1024,True,2,1.0,yolo/images/train/RECHERCHE-009_x145920_y024576.jpg,segmentation/masks/train/RECHERCHE-009_x145920_y024576.png,yolo/labels/train/RECHERCHE-009_x145920_y024576.txt
RECHERCHE-009_x050688_y026112,RECHERCHE-009,train,fold_1,50688,26112,2048,1024,True,1,0.3314,yolo/images/train/RECHERCHE-009_x050688_y026112.jpg,segmentation/masks/train/RECHERCHE-009_x050688_y026112.png,yolo/labels/train/RECHERCHE-009_x050688_y026112.txt
RECHERCHE-009_x052224_y026112,RECHERCHE-009,train,fold_1,52224,26112,2048,1024,True,2,0.4379,yolo/images/train/RECHERCHE-009_x052224_y026112.jpg,segmentation/masks/train/RECHERCHE-009_x052224_y026112.png,yolo/labels/train/RECHERCHE-009_x052224_y026112.txt
RECHERCHE-009_x053760_y026112,RECHERCHE-009,train,fold_1,53760,26112,2048,1024,True,1,0.6746,yolo/images/train/RECHERCHE-009_x053760_y026112.jpg,segmentation/masks/train/RECHERCHE-009_x053760_y026112.png,yolo/labels/train/RECHERCHE-009_x053760_y026112.txt
RECHERCHE-009_x056832_y026112,RECHERCHE-009,train,fold_1,56832,26112,2048,1024,True,1,0.9396,yolo/images/train/RECHERCHE-009_x056832_y026112.jpg,segmentation/masks/train/RECHERCHE-009_x056832_y026112.png,yolo/labels/train/RECHERCHE-009_x056832_y026112.txt
RECHERCHE-009_x058368_y026112,RECHERCHE-009,train,fold_1,58368,26112,2048,1024,True,1,1.0,yolo/images/train/RECHERCHE-009_x058368_y026112.jpg,segmentation/masks/train/RECHERCHE-009_x058368_y026112.png,yolo/labels/train/RECHERCHE-009_x058368_y026112.txt
RECHERCHE-009_x059904_y026112,RECHERCHE-009,train,fold_1,59904,26112,2048,1024,True,1,1.0,yolo/images/train/RECHERCHE-009_x059904_y026112.jpg,segmentation/masks/train/RECHERCHE-009_x059904_y026112.png,yolo/labels/train/RECHERCHE-009_x059904_y026112.txt
RECHERCHE-009_x061440_y026112,RECHERCHE-009,train,fold_1,61440,26112,2048,1024,True,1,1.0,yolo/images/train/RECHERCHE-009_x061440_y026112.jpg,segmentation/masks/train/RECHERCHE-009_x061440_y026112.png,yolo/labels/train/RECHERCHE-009_x061440_y026112.txt
RECHERCHE-009_x142848_y026112,RECHERCHE-009,train,fold_1,142848,26112,2048,1024,True,1,0.8284,yolo/images/train/RECHERCHE-009_x142848_y026112.jpg,segmentation/masks/train/RECHERCHE-009_x142848_y026112.png,yolo/labels/train/RECHERCHE-009_x142848_y026112.txt
RECHERCHE-009_x144384_y026112,RECHERCHE-009,train,fold_1,144384,26112,2048,1024,True,1,1.0,yolo/images/train/RECHERCHE-009_x144384_y026112.jpg,segmentation/masks/train/RECHERCHE-009_x144384_y026112.png,yolo/labels/train/RECHERCHE-009_x144384_y026112.txt
RECHERCHE-009_x145920_y026112,RECHERCHE-009,train,fold_1,145920,26112,2048,1024,True,2,0.8187,yolo/images/train/RECHERCHE-009_x145920_y026112.jpg,segmentation/masks/train/RECHERCHE-009_x145920_y026112.png,yolo/labels/train/RECHERCHE-009_x145920_y026112.txt
RECHERCHE-009_x050688_y027648,RECHERCHE-009,train,fold_1,50688,27648,2048,1024,True,1,1.0,yolo/images/train/RECHERCHE-009_x050688_y027648.jpg,segmentation/masks/train/RECHERCHE-009_x050688_y027648.png,yolo/labels/train/RECHERCHE-009_x050688_y027648.txt
RECHERCHE-009_x052224_y027648,RECHERCHE-009,train,fold_1,52224,27648,2048,1024,True,2,1.0,yolo/images/train/RECHERCHE-009_x052224_y027648.jpg,segmentation/masks/train/RECHERCHE-009_x052224_y027648.png,yolo/labels/train/RECHERCHE-009_x052224_y027648.txt
RECHERCHE-009_x053760_y027648,RECHERCHE-009,train,fold_1,53760,27648,2048,1024,True,3,1.0,yolo/images/train/RECHERCHE-009_x053760_y027648.jpg,segmentation/masks/train/RECHERCHE-009_x053760_y027648.png,yolo/labels/train/RECHERCHE-009_x053760_y027648.txt
RECHERCHE-009_x055296_y027648,RECHERCHE-009,train,fold_1,55296,27648,2048,1024,True,3,1.0,yolo/images/train/RECHERCHE-009_x055296_y027648.jpg,segmentation/masks/train/RECHERCHE-009_x055296_y027648.png,yolo/labels/train/RECHERCHE-009_x055296_y027648.txt
RECHERCHE-009_x056832_y027648,RECHERCHE-009,train,fold_1,56832,27648,2048,1024,True,2,1.0,yolo/images/train/RECHERCHE-009_x056832_y027648.jpg,segmentation/masks/train/RECHERCHE-009_x056832_y027648.png,yolo/labels/train/RECHERCHE-009_x056832_y027648.txt
RECHERCHE-009_x059904_y027648,RECHERCHE-009,train,fold_1,59904,27648,2048,1024,True,1,0.9231,yolo/images/train/RECHERCHE-009_x059904_y027648.jpg,segmentation/masks/train/RECHERCHE-009_x059904_y027648.png,yolo/labels/train/RECHERCHE-009_x059904_y027648.txt
RECHERCHE-009_x061440_y027648,RECHERCHE-009,train,fold_1,61440,27648,2048,1024,True,1,0.7143,yolo/images/train/RECHERCHE-009_x061440_y027648.jpg,segmentation/masks/train/RECHERCHE-009_x061440_y027648.png,yolo/labels/train/RECHERCHE-009_x061440_y027648.txt
RECHERCHE-009_x141312_y027648,RECHERCHE-009,train,fold_1,141312,27648,2048,1024,True,1,0.5266,yolo/images/train/RECHERCHE-009_x141312_y027648.jpg,segmentation/masks/train/RECHERCHE-009_x141312_y027648.png,yolo/labels/train/RECHERCHE-009_x141312_y027648.txt
RECHERCHE-009_x142848_y027648,RECHERCHE-009,train,fold_1,142848,27648,2048,1024,True,1,1.0,yolo/images/train/RECHERCHE-009_x142848_y027648.jpg,segmentation/masks/train/RECHERCHE-009_x142848_y027648.png,yolo/labels/train/RECHERCHE-009_x142848_y027648.txt
RECHERCHE-009_x050688_y029184,RECHERCHE-009,train,fold_1,50688,29184,2048,1024,True,1,1.0,yolo/images/train/RECHERCHE-009_x050688_y029184.jpg,segmentation/masks/train/RECHERCHE-009_x050688_y029184.png,yolo/labels/train/RECHERCHE-009_x050688_y029184.txt
RECHERCHE-009_x052224_y029184,RECHERCHE-009,train,fold_1,52224,29184,2048,1024,True,4,1.0,yolo/images/train/RECHERCHE-009_x052224_y029184.jpg,segmentation/masks/train/RECHERCHE-009_x052224_y029184.png,yolo/labels/train/RECHERCHE-009_x052224_y029184.txt
RECHERCHE-009_x053760_y029184,RECHERCHE-009,train,fold_1,53760,29184,2048,1024,True,6,0.9645,yolo/images/train/RECHERCHE-009_x053760_y029184.jpg,segmentation/masks/train/RECHERCHE-009_x053760_y029184.png,yolo/labels/train/RECHERCHE-009_x053760_y029184.txt
RECHERCHE-009_x055296_y029184,RECHERCHE-009,train,fold_1,55296,29184,2048,1024,True,4,0.7988,yolo/images/train/RECHERCHE-009_x055296_y029184.jpg,segmentation/masks/train/RECHERCHE-009_x055296_y029184.png,yolo/labels/train/RECHERCHE-009_x055296_y029184.txt
RECHERCHE-009_x056832_y029184,RECHERCHE-009,train,fold_1,56832,29184,2048,1024,True,2,0.5,yolo/images/train/RECHERCHE-009_x056832_y029184.jpg,segmentation/masks/train/RECHERCHE-009_x056832_y029184.png,yolo/labels/train/RECHERCHE-009_x056832_y029184.txt
RECHERCHE-009_x049152_y030720,RECHERCHE-009,train,fold_1,49152,30720,2048,1024,True,1,0.5714,yolo/images/train/RECHERCHE-009_x049152_y030720.jpg,segmentation/masks/train/RECHERCHE-009_x049152_y030720.png,yolo/labels/train/RECHERCHE-009_x049152_y030720.txt
RECHERCHE-009_x050688_y030720,RECHERCHE-009,train,fold_1,50688,30720,2048,1024,True,1,0.8187,yolo/images/train/RECHERCHE-009_x050688_y030720.jpg,segmentation/masks/train/RECHERCHE-009_x050688_y030720.png,yolo/labels/train/RECHERCHE-009_x050688_y030720.txt
RECHERCHE-009_x053760_y030720,RECHERCHE-009,train,fold_1,53760,30720,2048,1024,True,1,0.1923,yolo/images/train/RECHERCHE-009_x053760_y030720.jpg,segmentation/masks/train/RECHERCHE-009_x053760_y030720.png,yolo/labels/train/RECHERCHE-009_x053760_y030720.txt
RECHERCHE-009_x142848_y033792,RECHERCHE-009,train,fold_1,142848,33792,2048,1024,True,1,0.7637,yolo/images/train/RECHERCHE-009_x142848_y033792.jpg,segmentation/masks/train/RECHERCHE-009_x142848_y033792.png,yolo/labels/train/RECHERCHE-009_x142848_y033792.txt
RECHERCHE-009_x139776_y035328,RECHERCHE-009,train,fold_1,139776,35328,2048,1024,True,1,0.4835,yolo/images/train/RECHERCHE-009_x139776_y035328.jpg,segmentation/masks/train/RECHERCHE-009_x139776_y035328.png,yolo/labels/train/RECHERCHE-009_x139776_y035328.txt
RECHERCHE-009_x142848_y035328,RECHERCHE-009,train,fold_1,142848,35328,2048,1024,True,1,0.9121,yolo/images/train/RECHERCHE-009_x142848_y035328.jpg,segmentation/masks/train/RECHERCHE-009_x142848_y035328.png,yolo/labels/train/RECHERCHE-009_x142848_y035328.txt
RECHERCHE-009_x144384_y035328,RECHERCHE-009,train,fold_1,144384,35328,2048,1024,True,1,0.2704,yolo/images/train/RECHERCHE-009_x144384_y035328.jpg,segmentation/masks/train/RECHERCHE-009_x144384_y035328.png,yolo/labels/train/RECHERCHE-009_x144384_y035328.txt
RECHERCHE-009_x139776_y036864,RECHERCHE-009,train,fold_1,139776,36864,2048,1024,True,1,0.503,yolo/images/train/RECHERCHE-009_x139776_y036864.jpg,segmentation/masks/train/RECHERCHE-009_x139776_y036864.png,yolo/labels/train/RECHERCHE-009_x139776_y036864.txt
RECHERCHE-009_x141312_y036864,RECHERCHE-009,train,fold_1,141312,36864,2048,1024,True,1,1.0,yolo/images/train/RECHERCHE-009_x141312_y036864.jpg,segmentation/masks/train/RECHERCHE-009_x141312_y036864.png,yolo/labels/train/RECHERCHE-009_x141312_y036864.txt
RECHERCHE-009_x141312_y038400,RECHERCHE-009,train,fold_1,141312,38400,2048,1024,True,1,1.0,yolo/images/train/RECHERCHE-009_x141312_y038400.jpg,segmentation/masks/train/RECHERCHE-009_x141312_y038400.png,yolo/labels/train/RECHERCHE-009_x141312_y038400.txt
RECHERCHE-009_x142848_y038400,RECHERCHE-009,train,fold_1,142848,38400,2048,1024,True,1,0.6627,yolo/images/train/RECHERCHE-009_x142848_y038400.jpg,segmentation/masks/train/RECHERCHE-009_x142848_y038400.png,yolo/labels/train/RECHERCHE-009_x142848_y038400.txt
RECHERCHE-009_x109056_y039936,RECHERCHE-009,train,fold_1,109056,39936,2048,1024,True,2,0.4945,yolo/images/train/RECHERCHE-009_x109056_y039936.jpg,segmentation/masks/train/RECHERCHE-009_x109056_y039936.png,yolo/labels/train/RECHERCHE-009_x109056_y039936.txt
RECHERCHE-009_x110592_y039936,RECHERCHE-009,train,fold_1,110592,39936,2048,1024,True,2,0.6209,yolo/images/train/RECHERCHE-009_x110592_y039936.jpg,segmentation/masks/train/RECHERCHE-009_x110592_y039936.png,yolo/labels/train/RECHERCHE-009_x110592_y039936.txt
RECHERCHE-009_x141312_y039936,RECHERCHE-009,train,fold_1,141312,39936,2048,1024,True,1,1.0,yolo/images/train/RECHERCHE-009_x141312_y039936.jpg,segmentation/masks/train/RECHERCHE-009_x141312_y039936.png,yolo/labels/train/RECHERCHE-009_x141312_y039936.txt
RECHERCHE-009_x142848_y039936,RECHERCHE-009,train,fold_1,142848,39936,2048,1024,True,2,0.8698,yolo/images/train/RECHERCHE-009_x142848_y039936.jpg,segmentation/masks/train/RECHERCHE-009_x142848_y039936.png,yolo/labels/train/RECHERCHE-009_x142848_y039936.txt
RECHERCHE-009_x109056_y041472,RECHERCHE-009,train,fold_1,109056,41472,2048,1024,True,1,0.978,yolo/images/train/RECHERCHE-009_x109056_y041472.jpg,segmentation/masks/train/RECHERCHE-009_x109056_y041472.png,yolo/labels/train/RECHERCHE-009_x109056_y041472.txt
RECHERCHE-009_x139776_y041472,RECHERCHE-009,train,fold_1,139776,41472,2048,1024,True,1,0.6154,yolo/images/train/RECHERCHE-009_x139776_y041472.jpg,segmentation/masks/train/RECHERCHE-009_x139776_y041472.png,yolo/labels/train/RECHERCHE-009_x139776_y041472.txt
RECHERCHE-009_x141312_y041472,RECHERCHE-009,train,fold_1,141312,41472,2048,1024,True,1,1.0,yolo/images/train/RECHERCHE-009_x141312_y041472.jpg,segmentation/masks/train/RECHERCHE-009_x141312_y041472.png,yolo/labels/train/RECHERCHE-009_x141312_y041472.txt
RECHERCHE-009_x142848_y041472,RECHERCHE-009,train,fold_1,142848,41472,2048,1024,True,1,1.0,yolo/images/train/RECHERCHE-009_x142848_y041472.jpg,segmentation/masks/train/RECHERCHE-009_x142848_y041472.png,yolo/labels/train/RECHERCHE-009_x142848_y041472.txt
RECHERCHE-009_x105984_y043008,RECHERCHE-009,train,fold_1,105984,43008,2048,1024,True,2,0.3462,yolo/images/train/RECHERCHE-009_x105984_y043008.jpg,segmentation/masks/train/RECHERCHE-009_x105984_y043008.png,yolo/labels/train/RECHERCHE-009_x105984_y043008.txt
RECHERCHE-009_x107520_y043008,RECHERCHE-009,train,fold_1,107520,43008,2048,1024,True,6,0.8827,yolo/images/train/RECHERCHE-009_x107520_y043008.jpg,segmentation/masks/train/RECHERCHE-009_x107520_y043008.png,yolo/labels/train/RECHERCHE-009_x107520_y043008.txt
RECHERCHE-009_x109056_y043008,RECHERCHE-009,train,fold_1,109056,43008,2048,1024,True,4,1.0,yolo/images/train/RECHERCHE-009_x109056_y043008.jpg,segmentation/masks/train/RECHERCHE-009_x109056_y043008.png,yolo/labels/train/RECHERCHE-009_x109056_y043008.txt
RECHERCHE-009_x110592_y043008,RECHERCHE-009,train,fold_1,110592,43008,2048,1024,True,1,1.0,yolo/images/train/RECHERCHE-009_x110592_y043008.jpg,segmentation/masks/train/RECHERCHE-009_x110592_y043008.png,yolo/labels/train/RECHERCHE-009_x110592_y043008.txt
RECHERCHE-009_x104448_y044544,RECHERCHE-009,train,fold_1,104448,44544,2048,1024,True,1,0.3297,yolo/images/train/RECHERCHE-009_x104448_y044544.jpg,segmentation/masks/train/RECHERCHE-009_x104448_y044544.png,yolo/labels/train/RECHERCHE-009_x104448_y044544.txt
RECHERCHE-009_x105984_y044544,RECHERCHE-009,train,fold_1,105984,44544,2048,1024,True,4,0.8846,yolo/images/train/RECHERCHE-009_x105984_y044544.jpg,segmentation/masks/train/RECHERCHE-009_x105984_y044544.png,yolo/labels/train/RECHERCHE-009_x105984_y044544.txt
RECHERCHE-009_x107520_y044544,RECHERCHE-009,train,fold_1,107520,44544,2048,1024,True,3,1.0,yolo/images/train/RECHERCHE-009_x107520_y044544.jpg,segmentation/masks/train/RECHERCHE-009_x107520_y044544.png,yolo/labels/train/RECHERCHE-009_x107520_y044544.txt
RECHERCHE-009_x109056_y044544,RECHERCHE-009,train,fold_1,109056,44544,2048,1024,True,3,0.9796,yolo/images/train/RECHERCHE-009_x109056_y044544.jpg,segmentation/masks/train/RECHERCHE-009_x109056_y044544.png,yolo/labels/train/RECHERCHE-009_x109056_y044544.txt
RECHERCHE-009_x110592_y044544,RECHERCHE-009,train,fold_1,110592,44544,2048,1024,True,2,0.6276,yolo/images/train/RECHERCHE-009_x110592_y044544.jpg,segmentation/masks/train/RECHERCHE-009_x110592_y044544.png,yolo/labels/train/RECHERCHE-009_x110592_y044544.txt
RECHERCHE-009_x112128_y044544,RECHERCHE-009,train,fold_1,112128,44544,2048,1024,True,1,0.1531,yolo/images/train/RECHERCHE-009_x112128_y044544.jpg,segmentation/masks/train/RECHERCHE-009_x112128_y044544.png,yolo/labels/train/RECHERCHE-009_x112128_y044544.txt
RECHERCHE-009_x104448_y046080,RECHERCHE-009,train,fold_1,104448,46080,2048,1024,True,1,0.9505,yolo/images/train/RECHERCHE-009_x104448_y046080.jpg,segmentation/masks/train/RECHERCHE-009_x104448_y046080.png,yolo/labels/train/RECHERCHE-009_x104448_y046080.txt
RECHERCHE-009_x105984_y046080,RECHERCHE-009,train,fold_1,105984,46080,2048,1024,True,2,1.0,yolo/images/train/RECHERCHE-009_x105984_y046080.jpg,segmentation/masks/train/RECHERCHE-009_x105984_y046080.png,yolo/labels/train/RECHERCHE-009_x105984_y046080.txt
RECHERCHE-009_x109056_y046080,RECHERCHE-009,train,fold_1,109056,46080,2048,1024,True,1,0.5765,yolo/images/train/RECHERCHE-009_x109056_y046080.jpg,segmentation/masks/train/RECHERCHE-009_x109056_y046080.png,yolo/labels/train/RECHERCHE-009_x109056_y046080.txt
RECHERCHE-009_x142848_y046080,RECHERCHE-009,train,fold_1,142848,46080,2048,1024,True,1,1.0,yolo/images/train/RECHERCHE-009_x142848_y046080.jpg,segmentation/masks/train/RECHERCHE-009_x142848_y046080.png,yolo/labels/train/RECHERCHE-009_x142848_y046080.txt
RECHERCHE-009_x101376_y047616,RECHERCHE-009,train,fold_1,101376,47616,2048,1024,True,1,0.4396,yolo/images/train/RECHERCHE-009_x101376_y047616.jpg,segmentation/masks/train/RECHERCHE-009_x101376_y047616.png,yolo/labels/train/RECHERCHE-009_x101376_y047616.txt
RECHERCHE-009_x102912_y047616,RECHERCHE-009,train,fold_1,102912,47616,2048,1024,True,1,0.956,yolo/images/train/RECHERCHE-009_x102912_y047616.jpg,segmentation/masks/train/RECHERCHE-009_x102912_y047616.png,yolo/labels/train/RECHERCHE-009_x102912_y047616.txt
RECHERCHE-009_x104448_y047616,RECHERCHE-009,train,fold_1,104448,47616,2048,1024,True,2,1.0,yolo/images/train/RECHERCHE-009_x104448_y047616.jpg,segmentation/masks/train/RECHERCHE-009_x104448_y047616.png,yolo/labels/train/RECHERCHE-009_x104448_y047616.txt
RECHERCHE-009_x105984_y047616,RECHERCHE-009,train,fold_1,105984,47616,2048,1024,True,1,0.9066,yolo/images/train/RECHERCHE-009_x105984_y047616.jpg,segmentation/masks/train/RECHERCHE-009_x105984_y047616.png,yolo/labels/train/RECHERCHE-009_x105984_y047616.txt
RECHERCHE-009_x101376_y049152,RECHERCHE-009,train,fold_1,101376,49152,2048,1024,True,1,0.9645,yolo/images/train/RECHERCHE-009_x101376_y049152.jpg,segmentation/masks/train/RECHERCHE-009_x101376_y049152.png,yolo/labels/train/RECHERCHE-009_x101376_y049152.txt
RECHERCHE-009_x102912_y049152,RECHERCHE-009,train,fold_1,102912,49152,2048,1024,True,1,1.0,yolo/images/train/RECHERCHE-009_x102912_y049152.jpg,segmentation/masks/train/RECHERCHE-009_x102912_y049152.png,yolo/labels/train/RECHERCHE-009_x102912_y049152.txt
RECHERCHE-009_x101376_y053760,RECHERCHE-009,train,fold_1,101376,53760,2048,1024,True,1,0.7515,yolo/images/train/RECHERCHE-009_x101376_y053760.jpg,segmentation/masks/train/RECHERCHE-009_x101376_y053760.png,yolo/labels/train/RECHERCHE-009_x101376_y053760.txt
RECHERCHE-009_x101376_y055296,RECHERCHE-009,train,fold_1,101376,55296,2048,1024,True,2,0.8791,yolo/images/train/RECHERCHE-009_x101376_y055296.jpg,segmentation/masks/train/RECHERCHE-009_x101376_y055296.png,yolo/labels/train/RECHERCHE-009_x101376_y055296.txt
RECHERCHE-009_x102912_y055296,RECHERCHE-009,train,fold_1,102912,55296,2048,1024,True,1,0.2363,yolo/images/train/RECHERCHE-009_x102912_y055296.jpg,segmentation/masks/train/RECHERCHE-009_x102912_y055296.png,yolo/labels/train/RECHERCHE-009_x102912_y055296.txt
RECHERCHE-009_x098304_y056832,RECHERCHE-009,train,fold_1,98304,56832,2048,1024,True,1,0.6429,yolo/images/train/RECHERCHE-009_x098304_y056832.jpg,segmentation/masks/train/RECHERCHE-009_x098304_y056832.png,yolo/labels/train/RECHERCHE-009_x098304_y056832.txt
RECHERCHE-009_x101376_y056832,RECHERCHE-009,train,fold_1,101376,56832,2048,1024,True,1,0.6648,yolo/images/train/RECHERCHE-009_x101376_y056832.jpg,segmentation/masks/train/RECHERCHE-009_x101376_y056832.png,yolo/labels/train/RECHERCHE-009_x101376_y056832.txt
RECHERCHE-009_x099840_y058368,RECHERCHE-009,train,fold_1,99840,58368,2048,1024,True,1,1.0,yolo/images/train/RECHERCHE-009_x099840_y058368.jpg,segmentation/masks/train/RECHERCHE-009_x099840_y058368.png,yolo/labels/train/RECHERCHE-009_x099840_y058368.txt
RECHERCHE-009_x101376_y059904,RECHERCHE-009,train,fold_1,101376,59904,2048,1024,True,1,0.5769,yolo/images/train/RECHERCHE-009_x101376_y059904.jpg,segmentation/masks/train/RECHERCHE-009_x101376_y059904.png,yolo/labels/train/RECHERCHE-009_x101376_y059904.txt
RECHERCHE-009_x098304_y061440,RECHERCHE-009,train,fold_1,98304,61440,2048,1024,True,1,0.7857,yolo/images/train/RECHERCHE-009_x098304_y061440.jpg,segmentation/masks/train/RECHERCHE-009_x098304_y061440.png,yolo/labels/train/RECHERCHE-009_x098304_y061440.txt
RECHERCHE-009_x099840_y061440,RECHERCHE-009,train,fold_1,99840,61440,2048,1024,True,1,1.0,yolo/images/train/RECHERCHE-009_x099840_y061440.jpg,segmentation/masks/train/RECHERCHE-009_x099840_y061440.png,yolo/labels/train/RECHERCHE-009_x099840_y061440.txt
RECHERCHE-009_x101376_y061440,RECHERCHE-009,train,fold_1,101376,61440,2048,1024,True,1,0.8994,yolo/images/train/RECHERCHE-009_x101376_y061440.jpg,segmentation/masks/train/RECHERCHE-009_x101376_y061440.png,yolo/labels/train/RECHERCHE-009_x101376_y061440.txt
RECHERCHE-009_x098304_y062976,RECHERCHE-009,train,fold_1,98304,62976,2048,1024,True,1,0.7802,yolo/images/train/RECHERCHE-009_x098304_y062976.jpg,segmentation/masks/train/RECHERCHE-009_x098304_y062976.png,yolo/labels/train/RECHERCHE-009_x098304_y062976.txt
RECHERCHE-009_x101376_y066048,RECHERCHE-009,train,fold_1,101376,66048,2048,1024,True,1,1.0,yolo/images/train/RECHERCHE-009_x101376_y066048.jpg,segmentation/masks/train/RECHERCHE-009_x101376_y066048.png,yolo/labels/train/RECHERCHE-009_x101376_y066048.txt
RECHERCHE-009_x026112_y001536,RECHERCHE-009,train,fold_1,26112,1536,2048,1024,False,0,0.3018,yolo/images/train/RECHERCHE-009_x026112_y001536.jpg,segmentation/masks/train/RECHERCHE-009_x026112_y001536.png,yolo/labels/train/RECHERCHE-009_x026112_y001536.txt
RECHERCHE-009_x027648_y001536,RECHERCHE-009,train,fold_1,27648,1536,2048,1024,False,0,0.497,yolo/images/train/RECHERCHE-009_x027648_y001536.jpg,segmentation/masks/train/RECHERCHE-009_x027648_y001536.png,yolo/labels/train/RECHERCHE-009_x027648_y001536.txt
RECHERCHE-009_x029184_y003072,RECHERCHE-009,train,fold_1,29184,3072,2048,1024,False,0,0.4201,yolo/images/train/RECHERCHE-009_x029184_y003072.jpg,segmentation/masks/train/RECHERCHE-009_x029184_y003072.png,yolo/labels/train/RECHERCHE-009_x029184_y003072.txt
RECHERCHE-009_x024576_y004608,RECHERCHE-009,train,fold_1,24576,4608,2048,1024,False,0,0.6593,yolo/images/train/RECHERCHE-009_x024576_y004608.jpg,segmentation/masks/train/RECHERCHE-009_x024576_y004608.png,yolo/labels/train/RECHERCHE-009_x024576_y004608.txt
RECHERCHE-009_x026112_y004608,RECHERCHE-009,train,fold_1,26112,4608,2048,1024,False,0,1.0,yolo/images/train/RECHERCHE-009_x026112_y004608.jpg,segmentation/masks/train/RECHERCHE-009_x026112_y004608.png,yolo/labels/train/RECHERCHE-009_x026112_y004608.txt
RECHERCHE-009_x027648_y004608,RECHERCHE-009,train,fold_1,27648,4608,2048,1024,False,0,1.0,yolo/images/train/RECHERCHE-009_x027648_y004608.jpg,segmentation/masks/train/RECHERCHE-009_x027648_y004608.png,yolo/labels/train/RECHERCHE-009_x027648_y004608.txt
RECHERCHE-009_x029184_y004608,RECHERCHE-009,train,fold_1,29184,4608,2048,1024,False,0,0.4201,yolo/images/train/RECHERCHE-009_x029184_y004608.jpg,segmentation/masks/train/RECHERCHE-009_x029184_y004608.png,yolo/labels/train/RECHERCHE-009_x029184_y004608.txt
RECHERCHE-009_x024576_y006144,RECHERCHE-009,train,fold_1,24576,6144,2048,1024,False,0,0.9949,yolo/images/train/RECHERCHE-009_x024576_y006144.jpg,segmentation/masks/train/RECHERCHE-009_x024576_y006144.png,yolo/labels/train/RECHERCHE-009_x024576_y006144.txt
RECHERCHE-009_x026112_y006144,RECHERCHE-009,train,fold_1,26112,6144,2048,1024,False,0,1.0,yolo/images/train/RECHERCHE-009_x026112_y006144.jpg,segmentation/masks/train/RECHERCHE-009_x026112_y006144.png,yolo/labels/train/RECHERCHE-009_x026112_y006144.txt
RECHERCHE-009_x027648_y006144,RECHERCHE-009,train,fold_1,27648,6144,2048,1024,False,0,0.8681,yolo/images/train/RECHERCHE-009_x027648_y006144.jpg,segmentation/masks/train/RECHERCHE-009_x027648_y006144.png,yolo/labels/train/RECHERCHE-009_x027648_y006144.txt
RECHERCHE-009_x027648_y007680,RECHERCHE-009,train,fold_1,27648,7680,2048,1024,False,0,0.4286,yolo/images/train/RECHERCHE-009_x027648_y007680.jpg,segmentation/masks/train/RECHERCHE-009_x027648_y007680.png,yolo/labels/train/RECHERCHE-009_x027648_y007680.txt
RECHERCHE-009_x024576_y010752,RECHERCHE-009,train,fold_1,24576,10752,2048,1024,False,0,0.5918,yolo/images/train/RECHERCHE-009_x024576_y010752.jpg,segmentation/masks/train/RECHERCHE-009_x024576_y010752.png,yolo/labels/train/RECHERCHE-009_x024576_y010752.txt
RECHERCHE-009_x075264_y012288,RECHERCHE-009,train,fold_1,75264,12288,2048,1024,False,0,0.4379,yolo/images/train/RECHERCHE-009_x075264_y012288.jpg,segmentation/masks/train/RECHERCHE-009_x075264_y012288.png,yolo/labels/train/RECHERCHE-009_x075264_y012288.txt
RECHERCHE-009_x013824_y013824,RECHERCHE-009,train,fold_1,13824,13824,2048,1024,False,0,0.1834,yolo/images/train/RECHERCHE-009_x013824_y013824.jpg,segmentation/masks/train/RECHERCHE-009_x013824_y013824.png,yolo/labels/train/RECHERCHE-009_x013824_y013824.txt
RECHERCHE-009_x015360_y013824,RECHERCHE-009,train,fold_1,15360,13824,2048,1024,False,0,0.4438,yolo/images/train/RECHERCHE-009_x015360_y013824.jpg,segmentation/masks/train/RECHERCHE-009_x015360_y013824.png,yolo/labels/train/RECHERCHE-009_x015360_y013824.txt
RECHERCHE-009_x016896_y013824,RECHERCHE-009,train,fold_1,16896,13824,2048,1024,False,0,0.8343,yolo/images/train/RECHERCHE-009_x016896_y013824.jpg,segmentation/masks/train/RECHERCHE-009_x016896_y013824.png,yolo/labels/train/RECHERCHE-009_x016896_y013824.txt
RECHERCHE-009_x018432_y013824,RECHERCHE-009,train,fold_1,18432,13824,2048,1024,False,0,0.9527,yolo/images/train/RECHERCHE-009_x018432_y013824.jpg,segmentation/masks/train/RECHERCHE-009_x018432_y013824.png,yolo/labels/train/RECHERCHE-009_x018432_y013824.txt
RECHERCHE-009_x019968_y013824,RECHERCHE-009,train,fold_1,19968,13824,2048,1024,False,0,0.9945,yolo/images/train/RECHERCHE-009_x019968_y013824.jpg,segmentation/masks/train/RECHERCHE-009_x019968_y013824.png,yolo/labels/train/RECHERCHE-009_x019968_y013824.txt
RECHERCHE-009_x021504_y013824,RECHERCHE-009,train,fold_1,21504,13824,2048,1024,False,0,0.6429,yolo/images/train/RECHERCHE-009_x021504_y013824.jpg,segmentation/masks/train/RECHERCHE-009_x021504_y013824.png,yolo/labels/train/RECHERCHE-009_x021504_y013824.txt
RECHERCHE-009_x070656_y013824,RECHERCHE-009,train,fold_1,70656,13824,2048,1024,False,0,0.1538,yolo/images/train/RECHERCHE-009_x070656_y013824.jpg,segmentation/masks/train/RECHERCHE-009_x070656_y013824.png,yolo/labels/train/RECHERCHE-009_x070656_y013824.txt
RECHERCHE-009_x075264_y013824,RECHERCHE-009,train,fold_1,75264,13824,2048,1024,False,0,0.7101,yolo/images/train/RECHERCHE-009_x075264_y013824.jpg,segmentation/masks/train/RECHERCHE-009_x075264_y013824.png,yolo/labels/train/RECHERCHE-009_x075264_y013824.txt
RECHERCHE-009_x009216_y015360,RECHERCHE-009,train,fold_1,9216,15360,2048,1024,False,0,0.8516,yolo/images/train/RECHERCHE-009_x009216_y015360.jpg,segmentation/masks/train/RECHERCHE-009_x009216_y015360.png,yolo/labels/train/RECHERCHE-009_x009216_y015360.txt
RECHERCHE-009_x016896_y015360,RECHERCHE-009,train,fold_1,16896,15360,2048,1024,False,0,1.0,yolo/images/train/RECHERCHE-009_x016896_y015360.jpg,segmentation/masks/train/RECHERCHE-009_x016896_y015360.png,yolo/labels/train/RECHERCHE-009_x016896_y015360.txt
RECHERCHE-009_x018432_y015360,RECHERCHE-009,train,fold_1,18432,15360,2048,1024,False,0,0.929,yolo/images/train/RECHERCHE-009_x018432_y015360.jpg,segmentation/masks/train/RECHERCHE-009_x018432_y015360.png,yolo/labels/train/RECHERCHE-009_x018432_y015360.txt
RECHERCHE-009_x019968_y015360,RECHERCHE-009,train,fold_1,19968,15360,2048,1024,False,0,0.5989,yolo/images/train/RECHERCHE-009_x019968_y015360.jpg,segmentation/masks/train/RECHERCHE-009_x019968_y015360.png,yolo/labels/train/RECHERCHE-009_x019968_y015360.txt
RECHERCHE-009_x070656_y015360,RECHERCHE-009,train,fold_1,70656,15360,2048,1024,False,0,0.7692,yolo/images/train/RECHERCHE-009_x070656_y015360.jpg,segmentation/masks/train/RECHERCHE-009_x070656_y015360.png,yolo/labels/train/RECHERCHE-009_x070656_y015360.txt
RECHERCHE-009_x072192_y015360,RECHERCHE-009,train,fold_1,72192,15360,2048,1024,False,0,1.0,yolo/images/train/RECHERCHE-009_x072192_y015360.jpg,segmentation/masks/train/RECHERCHE-009_x072192_y015360.png,yolo/labels/train/RECHERCHE-009_x072192_y015360.txt
RECHERCHE-009_x073728_y015360,RECHERCHE-009,train,fold_1,73728,15360,2048,1024,False,0,1.0,yolo/images/train/RECHERCHE-009_x073728_y015360.jpg,segmentation/masks/train/RECHERCHE-009_x073728_y015360.png,yolo/labels/train/RECHERCHE-009_x073728_y015360.txt
RECHERCHE-009_x075264_y015360,RECHERCHE-009,train,fold_1,75264,15360,2048,1024,False,0,0.5503,yolo/images/train/RECHERCHE-009_x075264_y015360.jpg,segmentation/masks/train/RECHERCHE-009_x075264_y015360.png,yolo/labels/train/RECHERCHE-009_x075264_y015360.txt
RECHERCHE-009_x003072_y016896,RECHERCHE-009,train,fold_1,3072,16896,2048,1024,False,0,0.5207,yolo/images/train/RECHERCHE-009_x003072_y016896.jpg,segmentation/masks/train/RECHERCHE-009_x003072_y016896.png,yolo/labels/train/RECHERCHE-009_x003072_y016896.txt
RECHERCHE-009_x016896_y016896,RECHERCHE-009,train,fold_1,16896,16896,2048,1024,False,0,0.8107,yolo/images/train/RECHERCHE-009_x016896_y016896.jpg,segmentation/masks/train/RECHERCHE-009_x016896_y016896.png,yolo/labels/train/RECHERCHE-009_x016896_y016896.txt
RECHERCHE-009_x018432_y016896,RECHERCHE-009,train,fold_1,18432,16896,2048,1024,False,0,0.2722,yolo/images/train/RECHERCHE-009_x018432_y016896.jpg,segmentation/masks/train/RECHERCHE-009_x018432_y016896.png,yolo/labels/train/RECHERCHE-009_x018432_y016896.txt
RECHERCHE-009_x075264_y016896,RECHERCHE-009,train,fold_1,75264,16896,2048,1024,False,0,0.1716,yolo/images/train/RECHERCHE-009_x075264_y016896.jpg,segmentation/masks/train/RECHERCHE-009_x075264_y016896.png,yolo/labels/train/RECHERCHE-009_x075264_y016896.txt
RECHERCHE-009_x003072_y018432,RECHERCHE-009,train,fold_1,3072,18432,2048,1024,False,0,0.9011,yolo/images/train/RECHERCHE-009_x003072_y018432.jpg,segmentation/masks/train/RECHERCHE-009_x003072_y018432.png,yolo/labels/train/RECHERCHE-009_x003072_y018432.txt
RECHERCHE-009_x012288_y018432,RECHERCHE-009,train,fold_1,12288,18432,2048,1024,False,0,0.551,yolo/images/train/RECHERCHE-009_x012288_y018432.jpg,segmentation/masks/train/RECHERCHE-009_x012288_y018432.png,yolo/labels/train/RECHERCHE-009_x012288_y018432.txt
RECHERCHE-009_x013824_y018432,RECHERCHE-009,train,fold_1,13824,18432,2048,1024,False,0,0.3846,yolo/images/train/RECHERCHE-009_x013824_y018432.jpg,segmentation/masks/train/RECHERCHE-009_x013824_y018432.png,yolo/labels/train/RECHERCHE-009_x013824_y018432.txt
RECHERCHE-009_x015360_y018432,RECHERCHE-009,train,fold_1,15360,18432,2048,1024,False,0,0.2363,yolo/images/train/RECHERCHE-009_x015360_y018432.jpg,segmentation/masks/train/RECHERCHE-009_x015360_y018432.png,yolo/labels/train/RECHERCHE-009_x015360_y018432.txt
RECHERCHE-009_x147456_y018432,RECHERCHE-009,train,fold_1,147456,18432,2048,1024,False,0,0.6888,yolo/images/train/RECHERCHE-009_x147456_y018432.jpg,segmentation/masks/train/RECHERCHE-009_x147456_y018432.png,yolo/labels/train/RECHERCHE-009_x147456_y018432.txt
RECHERCHE-009_x148992_y018432,RECHERCHE-009,train,fold_1,148992,18432,2048,1024,False,0,0.8571,yolo/images/train/RECHERCHE-009_x148992_y018432.jpg,segmentation/masks/train/RECHERCHE-009_x148992_y018432.png,yolo/labels/train/RECHERCHE-009_x148992_y018432.txt
RECHERCHE-009_x006144_y019968,RECHERCHE-009,train,fold_1,6144,19968,2048,1024,False,0,0.2033,yolo/images/train/RECHERCHE-009_x006144_y019968.jpg,segmentation/masks/train/RECHERCHE-009_x006144_y019968.png,yolo/labels/train/RECHERCHE-009_x006144_y019968.txt
RECHERCHE-009_x070656_y019968,RECHERCHE-009,train,fold_1,70656,19968,2048,1024,False,0,0.8929,yolo/images/train/RECHERCHE-009_x070656_y019968.jpg,segmentation/masks/train/RECHERCHE-009_x070656_y019968.png,yolo/labels/train/RECHERCHE-009_x070656_y019968.txt
RECHERCHE-009_x072192_y019968,RECHERCHE-009,train,fold_1,72192,19968,2048,1024,False,0,0.4031,yolo/images/train/RECHERCHE-009_x072192_y019968.jpg,segmentation/masks/train/RECHERCHE-009_x072192_y019968.png,yolo/labels/train/RECHERCHE-009_x072192_y019968.txt
RECHERCHE-009_x070656_y021504,RECHERCHE-009,train,fold_1,70656,21504,2048,1024,False,0,0.2806,yolo/images/train/RECHERCHE-009_x070656_y021504.jpg,segmentation/masks/train/RECHERCHE-009_x070656_y021504.png,yolo/labels/train/RECHERCHE-009_x070656_y021504.txt
RECHERCHE-009_x062976_y023040,RECHERCHE-009,train,fold_1,62976,23040,2048,1024,False,0,0.4505,yolo/images/train/RECHERCHE-009_x062976_y023040.jpg,segmentation/masks/train/RECHERCHE-009_x062976_y023040.png,yolo/labels/train/RECHERCHE-009_x062976_y023040.txt
RECHERCHE-009_x056832_y024576,RECHERCHE-009,train,fold_1,56832,24576,2048,1024,False,0,0.1703,yolo/images/train/RECHERCHE-009_x056832_y024576.jpg,segmentation/masks/train/RECHERCHE-009_x056832_y024576.png,yolo/labels/train/RECHERCHE-009_x056832_y024576.txt
RECHERCHE-009_x058368_y024576,RECHERCHE-009,train,fold_1,58368,24576,2048,1024,False,0,0.2857,yolo/images/train/RECHERCHE-009_x058368_y024576.jpg,segmentation/masks/train/RECHERCHE-009_x058368_y024576.png,yolo/labels/train/RECHERCHE-009_x058368_y024576.txt
RECHERCHE-009_x059904_y024576,RECHERCHE-009,train,fold_1,59904,24576,2048,1024,False,0,0.456,yolo/images/train/RECHERCHE-009_x059904_y024576.jpg,segmentation/masks/train/RECHERCHE-009_x059904_y024576.png,yolo/labels/train/RECHERCHE-009_x059904_y024576.txt
RECHERCHE-009_x061440_y024576,RECHERCHE-009,train,fold_1,61440,24576,2048,1024,False,0,0.8022,yolo/images/train/RECHERCHE-009_x061440_y024576.jpg,segmentation/masks/train/RECHERCHE-009_x061440_y024576.png,yolo/labels/train/RECHERCHE-009_x061440_y024576.txt
RECHERCHE-009_x062976_y024576,RECHERCHE-009,train,fold_1,62976,24576,2048,1024,False,0,1.0,yolo/images/train/RECHERCHE-009_x062976_y024576.jpg,segmentation/masks/train/RECHERCHE-009_x062976_y024576.png,yolo/labels/train/RECHERCHE-009_x062976_y024576.txt
RECHERCHE-009_x064512_y024576,RECHERCHE-009,train,fold_1,64512,24576,2048,1024,False,0,1.0,yolo/images/train/RECHERCHE-009_x064512_y024576.jpg,segmentation/masks/train/RECHERCHE-009_x064512_y024576.png,yolo/labels/train/RECHERCHE-009_x064512_y024576.txt
RECHERCHE-009_x066048_y024576,RECHERCHE-009,train,fold_1,66048,24576,2048,1024,False,0,0.8994,yolo/images/train/RECHERCHE-009_x066048_y024576.jpg,segmentation/masks/train/RECHERCHE-009_x066048_y024576.png,yolo/labels/train/RECHERCHE-009_x066048_y024576.txt
RECHERCHE-009_x067584_y024576,RECHERCHE-009,train,fold_1,67584,24576,2048,1024,False,0,0.2604,yolo/images/train/RECHERCHE-009_x067584_y024576.jpg,segmentation/masks/train/RECHERCHE-009_x067584_y024576.png,yolo/labels/train/RECHERCHE-009_x067584_y024576.txt
RECHERCHE-009_x142848_y024576,RECHERCHE-009,train,fold_1,142848,24576,2048,1024,False,0,0.3846,yolo/images/train/RECHERCHE-009_x142848_y024576.jpg,segmentation/masks/train/RECHERCHE-009_x142848_y024576.png,yolo/labels/train/RECHERCHE-009_x142848_y024576.txt
RECHERCHE-009_x147456_y024576,RECHERCHE-009,train,fold_1,147456,24576,2048,1024,False,0,0.7363,yolo/images/train/RECHERCHE-009_x147456_y024576.jpg,segmentation/masks/train/RECHERCHE-009_x147456_y024576.png,yolo/labels/train/RECHERCHE-009_x147456_y024576.txt
RECHERCHE-009_x055296_y026112,RECHERCHE-009,train,fold_1,55296,26112,2048,1024,False,0,0.7988,yolo/images/train/RECHERCHE-009_x055296_y026112.jpg,segmentation/masks/train/RECHERCHE-009_x055296_y026112.png,yolo/labels/train/RECHERCHE-009_x055296_y026112.txt
RECHERCHE-009_x062976_y026112,RECHERCHE-009,train,fold_1,62976,26112,2048,1024,False,0,0.9941,yolo/images/train/RECHERCHE-009_x062976_y026112.jpg,segmentation/masks/train/RECHERCHE-009_x062976_y026112.png,yolo/labels/train/RECHERCHE-009_x062976_y026112.txt
RECHERCHE-009_x064512_y026112,RECHERCHE-009,train,fold_1,64512,26112,2048,1024,False,0,0.5858,yolo/images/train/RECHERCHE-009_x064512_y026112.jpg,segmentation/masks/train/RECHERCHE-009_x064512_y026112.png,yolo/labels/train/RECHERCHE-009_x064512_y026112.txt
RECHERCHE-009_x066048_y026112,RECHERCHE-009,train,fold_1,66048,26112,2048,1024,False,0,0.1775,yolo/images/train/RECHERCHE-009_x066048_y026112.jpg,segmentation/masks/train/RECHERCHE-009_x066048_y026112.png,yolo/labels/train/RECHERCHE-009_x066048_y026112.txt
RECHERCHE-009_x147456_y026112,RECHERCHE-009,train,fold_1,147456,26112,2048,1024,False,0,0.2033,yolo/images/train/RECHERCHE-009_x147456_y026112.jpg,segmentation/masks/train/RECHERCHE-009_x147456_y026112.png,yolo/labels/train/RECHERCHE-009_x147456_y026112.txt
RECHERCHE-009_x049152_y027648,RECHERCHE-009,train,fold_1,49152,27648,2048,1024,False,0,0.6099,yolo/images/train/RECHERCHE-009_x049152_y027648.jpg,segmentation/masks/train/RECHERCHE-009_x049152_y027648.png,yolo/labels/train/RECHERCHE-009_x049152_y027648.txt
RECHERCHE-009_x058368_y027648,RECHERCHE-009,train,fold_1,58368,27648,2048,1024,False,0,1.0,yolo/images/train/RECHERCHE-009_x058368_y027648.jpg,segmentation/masks/train/RECHERCHE-009_x058368_y027648.png,yolo/labels/train/RECHERCHE-009_x058368_y027648.txt
RECHERCHE-009_x062976_y027648,RECHERCHE-009,train,fold_1,62976,27648,2048,1024,False,0,0.432,yolo/images/train/RECHERCHE-009_x062976_y027648.jpg,segmentation/masks/train/RECHERCHE-009_x062976_y027648.png,yolo/labels/train/RECHERCHE-009_x062976_y027648.txt
RECHERCHE-009_x047616_y029184,RECHERCHE-009,train,fold_1,47616,29184,2048,1024,False,0,0.1538,yolo/images/train/RECHERCHE-009_x047616_y029184.jpg,segmentation/masks/train/RECHERCHE-009_x047616_y029184.png,yolo/labels/train/RECHERCHE-009_x047616_y029184.txt
RECHERCHE-009_x049152_y029184,RECHERCHE-009,train,fold_1,49152,29184,2048,1024,False,0,0.8681,yolo/images/train/RECHERCHE-009_x049152_y029184.jpg,segmentation/masks/train/RECHERCHE-009_x049152_y029184.png,yolo/labels/train/RECHERCHE-009_x049152_y029184.txt
RECHERCHE-009_x058368_y029184,RECHERCHE-009,train,fold_1,58368,29184,2048,1024,False,0,0.4341,yolo/images/train/RECHERCHE-009_x058368_y029184.jpg,segmentation/masks/train/RECHERCHE-009_x058368_y029184.png,yolo/labels/train/RECHERCHE-009_x058368_y029184.txt
RECHERCHE-009_x059904_y029184,RECHERCHE-009,train,fold_1,59904,29184,2048,1024,False,0,0.1978,yolo/images/train/RECHERCHE-009_x059904_y029184.jpg,segmentation/masks/train/RECHERCHE-009_x059904_y029184.png,yolo/labels/train/RECHERCHE-009_x059904_y029184.txt
RECHERCHE-009_x141312_y029184,RECHERCHE-009,train,fold_1,141312,29184,2048,1024,False,0,0.8462,yolo/images/train/RECHERCHE-009_x141312_y029184.jpg,segmentation/masks/train/RECHERCHE-009_x141312_y029184.png,yolo/labels/train/RECHERCHE-009_x141312_y029184.txt
RECHERCHE-009_x142848_y029184,RECHERCHE-009,train,fold_1,142848,29184,2048,1024,False,0,1.0,yolo/images/train/RECHERCHE-009_x142848_y029184.jpg,segmentation/masks/train/RECHERCHE-009_x142848_y029184.png,yolo/labels/train/RECHERCHE-009_x142848_y029184.txt
RECHERCHE-009_x144384_y029184,RECHERCHE-009,train,fold_1,144384,29184,2048,1024,False,0,0.4835,yolo/images/train/RECHERCHE-009_x144384_y029184.jpg,segmentation/masks/train/RECHERCHE-009_x144384_y029184.png,yolo/labels/train/RECHERCHE-009_x144384_y029184.txt
RECHERCHE-009_x052224_y030720,RECHERCHE-009,train,fold_1,52224,30720,2048,1024,False,0,0.4615,yolo/images/train/RECHERCHE-009_x052224_y030720.jpg,segmentation/masks/train/RECHERCHE-009_x052224_y030720.png,yolo/labels/train/RECHERCHE-009_x052224_y030720.txt
RECHERCHE-009_x141312_y030720,RECHERCHE-009,train,fold_1,141312,30720,2048,1024,False,0,0.9011,yolo/images/train/RECHERCHE-009_x141312_y030720.jpg,segmentation/masks/train/RECHERCHE-009_x141312_y030720.png,yolo/labels/train/RECHERCHE-009_x141312_y030720.txt
RECHERCHE-009_x142848_y030720,RECHERCHE-009,train,fold_1,142848,30720,2048,1024,False,0,1.0,yolo/images/train/RECHERCHE-009_x142848_y030720.jpg,segmentation/masks/train/RECHERCHE-009_x142848_y030720.png,yolo/labels/train/RECHERCHE-009_x142848_y030720.txt
RECHERCHE-009_x144384_y030720,RECHERCHE-009,train,fold_1,144384,30720,2048,1024,False,0,0.3571,yolo/images/train/RECHERCHE-009_x144384_y030720.jpg,segmentation/masks/train/RECHERCHE-009_x144384_y030720.png,yolo/labels/train/RECHERCHE-009_x144384_y030720.txt
RECHERCHE-009_x139776_y032256,RECHERCHE-009,train,fold_1,139776,32256,2048,1024,False,0,0.3846,yolo/images/train/RECHERCHE-009_x139776_y032256.jpg,segmentation/masks/train/RECHERCHE-009_x139776_y032256.png,yolo/labels/train/RECHERCHE-009_x139776_y032256.txt
RECHERCHE-009_x141312_y032256,RECHERCHE-009,train,fold_1,141312,32256,2048,1024,False,0,0.9945,yolo/images/train/RECHERCHE-009_x141312_y032256.jpg,segmentation/masks/train/RECHERCHE-009_x141312_y032256.png,yolo/labels/train/RECHERCHE-009_x141312_y032256.txt
RECHERCHE-009_x139776_y033792,RECHERCHE-009,train,fold_1,139776,33792,2048,1024,False,0,0.4286,yolo/images/train/RECHERCHE-009_x139776_y033792.jpg,segmentation/masks/train/RECHERCHE-009_x139776_y033792.png,yolo/labels/train/RECHERCHE-009_x139776_y033792.txt
RECHERCHE-009_x142848_y036864,RECHERCHE-009,train,fold_1,142848,36864,2048,1024,False,0,0.6923,yolo/images/train/RECHERCHE-009_x142848_y036864.jpg,segmentation/masks/train/RECHERCHE-009_x142848_y036864.png,yolo/labels/train/RECHERCHE-009_x142848_y036864.txt
RECHERCHE-009_x139776_y038400,RECHERCHE-009,train,fold_1,139776,38400,2048,1024,False,0,0.432,yolo/images/train/RECHERCHE-009_x139776_y038400.jpg,segmentation/masks/train/RECHERCHE-009_x139776_y038400.png,yolo/labels/train/RECHERCHE-009_x139776_y038400.txt
RECHERCHE-009_x139776_y039936,RECHERCHE-009,train,fold_1,139776,39936,2048,1024,False,0,0.574,yolo/images/train/RECHERCHE-009_x139776_y039936.jpg,segmentation/masks/train/RECHERCHE-009_x139776_y039936.png,yolo/labels/train/RECHERCHE-009_x139776_y039936.txt
RECHERCHE-009_x110592_y041472,RECHERCHE-009,train,fold_1,110592,41472,2048,1024,False,0,1.0,yolo/images/train/RECHERCHE-009_x110592_y041472.jpg,segmentation/masks/train/RECHERCHE-009_x110592_y041472.png,yolo/labels/train/RECHERCHE-009_x110592_y041472.txt
RECHERCHE-009_x112128_y041472,RECHERCHE-009,train,fold_1,112128,41472,2048,1024,False,0,0.3626,yolo/images/train/RECHERCHE-009_x112128_y041472.jpg,segmentation/masks/train/RECHERCHE-009_x112128_y041472.png,yolo/labels/train/RECHERCHE-009_x112128_y041472.txt
RECHERCHE-009_x142848_y043008,RECHERCHE-009,train,fold_1,142848,43008,2048,1024,False,0,1.0,yolo/images/train/RECHERCHE-009_x142848_y043008.jpg,segmentation/masks/train/RECHERCHE-009_x142848_y043008.png,yolo/labels/train/RECHERCHE-009_x142848_y043008.txt
RECHERCHE-009_x144384_y043008,RECHERCHE-009,train,fold_1,144384,43008,2048,1024,False,0,0.398,yolo/images/train/RECHERCHE-009_x144384_y043008.jpg,segmentation/masks/train/RECHERCHE-009_x144384_y043008.png,yolo/labels/train/RECHERCHE-009_x144384_y043008.txt
RECHERCHE-009_x139776_y044544,RECHERCHE-009,train,fold_1,139776,44544,2048,1024,False,0,0.4176,yolo/images/train/RECHERCHE-009_x139776_y044544.jpg,segmentation/masks/train/RECHERCHE-009_x139776_y044544.png,yolo/labels/train/RECHERCHE-009_x139776_y044544.txt
RECHERCHE-009_x141312_y044544,RECHERCHE-009,train,fold_1,141312,44544,2048,1024,False,0,1.0,yolo/images/train/RECHERCHE-009_x141312_y044544.jpg,segmentation/masks/train/RECHERCHE-009_x141312_y044544.png,yolo/labels/train/RECHERCHE-009_x141312_y044544.txt
RECHERCHE-009_x144384_y044544,RECHERCHE-009,train,fold_1,144384,44544,2048,1024,False,0,0.3776,yolo/images/train/RECHERCHE-009_x144384_y044544.jpg,segmentation/masks/train/RECHERCHE-009_x144384_y044544.png,yolo/labels/train/RECHERCHE-009_x144384_y044544.txt
RECHERCHE-009_x102912_y046080,RECHERCHE-009,train,fold_1,102912,46080,2048,1024,False,0,0.522,yolo/images/train/RECHERCHE-009_x102912_y046080.jpg,segmentation/masks/train/RECHERCHE-009_x102912_y046080.png,yolo/labels/train/RECHERCHE-009_x102912_y046080.txt
RECHERCHE-009_x107520_y046080,RECHERCHE-009,train,fold_1,107520,46080,2048,1024,False,0,0.9592,yolo/images/train/RECHERCHE-009_x107520_y046080.jpg,segmentation/masks/train/RECHERCHE-009_x107520_y046080.png,yolo/labels/train/RECHERCHE-009_x107520_y046080.txt
RECHERCHE-009_x139776_y046080,RECHERCHE-009,train,fold_1,139776,46080,2048,1024,False,0,0.1923,yolo/images/train/RECHERCHE-009_x139776_y046080.jpg,segmentation/masks/train/RECHERCHE-009_x139776_y046080.png,yolo/labels/train/RECHERCHE-009_x139776_y046080.txt
RECHERCHE-009_x141312_y046080,RECHERCHE-009,train,fold_1,141312,46080,2048,1024,False,0,0.8956,yolo/images/train/RECHERCHE-009_x141312_y046080.jpg,segmentation/masks/train/RECHERCHE-009_x141312_y046080.png,yolo/labels/train/RECHERCHE-009_x141312_y046080.txt
RECHERCHE-009_x144384_y046080,RECHERCHE-009,train,fold_1,144384,46080,2048,1024,False,0,0.4133,yolo/images/train/RECHERCHE-009_x144384_y046080.jpg,segmentation/masks/train/RECHERCHE-009_x144384_y046080.png,yolo/labels/train/RECHERCHE-009_x144384_y046080.txt
RECHERCHE-009_x107520_y047616,RECHERCHE-009,train,fold_1,107520,47616,2048,1024,False,0,0.4337,yolo/images/train/RECHERCHE-009_x107520_y047616.jpg,segmentation/masks/train/RECHERCHE-009_x107520_y047616.png,yolo/labels/train/RECHERCHE-009_x107520_y047616.txt
RECHERCHE-009_x141312_y047616,RECHERCHE-009,train,fold_1,141312,47616,2048,1024,False,0,0.3352,yolo/images/train/RECHERCHE-009_x141312_y047616.jpg,segmentation/masks/train/RECHERCHE-009_x141312_y047616.png,yolo/labels/train/RECHERCHE-009_x141312_y047616.txt
RECHERCHE-009_x142848_y047616,RECHERCHE-009,train,fold_1,142848,47616,2048,1024,False,0,0.5879,yolo/images/train/RECHERCHE-009_x142848_y047616.jpg,segmentation/masks/train/RECHERCHE-009_x142848_y047616.png,yolo/labels/train/RECHERCHE-009_x142848_y047616.txt
RECHERCHE-009_x144384_y047616,RECHERCHE-009,train,fold_1,144384,47616,2048,1024,False,0,0.1582,yolo/images/train/RECHERCHE-009_x144384_y047616.jpg,segmentation/masks/train/RECHERCHE-009_x144384_y047616.png,yolo/labels/train/RECHERCHE-009_x144384_y047616.txt
RECHERCHE-009_x099840_y049152,RECHERCHE-009,train,fold_1,99840,49152,2048,1024,False,0,0.3462,yolo/images/train/RECHERCHE-009_x099840_y049152.jpg,segmentation/masks/train/RECHERCHE-009_x099840_y049152.png,yolo/labels/train/RECHERCHE-009_x099840_y049152.txt
RECHERCHE-009_x099840_y050688,RECHERCHE-009,train,fold_1,99840,50688,2048,1024,False,0,0.6154,yolo/images/train/RECHERCHE-009_x099840_y050688.jpg,segmentation/masks/train/RECHERCHE-009_x099840_y050688.png,yolo/labels/train/RECHERCHE-009_x099840_y050688.txt
RECHERCHE-009_x101376_y050688,RECHERCHE-009,train,fold_1,101376,50688,2048,1024,False,0,1.0,yolo/images/train/RECHERCHE-009_x101376_y050688.jpg,segmentation/masks/train/RECHERCHE-009_x101376_y050688.png,yolo/labels/train/RECHERCHE-009_x101376_y050688.txt
RECHERCHE-009_x102912_y050688,RECHERCHE-009,train,fold_1,102912,50688,2048,1024,False,0,0.8343,yolo/images/train/RECHERCHE-009_x102912_y050688.jpg,segmentation/masks/train/RECHERCHE-009_x102912_y050688.png,yolo/labels/train/RECHERCHE-009_x102912_y050688.txt
RECHERCHE-009_x104448_y050688,RECHERCHE-009,train,fold_1,104448,50688,2048,1024,False,0,0.1538,yolo/images/train/RECHERCHE-009_x104448_y050688.jpg,segmentation/masks/train/RECHERCHE-009_x104448_y050688.png,yolo/labels/train/RECHERCHE-009_x104448_y050688.txt
RECHERCHE-009_x098304_y052224,RECHERCHE-009,train,fold_1,98304,52224,2048,1024,False,0,0.2363,yolo/images/train/RECHERCHE-009_x098304_y052224.jpg,segmentation/masks/train/RECHERCHE-009_x098304_y052224.png,yolo/labels/train/RECHERCHE-009_x098304_y052224.txt
RECHERCHE-009_x099840_y052224,RECHERCHE-009,train,fold_1,99840,52224,2048,1024,False,0,0.8901,yolo/images/train/RECHERCHE-009_x099840_y052224.jpg,segmentation/masks/train/RECHERCHE-009_x099840_y052224.png,yolo/labels/train/RECHERCHE-009_x099840_y052224.txt
RECHERCHE-009_x101376_y052224,RECHERCHE-009,train,fold_1,101376,52224,2048,1024,False,0,1.0,yolo/images/train/RECHERCHE-009_x101376_y052224.jpg,segmentation/masks/train/RECHERCHE-009_x101376_y052224.png,yolo/labels/train/RECHERCHE-009_x101376_y052224.txt
RECHERCHE-009_x102912_y052224,RECHERCHE-009,train,fold_1,102912,52224,2048,1024,False,0,0.5325,yolo/images/train/RECHERCHE-009_x102912_y052224.jpg,segmentation/masks/train/RECHERCHE-009_x102912_y052224.png,yolo/labels/train/RECHERCHE-009_x102912_y052224.txt
RECHERCHE-009_x098304_y053760,RECHERCHE-009,train,fold_1,98304,53760,2048,1024,False,0,0.489,yolo/images/train/RECHERCHE-009_x098304_y053760.jpg,segmentation/masks/train/RECHERCHE-009_x098304_y053760.png,yolo/labels/train/RECHERCHE-009_x098304_y053760.txt
RECHERCHE-009_x098304_y055296,RECHERCHE-009,train,fold_1,98304,55296,2048,1024,False,0,0.5612,yolo/images/train/RECHERCHE-009_x098304_y055296.jpg,segmentation/masks/train/RECHERCHE-009_x098304_y055296.png,yolo/labels/train/RECHERCHE-009_x098304_y055296.txt
RECHERCHE-009_x101376_y058368,RECHERCHE-009,train,fold_1,101376,58368,2048,1024,False,0,0.5,yolo/images/train/RECHERCHE-009_x101376_y058368.jpg,segmentation/masks/train/RECHERCHE-009_x101376_y058368.png,yolo/labels/train/RECHERCHE-009_x101376_y058368.txt
RECHERCHE-009_x098304_y059904,RECHERCHE-009,train,fold_1,98304,59904,2048,1024,False,0,0.7143,yolo/images/train/RECHERCHE-009_x098304_y059904.jpg,segmentation/masks/train/RECHERCHE-009_x098304_y059904.png,yolo/labels/train/RECHERCHE-009_x098304_y059904.txt
RECHERCHE-009_x101376_y062976,RECHERCHE-009,train,fold_1,101376,62976,2048,1024,False,0,0.9822,yolo/images/train/RECHERCHE-009_x101376_y062976.jpg,segmentation/masks/train/RECHERCHE-009_x101376_y062976.png,yolo/labels/train/RECHERCHE-009_x101376_y062976.txt
RECHERCHE-009_x102912_y062976,RECHERCHE-009,train,fold_1,102912,62976,2048,1024,False,0,0.2544,yolo/images/train/RECHERCHE-009_x102912_y062976.jpg,segmentation/masks/train/RECHERCHE-009_x102912_y062976.png,yolo/labels/train/RECHERCHE-009_x102912_y062976.txt
RECHERCHE-009_x098304_y064512,RECHERCHE-009,train,fold_1,98304,64512,2048,1024,False,0,0.6484,yolo/images/train/RECHERCHE-009_x098304_y064512.jpg,segmentation/masks/train/RECHERCHE-009_x098304_y064512.png,yolo/labels/train/RECHERCHE-009_x098304_y064512.txt
RECHERCHE-009_x099840_y064512,RECHERCHE-009,train,fold_1,99840,64512,2048,1024,False,0,1.0,yolo/images/train/RECHERCHE-009_x099840_y064512.jpg,segmentation/masks/train/RECHERCHE-009_x099840_y064512.png,yolo/labels/train/RECHERCHE-009_x099840_y064512.txt
RECHERCHE-009_x101376_y064512,RECHERCHE-009,train,fold_1,101376,64512,2048,1024,False,0,0.9586,yolo/images/train/RECHERCHE-009_x101376_y064512.jpg,segmentation/masks/train/RECHERCHE-009_x101376_y064512.png,yolo/labels/train/RECHERCHE-009_x101376_y064512.txt
RECHERCHE-009_x102912_y064512,RECHERCHE-009,train,fold_1,102912,64512,2048,1024,False,0,0.2012,yolo/images/train/RECHERCHE-009_x102912_y064512.jpg,segmentation/masks/train/RECHERCHE-009_x102912_y064512.png,yolo/labels/train/RECHERCHE-009_x102912_y064512.txt
RECHERCHE-009_x098304_y066048,RECHERCHE-009,train,fold_1,98304,66048,2048,1024,False,0,0.4176,yolo/images/train/RECHERCHE-009_x098304_y066048.jpg,segmentation/masks/train/RECHERCHE-009_x098304_y066048.png,yolo/labels/train/RECHERCHE-009_x098304_y066048.txt
RECHERCHE-009_x102912_y066048,RECHERCHE-009,train,fold_1,102912,66048,2048,1024,False,0,0.3314,yolo/images/train/RECHERCHE-009_x102912_y066048.jpg,segmentation/masks/train/RECHERCHE-009_x102912_y066048.png,yolo/labels/train/RECHERCHE-009_x102912_y066048.txt
RECHERCHE-009_x099840_y067584,RECHERCHE-009,train,fold_1,99840,67584,2048,1024,False,0,0.5918,yolo/images/train/RECHERCHE-009_x099840_y067584.jpg,segmentation/masks/train/RECHERCHE-009_x099840_y067584.png,yolo/labels/train/RECHERCHE-009_x099840_y067584.txt
RECHERCHE-009_x101376_y067584,RECHERCHE-009,train,fold_1,101376,67584,2048,1024,False,0,0.7418,yolo/images/train/RECHERCHE-009_x101376_y067584.jpg,segmentation/masks/train/RECHERCHE-009_x101376_y067584.png,yolo/labels/train/RECHERCHE-009_x101376_y067584.txt
RECHERCHE-009_x102912_y067584,RECHERCHE-009,train,fold_1,102912,67584,2048,1024,False,0,0.1593,yolo/images/train/RECHERCHE-009_x102912_y067584.jpg,segmentation/masks/train/RECHERCHE-009_x102912_y067584.png,yolo/labels/train/RECHERCHE-009_x102912_y067584.txt
RECHERCHE-010_x118272_y004608,RECHERCHE-010,train,fold_2,118272,4608,2048,1024,True,2,0.8561,yolo/images/train/RECHERCHE-010_x118272_y004608.jpg,segmentation/masks/train/RECHERCHE-010_x118272_y004608.png,yolo/labels/train/RECHERCHE-010_x118272_y004608.txt
RECHERCHE-010_x119808_y004608,RECHERCHE-010,train,fold_2,119808,4608,2048,1024,True,1,1.0,yolo/images/train/RECHERCHE-010_x119808_y004608.jpg,segmentation/masks/train/RECHERCHE-010_x119808_y004608.png,yolo/labels/train/RECHERCHE-010_x119808_y004608.txt
RECHERCHE-010_x150528_y004608,RECHERCHE-010,train,fold_2,150528,4608,2048,1024,True,1,0.1806,yolo/images/train/RECHERCHE-010_x150528_y004608.jpg,segmentation/masks/train/RECHERCHE-010_x150528_y004608.png,yolo/labels/train/RECHERCHE-010_x150528_y004608.txt
RECHERCHE-010_x152064_y004608,RECHERCHE-010,train,fold_2,152064,4608,2048,1024,True,3,0.3611,yolo/images/train/RECHERCHE-010_x152064_y004608.jpg,segmentation/masks/train/RECHERCHE-010_x152064_y004608.png,yolo/labels/train/RECHERCHE-010_x152064_y004608.txt
RECHERCHE-010_x153600_y004608,RECHERCHE-010,train,fold_2,153600,4608,2048,1024,True,3,0.8056,yolo/images/train/RECHERCHE-010_x153600_y004608.jpg,segmentation/masks/train/RECHERCHE-010_x153600_y004608.png,yolo/labels/train/RECHERCHE-010_x153600_y004608.txt
RECHERCHE-010_x155136_y004608,RECHERCHE-010,train,fold_2,155136,4608,2048,1024,True,2,0.3939,yolo/images/train/RECHERCHE-010_x155136_y004608.jpg,segmentation/masks/train/RECHERCHE-010_x155136_y004608.png,yolo/labels/train/RECHERCHE-010_x155136_y004608.txt
RECHERCHE-010_x113664_y006144,RECHERCHE-010,train,fold_2,113664,6144,2048,1024,True,1,0.1736,yolo/images/train/RECHERCHE-010_x113664_y006144.jpg,segmentation/masks/train/RECHERCHE-010_x113664_y006144.png,yolo/labels/train/RECHERCHE-010_x113664_y006144.txt
RECHERCHE-010_x115200_y006144,RECHERCHE-010,train,fold_2,115200,6144,2048,1024,True,1,0.7639,yolo/images/train/RECHERCHE-010_x115200_y006144.jpg,segmentation/masks/train/RECHERCHE-010_x115200_y006144.png,yolo/labels/train/RECHERCHE-010_x115200_y006144.txt
RECHERCHE-010_x116736_y006144,RECHERCHE-010,train,fold_2,116736,6144,2048,1024,True,1,1.0,yolo/images/train/RECHERCHE-010_x116736_y006144.jpg,segmentation/masks/train/RECHERCHE-010_x116736_y006144.png,yolo/labels/train/RECHERCHE-010_x116736_y006144.txt
RECHERCHE-010_x150528_y006144,RECHERCHE-010,train,fold_2,150528,6144,2048,1024,True,1,0.4375,yolo/images/train/RECHERCHE-010_x150528_y006144.jpg,segmentation/masks/train/RECHERCHE-010_x150528_y006144.png,yolo/labels/train/RECHERCHE-010_x150528_y006144.txt
RECHERCHE-010_x152064_y006144,RECHERCHE-010,train,fold_2,152064,6144,2048,1024,True,7,0.9722,yolo/images/train/RECHERCHE-010_x152064_y006144.jpg,segmentation/masks/train/RECHERCHE-010_x152064_y006144.png,yolo/labels/train/RECHERCHE-010_x152064_y006144.txt
RECHERCHE-010_x153600_y006144,RECHERCHE-010,train,fold_2,153600,6144,2048,1024,True,6,1.0,yolo/images/train/RECHERCHE-010_x153600_y006144.jpg,segmentation/masks/train/RECHERCHE-010_x153600_y006144.png,yolo/labels/train/RECHERCHE-010_x153600_y006144.txt
RECHERCHE-010_x155136_y006144,RECHERCHE-010,train,fold_2,155136,6144,2048,1024,True,2,0.5758,yolo/images/train/RECHERCHE-010_x155136_y006144.jpg,segmentation/masks/train/RECHERCHE-010_x155136_y006144.png,yolo/labels/train/RECHERCHE-010_x155136_y006144.txt
RECHERCHE-010_x113664_y007680,RECHERCHE-010,train,fold_2,113664,7680,2048,1024,True,1,0.7986,yolo/images/train/RECHERCHE-010_x113664_y007680.jpg,segmentation/masks/train/RECHERCHE-010_x113664_y007680.png,yolo/labels/train/RECHERCHE-010_x113664_y007680.txt
RECHERCHE-010_x116736_y007680,RECHERCHE-010,train,fold_2,116736,7680,2048,1024,True,1,1.0,yolo/images/train/RECHERCHE-010_x116736_y007680.jpg,segmentation/masks/train/RECHERCHE-010_x116736_y007680.png,yolo/labels/train/RECHERCHE-010_x116736_y007680.txt
RECHERCHE-010_x118272_y007680,RECHERCHE-010,train,fold_2,118272,7680,2048,1024,True,1,1.0,yolo/images/train/RECHERCHE-010_x118272_y007680.jpg,segmentation/masks/train/RECHERCHE-010_x118272_y007680.png,yolo/labels/train/RECHERCHE-010_x118272_y007680.txt
RECHERCHE-010_x152064_y007680,RECHERCHE-010,train,fold_2,152064,7680,2048,1024,True,4,0.8403,yolo/images/train/RECHERCHE-010_x152064_y007680.jpg,segmentation/masks/train/RECHERCHE-010_x152064_y007680.png,yolo/labels/train/RECHERCHE-010_x152064_y007680.txt
RECHERCHE-010_x153600_y007680,RECHERCHE-010,train,fold_2,153600,7680,2048,1024,True,2,1.0,yolo/images/train/RECHERCHE-010_x153600_y007680.jpg,segmentation/masks/train/RECHERCHE-010_x153600_y007680.png,yolo/labels/train/RECHERCHE-010_x153600_y007680.txt
RECHERCHE-010_x155136_y007680,RECHERCHE-010,train,fold_2,155136,7680,2048,1024,True,1,0.8333,yolo/images/train/RECHERCHE-010_x155136_y007680.jpg,segmentation/masks/train/RECHERCHE-010_x155136_y007680.png,yolo/labels/train/RECHERCHE-010_x155136_y007680.txt
RECHERCHE-010_x109056_y009216,RECHERCHE-010,train,fold_2,109056,9216,2048,1024,True,1,0.2222,yolo/images/train/RECHERCHE-010_x109056_y009216.jpg,segmentation/masks/train/RECHERCHE-010_x109056_y009216.png,yolo/labels/train/RECHERCHE-010_x109056_y009216.txt
RECHERCHE-010_x110592_y009216,RECHERCHE-010,train,fold_2,110592,9216,2048,1024,True,1,0.7014,yolo/images/train/RECHERCHE-010_x110592_y009216.jpg,segmentation/masks/train/RECHERCHE-010_x110592_y009216.png,yolo/labels/train/RECHERCHE-010_x110592_y009216.txt
RECHERCHE-010_x112128_y009216,RECHERCHE-010,train,fold_2,112128,9216,2048,1024,True,1,0.9167,yolo/images/train/RECHERCHE-010_x112128_y009216.jpg,segmentation/masks/train/RECHERCHE-010_x112128_y009216.png,yolo/labels/train/RECHERCHE-010_x112128_y009216.txt
RECHERCHE-010_x113664_y009216,RECHERCHE-010,train,fold_2,113664,9216,2048,1024,True,2,1.0,yolo/images/train/RECHERCHE-010_x113664_y009216.jpg,segmentation/masks/train/RECHERCHE-010_x113664_y009216.png,yolo/labels/train/RECHERCHE-010_x113664_y009216.txt
RECHERCHE-010_x115200_y009216,RECHERCHE-010,train,fold_2,115200,9216,2048,1024,True,1,1.0,yolo/images/train/RECHERCHE-010_x115200_y009216.jpg,segmentation/masks/train/RECHERCHE-010_x115200_y009216.png,yolo/labels/train/RECHERCHE-010_x115200_y009216.txt
RECHERCHE-010_x116736_y009216,RECHERCHE-010,train,fold_2,116736,9216,2048,1024,True,1,0.9722,yolo/images/train/RECHERCHE-010_x116736_y009216.jpg,segmentation/masks/train/RECHERCHE-010_x116736_y009216.png,yolo/labels/train/RECHERCHE-010_x116736_y009216.txt
RECHERCHE-010_x118272_y009216,RECHERCHE-010,train,fold_2,118272,9216,2048,1024,True,1,0.6591,yolo/images/train/RECHERCHE-010_x118272_y009216.jpg,segmentation/masks/train/RECHERCHE-010_x118272_y009216.png,yolo/labels/train/RECHERCHE-010_x118272_y009216.txt
RECHERCHE-010_x152064_y009216,RECHERCHE-010,train,fold_2,152064,9216,2048,1024,True,1,0.75,yolo/images/train/RECHERCHE-010_x152064_y009216.jpg,segmentation/masks/train/RECHERCHE-010_x152064_y009216.png,yolo/labels/train/RECHERCHE-010_x152064_y009216.txt
RECHERCHE-010_x156672_y009216,RECHERCHE-010,train,fold_2,156672,9216,2048,1024,True,1,0.3403,yolo/images/train/RECHERCHE-010_x156672_y009216.jpg,segmentation/masks/train/RECHERCHE-010_x156672_y009216.png,yolo/labels/train/RECHERCHE-010_x156672_y009216.txt
RECHERCHE-010_x095232_y010752,RECHERCHE-010,train,fold_2,95232,10752,2048,1024,True,2,0.876,yolo/images/train/RECHERCHE-010_x095232_y010752.jpg,segmentation/masks/train/RECHERCHE-010_x095232_y010752.png,yolo/labels/train/RECHERCHE-010_x095232_y010752.txt
RECHERCHE-010_x096768_y010752,RECHERCHE-010,train,fold_2,96768,10752,2048,1024,True,2,0.6136,yolo/images/train/RECHERCHE-010_x096768_y010752.jpg,segmentation/masks/train/RECHERCHE-010_x096768_y010752.png,yolo/labels/train/RECHERCHE-010_x096768_y010752.txt
RECHERCHE-010_x098304_y010752,RECHERCHE-010,train,fold_2,98304,10752,2048,1024,True,1,0.5303,yolo/images/train/RECHERCHE-010_x098304_y010752.jpg,segmentation/masks/train/RECHERCHE-010_x098304_y010752.png,yolo/labels/train/RECHERCHE-010_x098304_y010752.txt
RECHERCHE-010_x101376_y010752,RECHERCHE-010,train,fold_2,101376,10752,2048,1024,True,1,0.3258,yolo/images/train/RECHERCHE-010_x101376_y010752.jpg,segmentation/masks/train/RECHERCHE-010_x101376_y010752.png,yolo/labels/train/RECHERCHE-010_x101376_y010752.txt
RECHERCHE-010_x102912_y010752,RECHERCHE-010,train,fold_2,102912,10752,2048,1024,True,1,0.1515,yolo/images/train/RECHERCHE-010_x102912_y010752.jpg,segmentation/masks/train/RECHERCHE-010_x102912_y010752.png,yolo/labels/train/RECHERCHE-010_x102912_y010752.txt
RECHERCHE-010_x109056_y010752,RECHERCHE-010,train,fold_2,109056,10752,2048,1024,True,1,0.5833,yolo/images/train/RECHERCHE-010_x109056_y010752.jpg,segmentation/masks/train/RECHERCHE-010_x109056_y010752.png,yolo/labels/train/RECHERCHE-010_x109056_y010752.txt
RECHERCHE-010_x112128_y010752,RECHERCHE-010,train,fold_2,112128,10752,2048,1024,True,1,1.0,yolo/images/train/RECHERCHE-010_x112128_y010752.jpg,segmentation/masks/train/RECHERCHE-010_x112128_y010752.png,yolo/labels/train/RECHERCHE-010_x112128_y010752.txt
RECHERCHE-010_x113664_y010752,RECHERCHE-010,train,fold_2,113664,10752,2048,1024,True,2,1.0,yolo/images/train/RECHERCHE-010_x113664_y010752.jpg,segmentation/masks/train/RECHERCHE-010_x113664_y010752.png,yolo/labels/train/RECHERCHE-010_x113664_y010752.txt
RECHERCHE-010_x115200_y010752,RECHERCHE-010,train,fold_2,115200,10752,2048,1024,True,1,0.8864,yolo/images/train/RECHERCHE-010_x115200_y010752.jpg,segmentation/masks/train/RECHERCHE-010_x115200_y010752.png,yolo/labels/train/RECHERCHE-010_x115200_y010752.txt
RECHERCHE-010_x116736_y010752,RECHERCHE-010,train,fold_2,116736,10752,2048,1024,True,1,0.4848,yolo/images/train/RECHERCHE-010_x116736_y010752.jpg,segmentation/masks/train/RECHERCHE-010_x116736_y010752.png,yolo/labels/train/RECHERCHE-010_x116736_y010752.txt
RECHERCHE-010_x152064_y010752,RECHERCHE-010,train,fold_2,152064,10752,2048,1024,True,1,0.5758,yolo/images/train/RECHERCHE-010_x152064_y010752.jpg,segmentation/masks/train/RECHERCHE-010_x152064_y010752.png,yolo/labels/train/RECHERCHE-010_x152064_y010752.txt
RECHERCHE-010_x155136_y010752,RECHERCHE-010,train,fold_2,155136,10752,2048,1024,True,1,1.0,yolo/images/train/RECHERCHE-010_x155136_y010752.jpg,segmentation/masks/train/RECHERCHE-010_x155136_y010752.png,yolo/labels/train/RECHERCHE-010_x155136_y010752.txt
RECHERCHE-010_x156672_y010752,RECHERCHE-010,train,fold_2,156672,10752,2048,1024,True,2,0.6591,yolo/images/train/RECHERCHE-010_x156672_y010752.jpg,segmentation/masks/train/RECHERCHE-010_x156672_y010752.png,yolo/labels/train/RECHERCHE-010_x156672_y010752.txt
RECHERCHE-010_x093696_y012288,RECHERCHE-010,train,fold_2,93696,12288,2048,1024,True,1,0.4773,yolo/images/train/RECHERCHE-010_x093696_y012288.jpg,segmentation/masks/train/RECHERCHE-010_x093696_y012288.png,yolo/labels/train/RECHERCHE-010_x093696_y012288.txt
RECHERCHE-010_x095232_y012288,RECHERCHE-010,train,fold_2,95232,12288,2048,1024,True,3,1.0,yolo/images/train/RECHERCHE-010_x095232_y012288.jpg,segmentation/masks/train/RECHERCHE-010_x095232_y012288.png,yolo/labels/train/RECHERCHE-010_x095232_y012288.txt
RECHERCHE-010_x096768_y012288,RECHERCHE-010,train,fold_2,96768,12288,2048,1024,True,6,1.0,yolo/images/train/RECHERCHE-010_x096768_y012288.jpg,segmentation/masks/train/RECHERCHE-010_x096768_y012288.png,yolo/labels/train/RECHERCHE-010_x096768_y012288.txt
RECHERCHE-010_x098304_y012288,RECHERCHE-010,train,fold_2,98304,12288,2048,1024,True,2,1.0,yolo/images/train/RECHERCHE-010_x098304_y012288.jpg,segmentation/masks/train/RECHERCHE-010_x098304_y012288.png,yolo/labels/train/RECHERCHE-010_x098304_y012288.txt
RECHERCHE-010_x101376_y012288,RECHERCHE-010,train,fold_2,101376,12288,2048,1024,True,1,1.0,yolo/images/train/RECHERCHE-010_x101376_y012288.jpg,segmentation/masks/train/RECHERCHE-010_x101376_y012288.png,yolo/labels/train/RECHERCHE-010_x101376_y012288.txt
RECHERCHE-010_x105984_y012288,RECHERCHE-010,train,fold_2,105984,12288,2048,1024,True,1,0.8595,yolo/images/train/RECHERCHE-010_x105984_y012288.jpg,segmentation/masks/train/RECHERCHE-010_x105984_y012288.png,yolo/labels/train/RECHERCHE-010_x105984_y012288.txt
RECHERCHE-010_x107520_y012288,RECHERCHE-010,train,fold_2,107520,12288,2048,1024,True,1,0.9587,yolo/images/train/RECHERCHE-010_x107520_y012288.jpg,segmentation/masks/train/RECHERCHE-010_x107520_y012288.png,yolo/labels/train/RECHERCHE-010_x107520_y012288.txt
RECHERCHE-010_x109056_y012288,RECHERCHE-010,train,fold_2,109056,12288,2048,1024,True,1,1.0,yolo/images/train/RECHERCHE-010_x109056_y012288.jpg,segmentation/masks/train/RECHERCHE-010_x109056_y012288.png,yolo/labels/train/RECHERCHE-010_x109056_y012288.txt
RECHERCHE-010_x152064_y012288,RECHERCHE-010,train,fold_2,152064,12288,2048,1024,True,1,0.3939,yolo/images/train/RECHERCHE-010_x152064_y012288.jpg,segmentation/masks/train/RECHERCHE-010_x152064_y012288.png,yolo/labels/train/RECHERCHE-010_x152064_y012288.txt
RECHERCHE-010_x153600_y012288,RECHERCHE-010,train,fold_2,153600,12288,2048,1024,True,1,0.9924,yolo/images/train/RECHERCHE-010_x153600_y012288.jpg,segmentation/masks/train/RECHERCHE-010_x153600_y012288.png,yolo/labels/train/RECHERCHE-010_x153600_y012288.txt
RECHERCHE-010_x156672_y012288,RECHERCHE-010,train,fold_2,156672,12288,2048,1024,True,1,0.75,yolo/images/train/RECHERCHE-010_x156672_y012288.jpg,segmentation/masks/train/RECHERCHE-010_x156672_y012288.png,yolo/labels/train/RECHERCHE-010_x156672_y012288.txt
RECHERCHE-010_x093696_y013824,RECHERCHE-010,train,fold_2,93696,13824,2048,1024,True,1,0.3472,yolo/images/train/RECHERCHE-010_x093696_y013824.jpg,segmentation/masks/train/RECHERCHE-010_x093696_y013824.png,yolo/labels/train/RECHERCHE-010_x093696_y013824.txt
RECHERCHE-010_x095232_y013824,RECHERCHE-010,train,fold_2,95232,13824,2048,1024,True,3,0.9773,yolo/images/train/RECHERCHE-010_x095232_y013824.jpg,segmentation/masks/train/RECHERCHE-010_x095232_y013824.png,yolo/labels/train/RECHERCHE-010_x095232_y013824.txt
RECHERCHE-010_x096768_y013824,RECHERCHE-010,train,fold_2,96768,13824,2048,1024,True,5,1.0,yolo/images/train/RECHERCHE-010_x096768_y013824.jpg,segmentation/masks/train/RECHERCHE-010_x096768_y013824.png,yolo/labels/train/RECHERCHE-010_x096768_y013824.txt
RECHERCHE-010_x098304_y013824,RECHERCHE-010,train,fold_2,98304,13824,2048,1024,True,3,1.0,yolo/images/train/RECHERCHE-010_x098304_y013824.jpg,segmentation/masks/train/RECHERCHE-010_x098304_y013824.png,yolo/labels/train/RECHERCHE-010_x098304_y013824.txt
RECHERCHE-010_x099840_y013824,RECHERCHE-010,train,fold_2,99840,13824,2048,1024,True,1,1.0,yolo/images/train/RECHERCHE-010_x099840_y013824.jpg,segmentation/masks/train/RECHERCHE-010_x099840_y013824.png,yolo/labels/train/RECHERCHE-010_x099840_y013824.txt
RECHERCHE-010_x104448_y013824,RECHERCHE-010,train,fold_2,104448,13824,2048,1024,True,1,1.0,yolo/images/train/RECHERCHE-010_x104448_y013824.jpg,segmentation/masks/train/RECHERCHE-010_x104448_y013824.png,yolo/labels/train/RECHERCHE-010_x104448_y013824.txt
RECHERCHE-010_x153600_y013824,RECHERCHE-010,train,fold_2,153600,13824,2048,1024,True,1,0.7778,yolo/images/train/RECHERCHE-010_x153600_y013824.jpg,segmentation/masks/train/RECHERCHE-010_x153600_y013824.png,yolo/labels/train/RECHERCHE-010_x153600_y013824.txt
RECHERCHE-010_x095232_y015360,RECHERCHE-010,train,fold_2,95232,15360,2048,1024,True,1,0.3485,yolo/images/train/RECHERCHE-010_x095232_y015360.jpg,segmentation/masks/train/RECHERCHE-010_x095232_y015360.png,yolo/labels/train/RECHERCHE-010_x095232_y015360.txt
RECHERCHE-010_x098304_y015360,RECHERCHE-010,train,fold_2,98304,15360,2048,1024,True,1,0.4514,yolo/images/train/RECHERCHE-010_x098304_y015360.jpg,segmentation/masks/train/RECHERCHE-010_x098304_y015360.png,yolo/labels/train/RECHERCHE-010_x098304_y015360.txt
RECHERCHE-010_x099840_y015360,RECHERCHE-010,train,fold_2,99840,15360,2048,1024,True,1,0.6597,yolo/images/train/RECHERCHE-010_x099840_y015360.jpg,segmentation/masks/train/RECHERCHE-010_x099840_y015360.png,yolo/labels/train/RECHERCHE-010_x099840_y015360.txt
RECHERCHE-010_x101376_y015360,RECHERCHE-010,train,fold_2,101376,15360,2048,1024,True,1,0.7917,yolo/images/train/RECHERCHE-010_x101376_y015360.jpg,segmentation/masks/train/RECHERCHE-010_x101376_y015360.png,yolo/labels/train/RECHERCHE-010_x101376_y015360.txt
RECHERCHE-010_x104448_y015360,RECHERCHE-010,train,fold_2,104448,15360,2048,1024,True,2,0.8611,yolo/images/train/RECHERCHE-010_x104448_y015360.jpg,segmentation/masks/train/RECHERCHE-010_x104448_y015360.png,yolo/labels/train/RECHERCHE-010_x104448_y015360.txt
RECHERCHE-010_x153600_y015360,RECHERCHE-010,train,fold_2,153600,15360,2048,1024,True,1,0.4306,yolo/images/train/RECHERCHE-010_x153600_y015360.jpg,segmentation/masks/train/RECHERCHE-010_x153600_y015360.png,yolo/labels/train/RECHERCHE-010_x153600_y015360.txt
RECHERCHE-010_x156672_y015360,RECHERCHE-010,train,fold_2,156672,15360,2048,1024,True,1,1.0,yolo/images/train/RECHERCHE-010_x156672_y015360.jpg,segmentation/masks/train/RECHERCHE-010_x156672_y015360.png,yolo/labels/train/RECHERCHE-010_x156672_y015360.txt
RECHERCHE-010_x158208_y015360,RECHERCHE-010,train,fold_2,158208,15360,2048,1024,True,1,0.8264,yolo/images/train/RECHERCHE-010_x158208_y015360.jpg,segmentation/masks/train/RECHERCHE-010_x158208_y015360.png,yolo/labels/train/RECHERCHE-010_x158208_y015360.txt
RECHERCHE-010_x158208_y016896,RECHERCHE-010,train,fold_2,158208,16896,2048,1024,True,1,1.0,yolo/images/train/RECHERCHE-010_x158208_y016896.jpg,segmentation/masks/train/RECHERCHE-010_x158208_y016896.png,yolo/labels/train/RECHERCHE-010_x158208_y016896.txt
RECHERCHE-010_x159744_y016896,RECHERCHE-010,train,fold_2,159744,16896,2048,1024,True,1,0.8403,yolo/images/train/RECHERCHE-010_x159744_y016896.jpg,segmentation/masks/train/RECHERCHE-010_x159744_y016896.png,yolo/labels/train/RECHERCHE-010_x159744_y016896.txt
RECHERCHE-010_x161280_y016896,RECHERCHE-010,train,fold_2,161280,16896,2048,1024,True,1,0.7083,yolo/images/train/RECHERCHE-010_x161280_y016896.jpg,segmentation/masks/train/RECHERCHE-010_x161280_y016896.png,yolo/labels/train/RECHERCHE-010_x161280_y016896.txt
RECHERCHE-010_x162816_y016896,RECHERCHE-010,train,fold_2,162816,16896,2048,1024,True,1,0.3125,yolo/images/train/RECHERCHE-010_x162816_y016896.jpg,segmentation/masks/train/RECHERCHE-010_x162816_y016896.png,yolo/labels/train/RECHERCHE-010_x162816_y016896.txt
RECHERCHE-010_x021504_y018432,RECHERCHE-010,train,fold_2,21504,18432,2048,1024,True,1,0.3125,yolo/images/train/RECHERCHE-010_x021504_y018432.jpg,segmentation/masks/train/RECHERCHE-010_x021504_y018432.png,yolo/labels/train/RECHERCHE-010_x021504_y018432.txt
RECHERCHE-010_x021504_y019968,RECHERCHE-010,train,fold_2,21504,19968,2048,1024,True,2,0.7361,yolo/images/train/RECHERCHE-010_x021504_y019968.jpg,segmentation/masks/train/RECHERCHE-010_x021504_y019968.png,yolo/labels/train/RECHERCHE-010_x021504_y019968.txt
RECHERCHE-010_x161280_y019968,RECHERCHE-010,train,fold_2,161280,19968,2048,1024,True,1,1.0,yolo/images/train/RECHERCHE-010_x161280_y019968.jpg,segmentation/masks/train/RECHERCHE-010_x161280_y019968.png,yolo/labels/train/RECHERCHE-010_x161280_y019968.txt
RECHERCHE-010_x162816_y019968,RECHERCHE-010,train,fold_2,162816,19968,2048,1024,True,2,1.0,yolo/images/train/RECHERCHE-010_x162816_y019968.jpg,segmentation/masks/train/RECHERCHE-010_x162816_y019968.png,yolo/labels/train/RECHERCHE-010_x162816_y019968.txt
RECHERCHE-010_x164352_y019968,RECHERCHE-010,train,fold_2,164352,19968,2048,1024,True,1,0.9931,yolo/images/train/RECHERCHE-010_x164352_y019968.jpg,segmentation/masks/train/RECHERCHE-010_x164352_y019968.png,yolo/labels/train/RECHERCHE-010_x164352_y019968.txt
RECHERCHE-010_x165888_y019968,RECHERCHE-010,train,fold_2,165888,19968,2048,1024,True,2,0.8333,yolo/images/train/RECHERCHE-010_x165888_y019968.jpg,segmentation/masks/train/RECHERCHE-010_x165888_y019968.png,yolo/labels/train/RECHERCHE-010_x165888_y019968.txt
RECHERCHE-010_x167424_y019968,RECHERCHE-010,train,fold_2,167424,19968,2048,1024,True,1,0.4545,yolo/images/train/RECHERCHE-010_x167424_y019968.jpg,segmentation/masks/train/RECHERCHE-010_x167424_y019968.png,yolo/labels/train/RECHERCHE-010_x167424_y019968.txt
RECHERCHE-010_x021504_y021504,RECHERCHE-010,train,fold_2,21504,21504,2048,1024,True,2,0.9792,yolo/images/train/RECHERCHE-010_x021504_y021504.jpg,segmentation/masks/train/RECHERCHE-010_x021504_y021504.png,yolo/labels/train/RECHERCHE-010_x021504_y021504.txt
RECHERCHE-010_x023040_y021504,RECHERCHE-010,train,fold_2,23040,21504,2048,1024,True,1,1.0,yolo/images/train/RECHERCHE-010_x023040_y021504.jpg,segmentation/masks/train/RECHERCHE-010_x023040_y021504.png,yolo/labels/train/RECHERCHE-010_x023040_y021504.txt
RECHERCHE-010_x162816_y021504,RECHERCHE-010,train,fold_2,162816,21504,2048,1024,True,1,0.9861,yolo/images/train/RECHERCHE-010_x162816_y021504.jpg,segmentation/masks/train/RECHERCHE-010_x162816_y021504.png,yolo/labels/train/RECHERCHE-010_x162816_y021504.txt
RECHERCHE-010_x167424_y021504,RECHERCHE-010,train,fold_2,167424,21504,2048,1024,True,1,1.0,yolo/images/train/RECHERCHE-010_x167424_y021504.jpg,segmentation/masks/train/RECHERCHE-010_x167424_y021504.png,yolo/labels/train/RECHERCHE-010_x167424_y021504.txt
RECHERCHE-010_x168960_y021504,RECHERCHE-010,train,fold_2,168960,21504,2048,1024,True,1,0.6458,yolo/images/train/RECHERCHE-010_x168960_y021504.jpg,segmentation/masks/train/RECHERCHE-010_x168960_y021504.png,yolo/labels/train/RECHERCHE-010_x168960_y021504.txt
RECHERCHE-010_x024576_y023040,RECHERCHE-010,train,fold_2,24576,23040,2048,1024,True,1,0.5208,yolo/images/train/RECHERCHE-010_x024576_y023040.jpg,segmentation/masks/train/RECHERCHE-010_x024576_y023040.png,yolo/labels/train/RECHERCHE-010_x024576_y023040.txt
RECHERCHE-010_x162816_y023040,RECHERCHE-010,train,fold_2,162816,23040,2048,1024,True,1,0.4653,yolo/images/train/RECHERCHE-010_x162816_y023040.jpg,segmentation/masks/train/RECHERCHE-010_x162816_y023040.png,yolo/labels/train/RECHERCHE-010_x162816_y023040.txt
RECHERCHE-010_x164352_y023040,RECHERCHE-010,train,fold_2,164352,23040,2048,1024,True,2,0.875,yolo/images/train/RECHERCHE-010_x164352_y023040.jpg,segmentation/masks/train/RECHERCHE-010_x164352_y023040.png,yolo/labels/train/RECHERCHE-010_x164352_y023040.txt
RECHERCHE-010_x165888_y023040,RECHERCHE-010,train,fold_2,165888,23040,2048,1024,True,1,1.0,yolo/images/train/RECHERCHE-010_x165888_y023040.jpg,segmentation/masks/train/RECHERCHE-010_x165888_y023040.png,yolo/labels/train/RECHERCHE-010_x165888_y023040.txt
RECHERCHE-010_x167424_y023040,RECHERCHE-010,train,fold_2,167424,23040,2048,1024,True,1,1.0,yolo/images/train/RECHERCHE-010_x167424_y023040.jpg,segmentation/masks/train/RECHERCHE-010_x167424_y023040.png,yolo/labels/train/RECHERCHE-010_x167424_y023040.txt
RECHERCHE-010_x168960_y023040,RECHERCHE-010,train,fold_2,168960,23040,2048,1024,True,2,1.0,yolo/images/train/RECHERCHE-010_x168960_y023040.jpg,segmentation/masks/train/RECHERCHE-010_x168960_y023040.png,yolo/labels/train/RECHERCHE-010_x168960_y023040.txt
RECHERCHE-010_x170496_y023040,RECHERCHE-010,train,fold_2,170496,23040,2048,1024,True,2,0.9722,yolo/images/train/RECHERCHE-010_x170496_y023040.jpg,segmentation/masks/train/RECHERCHE-010_x170496_y023040.png,yolo/labels/train/RECHERCHE-010_x170496_y023040.txt
RECHERCHE-010_x021504_y024576,RECHERCHE-010,train,fold_2,21504,24576,2048,1024,True,2,1.0,yolo/images/train/RECHERCHE-010_x021504_y024576.jpg,segmentation/masks/train/RECHERCHE-010_x021504_y024576.png,yolo/labels/train/RECHERCHE-010_x021504_y024576.txt
RECHERCHE-010_x023040_y024576,RECHERCHE-010,train,fold_2,23040,24576,2048,1024,True,1,0.6364,yolo/images/train/RECHERCHE-010_x023040_y024576.jpg,segmentation/masks/train/RECHERCHE-010_x023040_y024576.png,yolo/labels/train/RECHERCHE-010_x023040_y024576.txt
RECHERCHE-010_x164352_y024576,RECHERCHE-010,train,fold_2,164352,24576,2048,1024,True,1,0.1667,yolo/images/train/RECHERCHE-010_x164352_y024576.jpg,segmentation/masks/train/RECHERCHE-010_x164352_y024576.png,yolo/labels/train/RECHERCHE-010_x164352_y024576.txt
RECHERCHE-010_x165888_y024576,RECHERCHE-010,train,fold_2,165888,24576,2048,1024,True,1,0.6116,yolo/images/train/RECHERCHE-010_x165888_y024576.jpg,segmentation/masks/train/RECHERCHE-010_x165888_y024576.png,yolo/labels/train/RECHERCHE-010_x165888_y024576.txt
RECHERCHE-010_x015360_y026112,RECHERCHE-010,train,fold_2,15360,26112,2048,1024,True,1,0.2917,yolo/images/train/RECHERCHE-010_x015360_y026112.jpg,segmentation/masks/train/RECHERCHE-010_x015360_y026112.png,yolo/labels/train/RECHERCHE-010_x015360_y026112.txt
RECHERCHE-010_x016896_y026112,RECHERCHE-010,train,fold_2,16896,26112,2048,1024,True,2,0.6944,yolo/images/train/RECHERCHE-010_x016896_y026112.jpg,segmentation/masks/train/RECHERCHE-010_x016896_y026112.png,yolo/labels/train/RECHERCHE-010_x016896_y026112.txt
RECHERCHE-010_x018432_y026112,RECHERCHE-010,train,fold_2,18432,26112,2048,1024,True,1,0.9931,yolo/images/train/RECHERCHE-010_x018432_y026112.jpg,segmentation/masks/train/RECHERCHE-010_x018432_y026112.png,yolo/labels/train/RECHERCHE-010_x018432_y026112.txt
RECHERCHE-010_x021504_y026112,RECHERCHE-010,train,fold_2,21504,26112,2048,1024,True,1,0.8056,yolo/images/train/RECHERCHE-010_x021504_y026112.jpg,segmentation/masks/train/RECHERCHE-010_x021504_y026112.png,yolo/labels/train/RECHERCHE-010_x021504_y026112.txt
RECHERCHE-010_x015360_y027648,RECHERCHE-010,train,fold_2,15360,27648,2048,1024,True,1,0.9583,yolo/images/train/RECHERCHE-010_x015360_y027648.jpg,segmentation/masks/train/RECHERCHE-010_x015360_y027648.png,yolo/labels/train/RECHERCHE-010_x015360_y027648.txt
RECHERCHE-010_x016896_y027648,RECHERCHE-010,train,fold_2,16896,27648,2048,1024,True,1,1.0,yolo/images/train/RECHERCHE-010_x016896_y027648.jpg,segmentation/masks/train/RECHERCHE-010_x016896_y027648.png,yolo/labels/train/RECHERCHE-010_x016896_y027648.txt
RECHERCHE-010_x006144_y029184,RECHERCHE-010,train,fold_2,6144,29184,2048,1024,True,1,0.7639,yolo/images/train/RECHERCHE-010_x006144_y029184.jpg,segmentation/masks/train/RECHERCHE-010_x006144_y029184.png,yolo/labels/train/RECHERCHE-010_x006144_y029184.txt
RECHERCHE-010_x010752_y029184,RECHERCHE-010,train,fold_2,10752,29184,2048,1024,True,1,1.0,yolo/images/train/RECHERCHE-010_x010752_y029184.jpg,segmentation/masks/train/RECHERCHE-010_x010752_y029184.png,yolo/labels/train/RECHERCHE-010_x010752_y029184.txt
RECHERCHE-010_x012288_y029184,RECHERCHE-010,train,fold_2,12288,29184,2048,1024,True,1,1.0,yolo/images/train/RECHERCHE-010_x012288_y029184.jpg,segmentation/masks/train/RECHERCHE-010_x012288_y029184.png,yolo/labels/train/RECHERCHE-010_x012288_y029184.txt
RECHERCHE-010_x013824_y029184,RECHERCHE-010,train,fold_2,13824,29184,2048,1024,True,1,1.0,yolo/images/train/RECHERCHE-010_x013824_y029184.jpg,segmentation/masks/train/RECHERCHE-010_x013824_y029184.png,yolo/labels/train/RECHERCHE-010_x013824_y029184.txt
RECHERCHE-010_x015360_y029184,RECHERCHE-010,train,fold_2,15360,29184,2048,1024,True,2,1.0,yolo/images/train/RECHERCHE-010_x015360_y029184.jpg,segmentation/masks/train/RECHERCHE-010_x015360_y029184.png,yolo/labels/train/RECHERCHE-010_x015360_y029184.txt
RECHERCHE-010_x016896_y029184,RECHERCHE-010,train,fold_2,16896,29184,2048,1024,True,1,0.9861,yolo/images/train/RECHERCHE-010_x016896_y029184.jpg,segmentation/masks/train/RECHERCHE-010_x016896_y029184.png,yolo/labels/train/RECHERCHE-010_x016896_y029184.txt
RECHERCHE-010_x003072_y030720,RECHERCHE-010,train,fold_2,3072,30720,2048,1024,True,1,0.8194,yolo/images/train/RECHERCHE-010_x003072_y030720.jpg,segmentation/masks/train/RECHERCHE-010_x003072_y030720.png,yolo/labels/train/RECHERCHE-010_x003072_y030720.txt
RECHERCHE-010_x006144_y030720,RECHERCHE-010,train,fold_2,6144,30720,2048,1024,True,5,1.0,yolo/images/train/RECHERCHE-010_x006144_y030720.jpg,segmentation/masks/train/RECHERCHE-010_x006144_y030720.png,yolo/labels/train/RECHERCHE-010_x006144_y030720.txt
RECHERCHE-010_x007680_y030720,RECHERCHE-010,train,fold_2,7680,30720,2048,1024,True,4,1.0,yolo/images/train/RECHERCHE-010_x007680_y030720.jpg,segmentation/masks/train/RECHERCHE-010_x007680_y030720.png,yolo/labels/train/RECHERCHE-010_x007680_y030720.txt
RECHERCHE-010_x009216_y030720,RECHERCHE-010,train,fold_2,9216,30720,2048,1024,True,3,1.0,yolo/images/train/RECHERCHE-010_x009216_y030720.jpg,segmentation/masks/train/RECHERCHE-010_x009216_y030720.png,yolo/labels/train/RECHERCHE-010_x009216_y030720.txt
RECHERCHE-010_x013824_y030720,RECHERCHE-010,train,fold_2,13824,30720,2048,1024,True,1,0.9444,yolo/images/train/RECHERCHE-010_x013824_y030720.jpg,segmentation/masks/train/RECHERCHE-010_x013824_y030720.png,yolo/labels/train/RECHERCHE-010_x013824_y030720.txt
RECHERCHE-010_x015360_y030720,RECHERCHE-010,train,fold_2,15360,30720,2048,1024,True,2,0.7361,yolo/images/train/RECHERCHE-010_x015360_y030720.jpg,segmentation/masks/train/RECHERCHE-010_x015360_y030720.png,yolo/labels/train/RECHERCHE-010_x015360_y030720.txt
RECHERCHE-010_x016896_y030720,RECHERCHE-010,train,fold_2,16896,30720,2048,1024,True,1,0.4306,yolo/images/train/RECHERCHE-010_x016896_y030720.jpg,segmentation/masks/train/RECHERCHE-010_x016896_y030720.png,yolo/labels/train/RECHERCHE-010_x016896_y030720.txt
RECHERCHE-010_x003072_y032256,RECHERCHE-010,train,fold_2,3072,32256,2048,1024,True,2,0.5347,yolo/images/train/RECHERCHE-010_x003072_y032256.jpg,segmentation/masks/train/RECHERCHE-010_x003072_y032256.png,yolo/labels/train/RECHERCHE-010_x003072_y032256.txt
RECHERCHE-010_x004608_y032256,RECHERCHE-010,train,fold_2,4608,32256,2048,1024,True,2,1.0,yolo/images/train/RECHERCHE-010_x004608_y032256.jpg,segmentation/masks/train/RECHERCHE-010_x004608_y032256.png,yolo/labels/train/RECHERCHE-010_x004608_y032256.txt
RECHERCHE-010_x006144_y032256,RECHERCHE-010,train,fold_2,6144,32256,2048,1024,True,3,0.8681,yolo/images/train/RECHERCHE-010_x006144_y032256.jpg,segmentation/masks/train/RECHERCHE-010_x006144_y032256.png,yolo/labels/train/RECHERCHE-010_x006144_y032256.txt
RECHERCHE-010_x007680_y032256,RECHERCHE-010,train,fold_2,7680,32256,2048,1024,True,3,0.6736,yolo/images/train/RECHERCHE-010_x007680_y032256.jpg,segmentation/masks/train/RECHERCHE-010_x007680_y032256.png,yolo/labels/train/RECHERCHE-010_x007680_y032256.txt
RECHERCHE-010_x009216_y032256,RECHERCHE-010,train,fold_2,9216,32256,2048,1024,True,2,0.5347,yolo/images/train/RECHERCHE-010_x009216_y032256.jpg,segmentation/masks/train/RECHERCHE-010_x009216_y032256.png,yolo/labels/train/RECHERCHE-010_x009216_y032256.txt
RECHERCHE-010_x064512_y032256,RECHERCHE-010,train,fold_2,64512,32256,2048,1024,True,1,0.3681,yolo/images/train/RECHERCHE-010_x064512_y032256.jpg,segmentation/masks/train/RECHERCHE-010_x064512_y032256.png,yolo/labels/train/RECHERCHE-010_x064512_y032256.txt
RECHERCHE-010_x066048_y032256,RECHERCHE-010,train,fold_2,66048,32256,2048,1024,True,1,0.9722,yolo/images/train/RECHERCHE-010_x066048_y032256.jpg,segmentation/masks/train/RECHERCHE-010_x066048_y032256.png,yolo/labels/train/RECHERCHE-010_x066048_y032256.txt
RECHERCHE-010_x004608_y033792,RECHERCHE-010,train,fold_2,4608,33792,2048,1024,True,1,0.4028,yolo/images/train/RECHERCHE-010_x004608_y033792.jpg,segmentation/masks/train/RECHERCHE-010_x004608_y033792.png,yolo/labels/train/RECHERCHE-010_x004608_y033792.txt
RECHERCHE-010_x006144_y033792,RECHERCHE-010,train,fold_2,6144,33792,2048,1024,True,1,0.1736,yolo/images/train/RECHERCHE-010_x006144_y033792.jpg,segmentation/masks/train/RECHERCHE-010_x006144_y033792.png,yolo/labels/train/RECHERCHE-010_x006144_y033792.txt
RECHERCHE-010_x064512_y033792,RECHERCHE-010,train,fold_2,64512,33792,2048,1024,True,2,0.7083,yolo/images/train/RECHERCHE-010_x064512_y033792.jpg,segmentation/masks/train/RECHERCHE-010_x064512_y033792.png,yolo/labels/train/RECHERCHE-010_x064512_y033792.txt
RECHERCHE-010_x066048_y033792,RECHERCHE-010,train,fold_2,66048,33792,2048,1024,True,1,1.0,yolo/images/train/RECHERCHE-010_x066048_y033792.jpg,segmentation/masks/train/RECHERCHE-010_x066048_y033792.png,yolo/labels/train/RECHERCHE-010_x066048_y033792.txt
RECHERCHE-010_x066048_y035328,RECHERCHE-010,train,fold_2,66048,35328,2048,1024,True,1,1.0,yolo/images/train/RECHERCHE-010_x066048_y035328.jpg,segmentation/masks/train/RECHERCHE-010_x066048_y035328.png,yolo/labels/train/RECHERCHE-010_x066048_y035328.txt
RECHERCHE-010_x067584_y035328,RECHERCHE-010,train,fold_2,67584,35328,2048,1024,True,1,0.8403,yolo/images/train/RECHERCHE-010_x067584_y035328.jpg,segmentation/masks/train/RECHERCHE-010_x067584_y035328.png,yolo/labels/train/RECHERCHE-010_x067584_y035328.txt
RECHERCHE-010_x069120_y035328,RECHERCHE-010,train,fold_2,69120,35328,2048,1024,True,1,0.2153,yolo/images/train/RECHERCHE-010_x069120_y035328.jpg,segmentation/masks/train/RECHERCHE-010_x069120_y035328.png,yolo/labels/train/RECHERCHE-010_x069120_y035328.txt
RECHERCHE-010_x066048_y036864,RECHERCHE-010,train,fold_2,66048,36864,2048,1024,True,1,0.8864,yolo/images/train/RECHERCHE-010_x066048_y036864.jpg,segmentation/masks/train/RECHERCHE-010_x066048_y036864.png,yolo/labels/train/RECHERCHE-010_x066048_y036864.txt
RECHERCHE-010_x058368_y038400,RECHERCHE-010,train,fold_2,58368,38400,2048,1024,True,1,0.1515,yolo/images/train/RECHERCHE-010_x058368_y038400.jpg,segmentation/masks/train/RECHERCHE-010_x058368_y038400.png,yolo/labels/train/RECHERCHE-010_x058368_y038400.txt
RECHERCHE-010_x059904_y038400,RECHERCHE-010,train,fold_2,59904,38400,2048,1024,True,1,0.5227,yolo/images/train/RECHERCHE-010_x059904_y038400.jpg,segmentation/masks/train/RECHERCHE-010_x059904_y038400.png,yolo/labels/train/RECHERCHE-010_x059904_y038400.txt
RECHERCHE-010_x064512_y038400,RECHERCHE-010,train,fold_2,64512,38400,2048,1024,True,1,0.9792,yolo/images/train/RECHERCHE-010_x064512_y038400.jpg,segmentation/masks/train/RECHERCHE-010_x064512_y038400.png,yolo/labels/train/RECHERCHE-010_x064512_y038400.txt
RECHERCHE-010_x066048_y038400,RECHERCHE-010,train,fold_2,66048,38400,2048,1024,True,1,0.4861,yolo/images/train/RECHERCHE-010_x066048_y038400.jpg,segmentation/masks/train/RECHERCHE-010_x066048_y038400.png,yolo/labels/train/RECHERCHE-010_x066048_y038400.txt
RECHERCHE-010_x058368_y039936,RECHERCHE-010,train,fold_2,58368,39936,2048,1024,True,1,0.8788,yolo/images/train/RECHERCHE-010_x058368_y039936.jpg,segmentation/masks/train/RECHERCHE-010_x058368_y039936.png,yolo/labels/train/RECHERCHE-010_x058368_y039936.txt
RECHERCHE-010_x059904_y039936,RECHERCHE-010,train,fold_2,59904,39936,2048,1024,True,1,1.0,yolo/images/train/RECHERCHE-010_x059904_y039936.jpg,segmentation/masks/train/RECHERCHE-010_x059904_y039936.png,yolo/labels/train/RECHERCHE-010_x059904_y039936.txt
RECHERCHE-010_x049152_y041472,RECHERCHE-010,train,fold_2,49152,41472,2048,1024,True,1,0.7569,yolo/images/train/RECHERCHE-010_x049152_y041472.jpg,segmentation/masks/train/RECHERCHE-010_x049152_y041472.png,yolo/labels/train/RECHERCHE-010_x049152_y041472.txt
RECHERCHE-010_x050688_y041472,RECHERCHE-010,train,fold_2,50688,41472,2048,1024,True,1,0.9375,yolo/images/train/RECHERCHE-010_x050688_y041472.jpg,segmentation/masks/train/RECHERCHE-010_x050688_y041472.png,yolo/labels/train/RECHERCHE-010_x050688_y041472.txt
RECHERCHE-010_x055296_y041472,RECHERCHE-010,train,fold_2,55296,41472,2048,1024,True,1,1.0,yolo/images/train/RECHERCHE-010_x055296_y041472.jpg,segmentation/masks/train/RECHERCHE-010_x055296_y041472.png,yolo/labels/train/RECHERCHE-010_x055296_y041472.txt
RECHERCHE-010_x056832_y041472,RECHERCHE-010,train,fold_2,56832,41472,2048,1024,True,1,1.0,yolo/images/train/RECHERCHE-010_x056832_y041472.jpg,segmentation/masks/train/RECHERCHE-010_x056832_y041472.png,yolo/labels/train/RECHERCHE-010_x056832_y041472.txt
RECHERCHE-010_x058368_y041472,RECHERCHE-010,train,fold_2,58368,41472,2048,1024,True,2,1.0,yolo/images/train/RECHERCHE-010_x058368_y041472.jpg,segmentation/masks/train/RECHERCHE-010_x058368_y041472.png,yolo/labels/train/RECHERCHE-010_x058368_y041472.txt
RECHERCHE-010_x059904_y041472,RECHERCHE-010,train,fold_2,59904,41472,2048,1024,True,2,1.0,yolo/images/train/RECHERCHE-010_x059904_y041472.jpg,segmentation/masks/train/RECHERCHE-010_x059904_y041472.png,yolo/labels/train/RECHERCHE-010_x059904_y041472.txt
RECHERCHE-010_x046080_y043008,RECHERCHE-010,train,fold_2,46080,43008,2048,1024,True,1,0.9091,yolo/images/train/RECHERCHE-010_x046080_y043008.jpg,segmentation/masks/train/RECHERCHE-010_x046080_y043008.png,yolo/labels/train/RECHERCHE-010_x046080_y043008.txt
RECHERCHE-010_x049152_y043008,RECHERCHE-010,train,fold_2,49152,43008,2048,1024,True,4,1.0,yolo/images/train/RECHERCHE-010_x049152_y043008.jpg,segmentation/masks/train/RECHERCHE-010_x049152_y043008.png,yolo/labels/train/RECHERCHE-010_x049152_y043008.txt
RECHERCHE-010_x050688_y043008,RECHERCHE-010,train,fold_2,50688,43008,2048,1024,True,5,1.0,yolo/images/train/RECHERCHE-010_x050688_y043008.jpg,segmentation/masks/train/RECHERCHE-010_x050688_y043008.png,yolo/labels/train/RECHERCHE-010_x050688_y043008.txt
RECHERCHE-010_x052224_y043008,RECHERCHE-010,train,fold_2,52224,43008,2048,1024,True,3,1.0,yolo/images/train/RECHERCHE-010_x052224_y043008.jpg,segmentation/masks/train/RECHERCHE-010_x052224_y043008.png,yolo/labels/train/RECHERCHE-010_x052224_y043008.txt
RECHERCHE-010_x056832_y043008,RECHERCHE-010,train,fold_2,56832,43008,2048,1024,True,1,0.9722,yolo/images/train/RECHERCHE-010_x056832_y043008.jpg,segmentation/masks/train/RECHERCHE-010_x056832_y043008.png,yolo/labels/train/RECHERCHE-010_x056832_y043008.txt
RECHERCHE-010_x058368_y043008,RECHERCHE-010,train,fold_2,58368,43008,2048,1024,True,2,0.8106,yolo/images/train/RECHERCHE-010_x058368_y043008.jpg,segmentation/masks/train/RECHERCHE-010_x058368_y043008.png,yolo/labels/train/RECHERCHE-010_x058368_y043008.txt
RECHERCHE-010_x059904_y043008,RECHERCHE-010,train,fold_2,59904,43008,2048,1024,True,1,0.5833,yolo/images/train/RECHERCHE-010_x059904_y043008.jpg,segmentation/masks/train/RECHERCHE-010_x059904_y043008.png,yolo/labels/train/RECHERCHE-010_x059904_y043008.txt
RECHERCHE-010_x046080_y044544,RECHERCHE-010,train,fold_2,46080,44544,2048,1024,True,2,0.5227,yolo/images/train/RECHERCHE-010_x046080_y044544.jpg,segmentation/masks/train/RECHERCHE-010_x046080_y044544.png,yolo/labels/train/RECHERCHE-010_x046080_y044544.txt
RECHERCHE-010_x047616_y044544,RECHERCHE-010,train,fold_2,47616,44544,2048,1024,True,2,1.0,yolo/images/train/RECHERCHE-010_x047616_y044544.jpg,segmentation/masks/train/RECHERCHE-010_x047616_y044544.png,yolo/labels/train/RECHERCHE-010_x047616_y044544.txt
RECHERCHE-010_x049152_y044544,RECHERCHE-010,train,fold_2,49152,44544,2048,1024,True,3,0.8681,yolo/images/train/RECHERCHE-010_x049152_y044544.jpg,segmentation/masks/train/RECHERCHE-010_x049152_y044544.png,yolo/labels/train/RECHERCHE-010_x049152_y044544.txt
RECHERCHE-010_x050688_y044544,RECHERCHE-010,train,fold_2,50688,44544,2048,1024,True,3,0.6458,yolo/images/train/RECHERCHE-010_x050688_y044544.jpg,segmentation/masks/train/RECHERCHE-010_x050688_y044544.png,yolo/labels/train/RECHERCHE-010_x050688_y044544.txt
RECHERCHE-010_x052224_y044544,RECHERCHE-010,train,fold_2,52224,44544,2048,1024,True,2,0.5347,yolo/images/train/RECHERCHE-010_x052224_y044544.jpg,segmentation/masks/train/RECHERCHE-010_x052224_y044544.png,yolo/labels/train/RECHERCHE-010_x052224_y044544.txt
RECHERCHE-010_x047616_y046080,RECHERCHE-010,train,fold_2,47616,46080,2048,1024,True,1,0.3636,yolo/images/train/RECHERCHE-010_x047616_y046080.jpg,segmentation/masks/train/RECHERCHE-010_x047616_y046080.png,yolo/labels/train/RECHERCHE-010_x047616_y046080.txt
RECHERCHE-010_x049152_y046080,RECHERCHE-010,train,fold_2,49152,46080,2048,1024,True,1,0.1528,yolo/images/train/RECHERCHE-010_x049152_y046080.jpg,segmentation/masks/train/RECHERCHE-010_x049152_y046080.png,yolo/labels/train/RECHERCHE-010_x049152_y046080.txt
RECHERCHE-010_x147456_y046080,RECHERCHE-010,train,fold_2,147456,46080,2048,1024,True,1,0.4861,yolo/images/train/RECHERCHE-010_x147456_y046080.jpg,segmentation/masks/train/RECHERCHE-010_x147456_y046080.png,yolo/labels/train/RECHERCHE-010_x147456_y046080.txt
RECHERCHE-010_x144384_y047616,RECHERCHE-010,train,fold_2,144384,47616,2048,1024,True,3,0.5,yolo/images/train/RECHERCHE-010_x144384_y047616.jpg,segmentation/masks/train/RECHERCHE-010_x144384_y047616.png,yolo/labels/train/RECHERCHE-010_x144384_y047616.txt
RECHERCHE-010_x145920_y047616,RECHERCHE-010,train,fold_2,145920,47616,2048,1024,True,5,0.8472,yolo/images/train/RECHERCHE-010_x145920_y047616.jpg,segmentation/masks/train/RECHERCHE-010_x145920_y047616.png,yolo/labels/train/RECHERCHE-010_x145920_y047616.txt
RECHERCHE-010_x147456_y047616,RECHERCHE-010,train,fold_2,147456,47616,2048,1024,True,3,0.9653,yolo/images/train/RECHERCHE-010_x147456_y047616.jpg,segmentation/masks/train/RECHERCHE-010_x147456_y047616.png,yolo/labels/train/RECHERCHE-010_x147456_y047616.txt
RECHERCHE-010_x148992_y047616,RECHERCHE-010,train,fold_2,148992,47616,2048,1024,True,2,0.2292,yolo/images/train/RECHERCHE-010_x148992_y047616.jpg,segmentation/masks/train/RECHERCHE-010_x148992_y047616.png,yolo/labels/train/RECHERCHE-010_x148992_y047616.txt
RECHERCHE-010_x144384_y049152,RECHERCHE-010,train,fold_2,144384,49152,2048,1024,True,3,0.3864,yolo/images/train/RECHERCHE-010_x144384_y049152.jpg,segmentation/masks/train/RECHERCHE-010_x144384_y049152.png,yolo/labels/train/RECHERCHE-010_x144384_y049152.txt
RECHERCHE-010_x145920_y049152,RECHERCHE-010,train,fold_2,145920,49152,2048,1024,True,5,1.0,yolo/images/train/RECHERCHE-010_x145920_y049152.jpg,segmentation/masks/train/RECHERCHE-010_x145920_y049152.png,yolo/labels/train/RECHERCHE-010_x145920_y049152.txt
RECHERCHE-010_x147456_y049152,RECHERCHE-010,train,fold_2,147456,49152,2048,1024,True,2,1.0,yolo/images/train/RECHERCHE-010_x147456_y049152.jpg,segmentation/masks/train/RECHERCHE-010_x147456_y049152.png,yolo/labels/train/RECHERCHE-010_x147456_y049152.txt
RECHERCHE-010_x148992_y049152,RECHERCHE-010,train,fold_2,148992,49152,2048,1024,True,1,0.3788,yolo/images/train/RECHERCHE-010_x148992_y049152.jpg,segmentation/masks/train/RECHERCHE-010_x148992_y049152.png,yolo/labels/train/RECHERCHE-010_x148992_y049152.txt
RECHERCHE-010_x144384_y050688,RECHERCHE-010,train,fold_2,144384,50688,2048,1024,True,1,0.3333,yolo/images/train/RECHERCHE-010_x144384_y050688.jpg,segmentation/masks/train/RECHERCHE-010_x144384_y050688.png,yolo/labels/train/RECHERCHE-010_x144384_y050688.txt
RECHERCHE-010_x145920_y050688,RECHERCHE-010,train,fold_2,145920,50688,2048,1024,True,2,1.0,yolo/images/train/RECHERCHE-010_x145920_y050688.jpg,segmentation/masks/train/RECHERCHE-010_x145920_y050688.png,yolo/labels/train/RECHERCHE-010_x145920_y050688.txt
RECHERCHE-010_x144384_y052224,RECHERCHE-010,train,fold_2,144384,52224,2048,1024,True,1,0.2847,yolo/images/train/RECHERCHE-010_x144384_y052224.jpg,segmentation/masks/train/RECHERCHE-010_x144384_y052224.png,yolo/labels/train/RECHERCHE-010_x144384_y052224.txt
RECHERCHE-010_x148992_y052224,RECHERCHE-010,train,fold_2,148992,52224,2048,1024,True,1,0.6597,yolo/images/train/RECHERCHE-010_x148992_y052224.jpg,segmentation/masks/train/RECHERCHE-010_x148992_y052224.png,yolo/labels/train/RECHERCHE-010_x148992_y052224.txt
RECHERCHE-010_x144384_y053760,RECHERCHE-010,train,fold_2,144384,53760,2048,1024,True,1,0.1806,yolo/images/train/RECHERCHE-010_x144384_y053760.jpg,segmentation/masks/train/RECHERCHE-010_x144384_y053760.png,yolo/labels/train/RECHERCHE-010_x144384_y053760.txt
RECHERCHE-010_x145920_y053760,RECHERCHE-010,train,fold_2,145920,53760,2048,1024,True,1,0.9306,yolo/images/train/RECHERCHE-010_x145920_y053760.jpg,segmentation/masks/train/RECHERCHE-010_x145920_y053760.png,yolo/labels/train/RECHERCHE-010_x145920_y053760.txt
RECHERCHE-010_x148992_y053760,RECHERCHE-010,train,fold_2,148992,53760,2048,1024,True,2,0.7639,yolo/images/train/RECHERCHE-010_x148992_y053760.jpg,segmentation/masks/train/RECHERCHE-010_x148992_y053760.png,yolo/labels/train/RECHERCHE-010_x148992_y053760.txt
RECHERCHE-010_x145920_y055296,RECHERCHE-010,train,fold_2,145920,55296,2048,1024,True,1,0.7014,yolo/images/train/RECHERCHE-010_x145920_y055296.jpg,segmentation/masks/train/RECHERCHE-010_x145920_y055296.png,yolo/labels/train/RECHERCHE-010_x145920_y055296.txt
RECHERCHE-010_x145920_y056832,RECHERCHE-010,train,fold_2,145920,56832,2048,1024,True,1,0.4792,yolo/images/train/RECHERCHE-010_x145920_y056832.jpg,segmentation/masks/train/RECHERCHE-010_x145920_y056832.png,yolo/labels/train/RECHERCHE-010_x145920_y056832.txt
RECHERCHE-010_x148992_y056832,RECHERCHE-010,train,fold_2,148992,56832,2048,1024,True,1,1.0,yolo/images/train/RECHERCHE-010_x148992_y056832.jpg,segmentation/masks/train/RECHERCHE-010_x148992_y056832.png,yolo/labels/train/RECHERCHE-010_x148992_y056832.txt
RECHERCHE-010_x150528_y056832,RECHERCHE-010,train,fold_2,150528,56832,2048,1024,True,1,0.4792,yolo/images/train/RECHERCHE-010_x150528_y056832.jpg,segmentation/masks/train/RECHERCHE-010_x150528_y056832.png,yolo/labels/train/RECHERCHE-010_x150528_y056832.txt
RECHERCHE-010_x148992_y058368,RECHERCHE-010,train,fold_2,148992,58368,2048,1024,True,1,1.0,yolo/images/train/RECHERCHE-010_x148992_y058368.jpg,segmentation/masks/train/RECHERCHE-010_x148992_y058368.png,yolo/labels/train/RECHERCHE-010_x148992_y058368.txt
RECHERCHE-010_x150528_y058368,RECHERCHE-010,train,fold_2,150528,58368,2048,1024,True,2,0.8958,yolo/images/train/RECHERCHE-010_x150528_y058368.jpg,segmentation/masks/train/RECHERCHE-010_x150528_y058368.png,yolo/labels/train/RECHERCHE-010_x150528_y058368.txt
RECHERCHE-010_x152064_y058368,RECHERCHE-010,train,fold_2,152064,58368,2048,1024,True,1,0.2361,yolo/images/train/RECHERCHE-010_x152064_y058368.jpg,segmentation/masks/train/RECHERCHE-010_x152064_y058368.png,yolo/labels/train/RECHERCHE-010_x152064_y058368.txt
RECHERCHE-010_x150528_y059904,RECHERCHE-010,train,fold_2,150528,59904,2048,1024,True,1,1.0,yolo/images/train/RECHERCHE-010_x150528_y059904.jpg,segmentation/masks/train/RECHERCHE-010_x150528_y059904.png,yolo/labels/train/RECHERCHE-010_x150528_y059904.txt
RECHERCHE-010_x152064_y059904,RECHERCHE-010,train,fold_2,152064,59904,2048,1024,True,1,0.8611,yolo/images/train/RECHERCHE-010_x152064_y059904.jpg,segmentation/masks/train/RECHERCHE-010_x152064_y059904.png,yolo/labels/train/RECHERCHE-010_x152064_y059904.txt
RECHERCHE-010_x153600_y059904,RECHERCHE-010,train,fold_2,153600,59904,2048,1024,True,1,0.7292,yolo/images/train/RECHERCHE-010_x153600_y059904.jpg,segmentation/masks/train/RECHERCHE-010_x153600_y059904.png,yolo/labels/train/RECHERCHE-010_x153600_y059904.txt
RECHERCHE-010_x155136_y059904,RECHERCHE-010,train,fold_2,155136,59904,2048,1024,True,1,0.1818,yolo/images/train/RECHERCHE-010_x155136_y059904.jpg,segmentation/masks/train/RECHERCHE-010_x155136_y059904.png,yolo/labels/train/RECHERCHE-010_x155136_y059904.txt
RECHERCHE-010_x153600_y062976,RECHERCHE-010,train,fold_2,153600,62976,2048,1024,True,2,1.0,yolo/images/train/RECHERCHE-010_x153600_y062976.jpg,segmentation/masks/train/RECHERCHE-010_x153600_y062976.png,yolo/labels/train/RECHERCHE-010_x153600_y062976.txt
RECHERCHE-010_x155136_y062976,RECHERCHE-010,train,fold_2,155136,62976,2048,1024,True,2,1.0,yolo/images/train/RECHERCHE-010_x155136_y062976.jpg,segmentation/masks/train/RECHERCHE-010_x155136_y062976.png,yolo/labels/train/RECHERCHE-010_x155136_y062976.txt
RECHERCHE-010_x156672_y062976,RECHERCHE-010,train,fold_2,156672,62976,2048,1024,True,1,0.8939,yolo/images/train/RECHERCHE-010_x156672_y062976.jpg,segmentation/masks/train/RECHERCHE-010_x156672_y062976.png,yolo/labels/train/RECHERCHE-010_x156672_y062976.txt
RECHERCHE-010_x158208_y062976,RECHERCHE-010,train,fold_2,158208,62976,2048,1024,True,1,0.4545,yolo/images/train/RECHERCHE-010_x158208_y062976.jpg,segmentation/masks/train/RECHERCHE-010_x158208_y062976.png,yolo/labels/train/RECHERCHE-010_x158208_y062976.txt
RECHERCHE-010_x153600_y064512,RECHERCHE-010,train,fold_2,153600,64512,2048,1024,True,1,0.9097,yolo/images/train/RECHERCHE-010_x153600_y064512.jpg,segmentation/masks/train/RECHERCHE-010_x153600_y064512.png,yolo/labels/train/RECHERCHE-010_x153600_y064512.txt
RECHERCHE-010_x155136_y064512,RECHERCHE-010,train,fold_2,155136,64512,2048,1024,True,1,1.0,yolo/images/train/RECHERCHE-010_x155136_y064512.jpg,segmentation/masks/train/RECHERCHE-010_x155136_y064512.png,yolo/labels/train/RECHERCHE-010_x155136_y064512.txt
RECHERCHE-010_x158208_y064512,RECHERCHE-010,train,fold_2,158208,64512,2048,1024,True,2,0.9722,yolo/images/train/RECHERCHE-010_x158208_y064512.jpg,segmentation/masks/train/RECHERCHE-010_x158208_y064512.png,yolo/labels/train/RECHERCHE-010_x158208_y064512.txt
RECHERCHE-010_x159744_y064512,RECHERCHE-010,train,fold_2,159744,64512,2048,1024,True,1,0.625,yolo/images/train/RECHERCHE-010_x159744_y064512.jpg,segmentation/masks/train/RECHERCHE-010_x159744_y064512.png,yolo/labels/train/RECHERCHE-010_x159744_y064512.txt
RECHERCHE-010_x153600_y066048,RECHERCHE-010,train,fold_2,153600,66048,2048,1024,True,1,0.2708,yolo/images/train/RECHERCHE-010_x153600_y066048.jpg,segmentation/masks/train/RECHERCHE-010_x153600_y066048.png,yolo/labels/train/RECHERCHE-010_x153600_y066048.txt
RECHERCHE-010_x155136_y066048,RECHERCHE-010,train,fold_2,155136,66048,2048,1024,True,1,0.8409,yolo/images/train/RECHERCHE-010_x155136_y066048.jpg,segmentation/masks/train/RECHERCHE-010_x155136_y066048.png,yolo/labels/train/RECHERCHE-010_x155136_y066048.txt
RECHERCHE-010_x156672_y066048,RECHERCHE-010,train,fold_2,156672,66048,2048,1024,True,1,1.0,yolo/images/train/RECHERCHE-010_x156672_y066048.jpg,segmentation/masks/train/RECHERCHE-010_x156672_y066048.png,yolo/labels/train/RECHERCHE-010_x156672_y066048.txt
RECHERCHE-010_x158208_y066048,RECHERCHE-010,train,fold_2,158208,66048,2048,1024,True,1,1.0,yolo/images/train/RECHERCHE-010_x158208_y066048.jpg,segmentation/masks/train/RECHERCHE-010_x158208_y066048.png,yolo/labels/train/RECHERCHE-010_x158208_y066048.txt
RECHERCHE-010_x159744_y066048,RECHERCHE-010,train,fold_2,159744,66048,2048,1024,True,2,0.9792,yolo/images/train/RECHERCHE-010_x159744_y066048.jpg,segmentation/masks/train/RECHERCHE-010_x159744_y066048.png,yolo/labels/train/RECHERCHE-010_x159744_y066048.txt
RECHERCHE-010_x161280_y066048,RECHERCHE-010,train,fold_2,161280,66048,2048,1024,True,2,0.5903,yolo/images/train/RECHERCHE-010_x161280_y066048.jpg,segmentation/masks/train/RECHERCHE-010_x161280_y066048.png,yolo/labels/train/RECHERCHE-010_x161280_y066048.txt
RECHERCHE-010_x156672_y067584,RECHERCHE-010,train,fold_2,156672,67584,2048,1024,True,1,0.5764,yolo/images/train/RECHERCHE-010_x156672_y067584.jpg,segmentation/masks/train/RECHERCHE-010_x156672_y067584.png,yolo/labels/train/RECHERCHE-010_x156672_y067584.txt
RECHERCHE-010_x161280_y067584,RECHERCHE-010,train,fold_2,161280,67584,2048,1024,True,2,1.0,yolo/images/train/RECHERCHE-010_x161280_y067584.jpg,segmentation/masks/train/RECHERCHE-010_x161280_y067584.png,yolo/labels/train/RECHERCHE-010_x161280_y067584.txt
RECHERCHE-010_x119808_y001536,RECHERCHE-010,train,fold_2,119808,1536,2048,1024,False,0,0.4091,yolo/images/train/RECHERCHE-010_x119808_y001536.jpg,segmentation/masks/train/RECHERCHE-010_x119808_y001536.png,yolo/labels/train/RECHERCHE-010_x119808_y001536.txt
RECHERCHE-010_x121344_y001536,RECHERCHE-010,train,fold_2,121344,1536,2048,1024,False,0,0.3542,yolo/images/train/RECHERCHE-010_x121344_y001536.jpg,segmentation/masks/train/RECHERCHE-010_x121344_y001536.png,yolo/labels/train/RECHERCHE-010_x121344_y001536.txt
RECHERCHE-010_x121344_y003072,RECHERCHE-010,train,fold_2,121344,3072,2048,1024,False,0,0.8125,yolo/images/train/RECHERCHE-010_x121344_y003072.jpg,segmentation/masks/train/RECHERCHE-010_x121344_y003072.png,yolo/labels/train/RECHERCHE-010_x121344_y003072.txt
RECHERCHE-010_x116736_y004608,RECHERCHE-010,train,fold_2,116736,4608,2048,1024,False,0,0.4514,yolo/images/train/RECHERCHE-010_x116736_y004608.jpg,segmentation/masks/train/RECHERCHE-010_x116736_y004608.png,yolo/labels/train/RECHERCHE-010_x116736_y004608.txt
RECHERCHE-010_x121344_y004608,RECHERCHE-010,train,fold_2,121344,4608,2048,1024,False,0,0.9653,yolo/images/train/RECHERCHE-010_x121344_y004608.jpg,segmentation/masks/train/RECHERCHE-010_x121344_y004608.png,yolo/labels/train/RECHERCHE-010_x121344_y004608.txt
RECHERCHE-010_x122880_y004608,RECHERCHE-010,train,fold_2,122880,4608,2048,1024,False,0,0.3958,yolo/images/train/RECHERCHE-010_x122880_y004608.jpg,segmentation/masks/train/RECHERCHE-010_x122880_y004608.png,yolo/labels/train/RECHERCHE-010_x122880_y004608.txt
RECHERCHE-010_x119808_y006144,RECHERCHE-010,train,fold_2,119808,6144,2048,1024,False,0,1.0,yolo/images/train/RECHERCHE-010_x119808_y006144.jpg,segmentation/masks/train/RECHERCHE-010_x119808_y006144.png,yolo/labels/train/RECHERCHE-010_x119808_y006144.txt
RECHERCHE-010_x121344_y006144,RECHERCHE-010,train,fold_2,121344,6144,2048,1024,False,0,0.7431,yolo/images/train/RECHERCHE-010_x121344_y006144.jpg,segmentation/masks/train/RECHERCHE-010_x121344_y006144.png,yolo/labels/train/RECHERCHE-010_x121344_y006144.txt
RECHERCHE-010_x122880_y006144,RECHERCHE-010,train,fold_2,122880,6144,2048,1024,False,0,0.2361,yolo/images/train/RECHERCHE-010_x122880_y006144.jpg,segmentation/masks/train/RECHERCHE-010_x122880_y006144.png,yolo/labels/train/RECHERCHE-010_x122880_y006144.txt
RECHERCHE-010_x112128_y007680,RECHERCHE-010,train,fold_2,112128,7680,2048,1024,False,0,0.2778,yolo/images/train/RECHERCHE-010_x112128_y007680.jpg,segmentation/masks/train/RECHERCHE-010_x112128_y007680.png,yolo/labels/train/RECHERCHE-010_x112128_y007680.txt
RECHERCHE-010_x119808_y007680,RECHERCHE-010,train,fold_2,119808,7680,2048,1024,False,0,0.7045,yolo/images/train/RECHERCHE-010_x119808_y007680.jpg,segmentation/masks/train/RECHERCHE-010_x119808_y007680.png,yolo/labels/train/RECHERCHE-010_x119808_y007680.txt
RECHERCHE-010_x153600_y009216,RECHERCHE-010,train,fold_2,153600,9216,2048,1024,False,0,1.0,yolo/images/train/RECHERCHE-010_x153600_y009216.jpg,segmentation/masks/train/RECHERCHE-010_x153600_y009216.png,yolo/labels/train/RECHERCHE-010_x153600_y009216.txt
RECHERCHE-010_x099840_y010752,RECHERCHE-010,train,fold_2,99840,10752,2048,1024,False,0,0.3333,yolo/images/train/RECHERCHE-010_x099840_y010752.jpg,segmentation/masks/train/RECHERCHE-010_x099840_y010752.png,yolo/labels/train/RECHERCHE-010_x099840_y010752.txt
RECHERCHE-010_x110592_y010752,RECHERCHE-010,train,fold_2,110592,10752,2048,1024,False,0,1.0,yolo/images/train/RECHERCHE-010_x110592_y010752.jpg,segmentation/masks/train/RECHERCHE-010_x110592_y010752.png,yolo/labels/train/RECHERCHE-010_x110592_y010752.txt
RECHERCHE-010_x099840_y012288,RECHERCHE-010,train,fold_2,99840,12288,2048,1024,False,0,1.0,yolo/images/train/RECHERCHE-010_x099840_y012288.jpg,segmentation/masks/train/RECHERCHE-010_x099840_y012288.png,yolo/labels/train/RECHERCHE-010_x099840_y012288.txt
RECHERCHE-010_x104448_y012288,RECHERCHE-010,train,fold_2,104448,12288,2048,1024,False,0,0.8106,yolo/images/train/RECHERCHE-010_x104448_y012288.jpg,segmentation/masks/train/RECHERCHE-010_x104448_y012288.png,yolo/labels/train/RECHERCHE-010_x104448_y012288.txt
RECHERCHE-010_x110592_y012288,RECHERCHE-010,train,fold_2,110592,12288,2048,1024,False,0,1.0,yolo/images/train/RECHERCHE-010_x110592_y012288.jpg,segmentation/masks/train/RECHERCHE-010_x110592_y012288.png,yolo/labels/train/RECHERCHE-010_x110592_y012288.txt
RECHERCHE-010_x112128_y012288,RECHERCHE-010,train,fold_2,112128,12288,2048,1024,False,0,1.0,yolo/images/train/RECHERCHE-010_x112128_y012288.jpg,segmentation/masks/train/RECHERCHE-010_x112128_y012288.png,yolo/labels/train/RECHERCHE-010_x112128_y012288.txt
RECHERCHE-010_x113664_y012288,RECHERCHE-010,train,fold_2,113664,12288,2048,1024,False,0,0.8485,yolo/images/train/RECHERCHE-010_x113664_y012288.jpg,segmentation/masks/train/RECHERCHE-010_x113664_y012288.png,yolo/labels/train/RECHERCHE-010_x113664_y012288.txt
RECHERCHE-010_x115200_y012288,RECHERCHE-010,train,fold_2,115200,12288,2048,1024,False,0,0.2273,yolo/images/train/RECHERCHE-010_x115200_y012288.jpg,segmentation/masks/train/RECHERCHE-010_x115200_y012288.png,yolo/labels/train/RECHERCHE-010_x115200_y012288.txt
RECHERCHE-010_x155136_y012288,RECHERCHE-010,train,fold_2,155136,12288,2048,1024,False,0,1.0,yolo/images/train/RECHERCHE-010_x155136_y012288.jpg,segmentation/masks/train/RECHERCHE-010_x155136_y012288.png,yolo/labels/train/RECHERCHE-010_x155136_y012288.txt
RECHERCHE-010_x024576_y013824,RECHERCHE-010,train,fold_2,24576,13824,2048,1024,False,0,0.3125,yolo/images/train/RECHERCHE-010_x024576_y013824.jpg,segmentation/masks/train/RECHERCHE-010_x024576_y013824.png,yolo/labels/train/RECHERCHE-010_x024576_y013824.txt
RECHERCHE-010_x026112_y013824,RECHERCHE-010,train,fold_2,26112,13824,2048,1024,False,0,0.7083,yolo/images/train/RECHERCHE-010_x026112_y013824.jpg,segmentation/masks/train/RECHERCHE-010_x026112_y013824.png,yolo/labels/train/RECHERCHE-010_x026112_y013824.txt
RECHERCHE-010_x027648_y013824,RECHERCHE-010,train,fold_2,27648,13824,2048,1024,False,0,0.2847,yolo/images/train/RECHERCHE-010_x027648_y013824.jpg,segmentation/masks/train/RECHERCHE-010_x027648_y013824.png,yolo/labels/train/RECHERCHE-010_x027648_y013824.txt
RECHERCHE-010_x101376_y013824,RECHERCHE-010,train,fold_2,101376,13824,2048,1024,False,0,1.0,yolo/images/train/RECHERCHE-010_x101376_y013824.jpg,segmentation/masks/train/RECHERCHE-010_x101376_y013824.png,yolo/labels/train/RECHERCHE-010_x101376_y013824.txt
RECHERCHE-010_x102912_y013824,RECHERCHE-010,train,fold_2,102912,13824,2048,1024,False,0,1.0,yolo/images/train/RECHERCHE-010_x102912_y013824.jpg,segmentation/masks/train/RECHERCHE-010_x102912_y013824.png,yolo/labels/train/RECHERCHE-010_x102912_y013824.txt
RECHERCHE-010_x109056_y013824,RECHERCHE-010,train,fold_2,109056,13824,2048,1024,False,0,1.0,yolo/images/train/RECHERCHE-010_x109056_y013824.jpg,segmentation/masks/train/RECHERCHE-010_x109056_y013824.png,yolo/labels/train/RECHERCHE-010_x109056_y013824.txt
RECHERCHE-010_x110592_y013824,RECHERCHE-010,train,fold_2,110592,13824,2048,1024,False,0,0.9931,yolo/images/train/RECHERCHE-010_x110592_y013824.jpg,segmentation/masks/train/RECHERCHE-010_x110592_y013824.png,yolo/labels/train/RECHERCHE-010_x110592_y013824.txt
RECHERCHE-010_x112128_y013824,RECHERCHE-010,train,fold_2,112128,13824,2048,1024,False,0,0.6458,yolo/images/train/RECHERCHE-010_x112128_y013824.jpg,segmentation/masks/train/RECHERCHE-010_x112128_y013824.png,yolo/labels/train/RECHERCHE-010_x112128_y013824.txt
RECHERCHE-010_x113664_y013824,RECHERCHE-010,train,fold_2,113664,13824,2048,1024,False,0,0.1736,yolo/images/train/RECHERCHE-010_x113664_y013824.jpg,segmentation/masks/train/RECHERCHE-010_x113664_y013824.png,yolo/labels/train/RECHERCHE-010_x113664_y013824.txt
RECHERCHE-010_x155136_y013824,RECHERCHE-010,train,fold_2,155136,13824,2048,1024,False,0,1.0,yolo/images/train/RECHERCHE-010_x155136_y013824.jpg,segmentation/masks/train/RECHERCHE-010_x155136_y013824.png,yolo/labels/train/RECHERCHE-010_x155136_y013824.txt
RECHERCHE-010_x024576_y015360,RECHERCHE-010,train,fold_2,24576,15360,2048,1024,False,0,0.6736,yolo/images/train/RECHERCHE-010_x024576_y015360.jpg,segmentation/masks/train/RECHERCHE-010_x024576_y015360.png,yolo/labels/train/RECHERCHE-010_x024576_y015360.txt
RECHERCHE-010_x026112_y015360,RECHERCHE-010,train,fold_2,26112,15360,2048,1024,False,0,1.0,yolo/images/train/RECHERCHE-010_x026112_y015360.jpg,segmentation/masks/train/RECHERCHE-010_x026112_y015360.png,yolo/labels/train/RECHERCHE-010_x026112_y015360.txt
RECHERCHE-010_x027648_y015360,RECHERCHE-010,train,fold_2,27648,15360,2048,1024,False,0,0.7639,yolo/images/train/RECHERCHE-010_x027648_y015360.jpg,segmentation/masks/train/RECHERCHE-010_x027648_y015360.png,yolo/labels/train/RECHERCHE-010_x027648_y015360.txt
RECHERCHE-010_x107520_y015360,RECHERCHE-010,train,fold_2,107520,15360,2048,1024,False,0,0.7424,yolo/images/train/RECHERCHE-010_x107520_y015360.jpg,segmentation/masks/train/RECHERCHE-010_x107520_y015360.png,yolo/labels/train/RECHERCHE-010_x107520_y015360.txt
RECHERCHE-010_x109056_y015360,RECHERCHE-010,train,fold_2,109056,15360,2048,1024,False,0,0.5625,yolo/images/train/RECHERCHE-010_x109056_y015360.jpg,segmentation/masks/train/RECHERCHE-010_x109056_y015360.png,yolo/labels/train/RECHERCHE-010_x109056_y015360.txt
RECHERCHE-010_x110592_y015360,RECHERCHE-010,train,fold_2,110592,15360,2048,1024,False,0,0.3611,yolo/images/train/RECHERCHE-010_x110592_y015360.jpg,segmentation/masks/train/RECHERCHE-010_x110592_y015360.png,yolo/labels/train/RECHERCHE-010_x110592_y015360.txt
RECHERCHE-010_x155136_y015360,RECHERCHE-010,train,fold_2,155136,15360,2048,1024,False,0,0.9848,yolo/images/train/RECHERCHE-010_x155136_y015360.jpg,segmentation/masks/train/RECHERCHE-010_x155136_y015360.png,yolo/labels/train/RECHERCHE-010_x155136_y015360.txt
RECHERCHE-010_x023040_y016896,RECHERCHE-010,train,fold_2,23040,16896,2048,1024,False,0,0.3636,yolo/images/train/RECHERCHE-010_x023040_y016896.jpg,segmentation/masks/train/RECHERCHE-010_x023040_y016896.png,yolo/labels/train/RECHERCHE-010_x023040_y016896.txt
RECHERCHE-010_x024576_y016896,RECHERCHE-010,train,fold_2,24576,16896,2048,1024,False,0,0.9444,yolo/images/train/RECHERCHE-010_x024576_y016896.jpg,segmentation/masks/train/RECHERCHE-010_x024576_y016896.png,yolo/labels/train/RECHERCHE-010_x024576_y016896.txt
RECHERCHE-010_x026112_y016896,RECHERCHE-010,train,fold_2,26112,16896,2048,1024,False,0,1.0,yolo/images/train/RECHERCHE-010_x026112_y016896.jpg,segmentation/masks/train/RECHERCHE-010_x026112_y016896.png,yolo/labels/train/RECHERCHE-010_x026112_y016896.txt
RECHERCHE-010_x027648_y016896,RECHERCHE-010,train,fold_2,27648,16896,2048,1024,False,0,0.7986,yolo/images/train/RECHERCHE-010_x027648_y016896.jpg,segmentation/masks/train/RECHERCHE-010_x027648_y016896.png,yolo/labels/train/RECHERCHE-010_x027648_y016896.txt
RECHERCHE-010_x155136_y016896,RECHERCHE-010,train,fold_2,155136,16896,2048,1024,False,0,0.697,yolo/images/train/RECHERCHE-010_x155136_y016896.jpg,segmentation/masks/train/RECHERCHE-010_x155136_y016896.png,yolo/labels/train/RECHERCHE-010_x155136_y016896.txt
RECHERCHE-010_x156672_y016896,RECHERCHE-010,train,fold_2,156672,16896,2048,1024,False,0,1.0,yolo/images/train/RECHERCHE-010_x156672_y016896.jpg,segmentation/masks/train/RECHERCHE-010_x156672_y016896.png,yolo/labels/train/RECHERCHE-010_x156672_y016896.txt
RECHERCHE-010_x024576_y018432,RECHERCHE-010,train,fold_2,24576,18432,2048,1024,False,0,1.0,yolo/images/train/RECHERCHE-010_x024576_y018432.jpg,segmentation/masks/train/RECHERCHE-010_x024576_y018432.png,yolo/labels/train/RECHERCHE-010_x024576_y018432.txt
RECHERCHE-010_x026112_y018432,RECHERCHE-010,train,fold_2,26112,18432,2048,1024,False,0,1.0,yolo/images/train/RECHERCHE-010_x026112_y018432.jpg,segmentation/masks/train/RECHERCHE-010_x026112_y018432.png,yolo/labels/train/RECHERCHE-010_x026112_y018432.txt
RECHERCHE-010_x027648_y018432,RECHERCHE-010,train,fold_2,27648,18432,2048,1024,False,0,0.4514,yolo/images/train/RECHERCHE-010_x027648_y018432.jpg,segmentation/masks/train/RECHERCHE-010_x027648_y018432.png,yolo/labels/train/RECHERCHE-010_x027648_y018432.txt
RECHERCHE-010_x156672_y018432,RECHERCHE-010,train,fold_2,156672,18432,2048,1024,False,0,0.7569,yolo/images/train/RECHERCHE-010_x156672_y018432.jpg,segmentation/masks/train/RECHERCHE-010_x156672_y018432.png,yolo/labels/train/RECHERCHE-010_x156672_y018432.txt
RECHERCHE-010_x161280_y018432,RECHERCHE-010,train,fold_2,161280,18432,2048,1024,False,0,1.0,yolo/images/train/RECHERCHE-010_x161280_y018432.jpg,segmentation/masks/train/RECHERCHE-010_x161280_y018432.png,yolo/labels/train/RECHERCHE-010_x161280_y018432.txt
RECHERCHE-010_x024576_y019968,RECHERCHE-010,train,fold_2,24576,19968,2048,1024,False,0,1.0,yolo/images/train/RECHERCHE-010_x024576_y019968.jpg,segmentation/masks/train/RECHERCHE-010_x024576_y019968.png,yolo/labels/train/RECHERCHE-010_x024576_y019968.txt
RECHERCHE-010_x026112_y019968,RECHERCHE-010,train,fold_2,26112,19968,2048,1024,False,0,0.8542,yolo/images/train/RECHERCHE-010_x026112_y019968.jpg,segmentation/masks/train/RECHERCHE-010_x026112_y019968.png,yolo/labels/train/RECHERCHE-010_x026112_y019968.txt
RECHERCHE-010_x156672_y019968,RECHERCHE-010,train,fold_2,156672,19968,2048,1024,False,0,0.1875,yolo/images/train/RECHERCHE-010_x156672_y019968.jpg,segmentation/masks/train/RECHERCHE-010_x156672_y019968.png,yolo/labels/train/RECHERCHE-010_x156672_y019968.txt
RECHERCHE-010_x158208_y019968,RECHERCHE-010,train,fold_2,158208,19968,2048,1024,False,0,0.6806,yolo/images/train/RECHERCHE-010_x158208_y019968.jpg,segmentation/masks/train/RECHERCHE-010_x158208_y019968.png,yolo/labels/train/RECHERCHE-010_x158208_y019968.txt
RECHERCHE-010_x159744_y019968,RECHERCHE-010,train,fold_2,159744,19968,2048,1024,False,0,0.9583,yolo/images/train/RECHERCHE-010_x159744_y019968.jpg,segmentation/masks/train/RECHERCHE-010_x159744_y019968.png,yolo/labels/train/RECHERCHE-010_x159744_y019968.txt
RECHERCHE-010_x026112_y021504,RECHERCHE-010,train,fold_2,26112,21504,2048,1024,False,0,0.3681,yolo/images/train/RECHERCHE-010_x026112_y021504.jpg,segmentation/masks/train/RECHERCHE-010_x026112_y021504.png,yolo/labels/train/RECHERCHE-010_x026112_y021504.txt
RECHERCHE-010_x159744_y021504,RECHERCHE-010,train,fold_2,159744,21504,2048,1024,False,0,0.375,yolo/images/train/RECHERCHE-010_x159744_y021504.jpg,segmentation/masks/train/RECHERCHE-010_x159744_y021504.png,yolo/labels/train/RECHERCHE-010_x159744_y021504.txt
RECHERCHE-010_x164352_y021504,RECHERCHE-010,train,fold_2,164352,21504,2048,1024,False,0,1.0,yolo/images/train/RECHERCHE-010_x164352_y021504.jpg,segmentation/masks/train/RECHERCHE-010_x164352_y021504.png,yolo/labels/train/RECHERCHE-010_x164352_y021504.txt
RECHERCHE-010_x018432_y023040,RECHERCHE-010,train,fold_2,18432,23040,2048,1024,False,0,0.3125,yolo/images/train/RECHERCHE-010_x018432_y023040.jpg,segmentation/masks/train/RECHERCHE-010_x018432_y023040.png,yolo/labels/train/RECHERCHE-010_x018432_y023040.txt
RECHERCHE-010_x019968_y023040,RECHERCHE-010,train,fold_2,19968,23040,2048,1024,False,0,0.8681,yolo/images/train/RECHERCHE-010_x019968_y023040.jpg,segmentation/masks/train/RECHERCHE-010_x019968_y023040.png,yolo/labels/train/RECHERCHE-010_x019968_y023040.txt
RECHERCHE-010_x021504_y023040,RECHERCHE-010,train,fold_2,21504,23040,2048,1024,False,0,1.0,yolo/images/train/RECHERCHE-010_x021504_y023040.jpg,segmentation/masks/train/RECHERCHE-010_x021504_y023040.png,yolo/labels/train/RECHERCHE-010_x021504_y023040.txt
RECHERCHE-010_x023040_y023040,RECHERCHE-010,train,fold_2,23040,23040,2048,1024,False,0,0.9545,yolo/images/train/RECHERCHE-010_x023040_y023040.jpg,segmentation/masks/train/RECHERCHE-010_x023040_y023040.png,yolo/labels/train/RECHERCHE-010_x023040_y023040.txt
RECHERCHE-010_x172032_y023040,RECHERCHE-010,train,fold_2,172032,23040,2048,1024,False,0,0.7708,yolo/images/train/RECHERCHE-010_x172032_y023040.jpg,segmentation/masks/train/RECHERCHE-010_x172032_y023040.png,yolo/labels/train/RECHERCHE-010_x172032_y023040.txt
RECHERCHE-010_x173568_y023040,RECHERCHE-010,train,fold_2,173568,23040,2048,1024,False,0,0.25,yolo/images/train/RECHERCHE-010_x173568_y023040.jpg,segmentation/masks/train/RECHERCHE-010_x173568_y023040.png,yolo/labels/train/RECHERCHE-010_x173568_y023040.txt
RECHERCHE-010_x018432_y024576,RECHERCHE-010,train,fold_2,18432,24576,2048,1024,False,0,0.6591,yolo/images/train/RECHERCHE-010_x018432_y024576.jpg,segmentation/masks/train/RECHERCHE-010_x018432_y024576.png,yolo/labels/train/RECHERCHE-010_x018432_y024576.txt
RECHERCHE-010_x019968_y024576,RECHERCHE-010,train,fold_2,19968,24576,2048,1024,False,0,1.0,yolo/images/train/RECHERCHE-010_x019968_y024576.jpg,segmentation/masks/train/RECHERCHE-010_x019968_y024576.png,yolo/labels/train/RECHERCHE-010_x019968_y024576.txt
RECHERCHE-010_x167424_y024576,RECHERCHE-010,train,fold_2,167424,24576,2048,1024,False,0,0.876,yolo/images/train/RECHERCHE-010_x167424_y024576.jpg,segmentation/masks/train/RECHERCHE-010_x167424_y024576.png,yolo/labels/train/RECHERCHE-010_x167424_y024576.txt
RECHERCHE-010_x168960_y024576,RECHERCHE-010,train,fold_2,168960,24576,2048,1024,False,0,0.9848,yolo/images/train/RECHERCHE-010_x168960_y024576.jpg,segmentation/masks/train/RECHERCHE-010_x168960_y024576.png,yolo/labels/train/RECHERCHE-010_x168960_y024576.txt
RECHERCHE-010_x170496_y024576,RECHERCHE-010,train,fold_2,170496,24576,2048,1024,False,0,1.0,yolo/images/train/RECHERCHE-010_x170496_y024576.jpg,segmentation/masks/train/RECHERCHE-010_x170496_y024576.png,yolo/labels/train/RECHERCHE-010_x170496_y024576.txt
RECHERCHE-010_x172032_y024576,RECHERCHE-010,train,fold_2,172032,24576,2048,1024,False,0,0.8106,yolo/images/train/RECHERCHE-010_x172032_y024576.jpg,segmentation/masks/train/RECHERCHE-010_x172032_y024576.png,yolo/labels/train/RECHERCHE-010_x172032_y024576.txt
RECHERCHE-010_x173568_y024576,RECHERCHE-010,train,fold_2,173568,24576,2048,1024,False,0,0.1515,yolo/images/train/RECHERCHE-010_x173568_y024576.jpg,segmentation/masks/train/RECHERCHE-010_x173568_y024576.png,yolo/labels/train/RECHERCHE-010_x173568_y024576.txt
RECHERCHE-010_x019968_y026112,RECHERCHE-010,train,fold_2,19968,26112,2048,1024,False,0,1.0,yolo/images/train/RECHERCHE-010_x019968_y026112.jpg,segmentation/masks/train/RECHERCHE-010_x019968_y026112.png,yolo/labels/train/RECHERCHE-010_x019968_y026112.txt
RECHERCHE-010_x069120_y026112,RECHERCHE-010,train,fold_2,69120,26112,2048,1024,False,0,0.3819,yolo/images/train/RECHERCHE-010_x069120_y026112.jpg,segmentation/masks/train/RECHERCHE-010_x069120_y026112.png,yolo/labels/train/RECHERCHE-010_x069120_y026112.txt
RECHERCHE-010_x070656_y026112,RECHERCHE-010,train,fold_2,70656,26112,2048,1024,False,0,0.2652,yolo/images/train/RECHERCHE-010_x070656_y026112.jpg,segmentation/masks/train/RECHERCHE-010_x070656_y026112.png,yolo/labels/train/RECHERCHE-010_x070656_y026112.txt
RECHERCHE-010_x168960_y026112,RECHERCHE-010,train,fold_2,168960,26112,2048,1024,False,0,0.3958,yolo/images/train/RECHERCHE-010_x168960_y026112.jpg,segmentation/masks/train/RECHERCHE-010_x168960_y026112.png,yolo/labels/train/RECHERCHE-010_x168960_y026112.txt
RECHERCHE-010_x170496_y026112,RECHERCHE-010,train,fold_2,170496,26112,2048,1024,False,0,0.8056,yolo/images/train/RECHERCHE-010_x170496_y026112.jpg,segmentation/masks/train/RECHERCHE-010_x170496_y026112.png,yolo/labels/train/RECHERCHE-010_x170496_y026112.txt
RECHERCHE-010_x172032_y026112,RECHERCHE-010,train,fold_2,172032,26112,2048,1024,False,0,0.3125,yolo/images/train/RECHERCHE-010_x172032_y026112.jpg,segmentation/masks/train/RECHERCHE-010_x172032_y026112.png,yolo/labels/train/RECHERCHE-010_x172032_y026112.txt
RECHERCHE-010_x007680_y027648,RECHERCHE-010,train,fold_2,7680,27648,2048,1024,False,0,0.1667,yolo/images/train/RECHERCHE-010_x007680_y027648.jpg,segmentation/masks/train/RECHERCHE-010_x007680_y027648.png,yolo/labels/train/RECHERCHE-010_x007680_y027648.txt
RECHERCHE-010_x009216_y027648,RECHERCHE-010,train,fold_2,9216,27648,2048,1024,False,0,0.2153,yolo/images/train/RECHERCHE-010_x009216_y027648.jpg,segmentation/masks/train/RECHERCHE-010_x009216_y027648.png,yolo/labels/train/RECHERCHE-010_x009216_y027648.txt
RECHERCHE-010_x013824_y027648,RECHERCHE-010,train,fold_2,13824,27648,2048,1024,False,0,0.6736,yolo/images/train/RECHERCHE-010_x013824_y027648.jpg,segmentation/masks/train/RECHERCHE-010_x013824_y027648.png,yolo/labels/train/RECHERCHE-010_x013824_y027648.txt
RECHERCHE-010_x018432_y027648,RECHERCHE-010,train,fold_2,18432,27648,2048,1024,False,0,1.0,yolo/images/train/RECHERCHE-010_x018432_y027648.jpg,segmentation/masks/train/RECHERCHE-010_x018432_y027648.png,yolo/labels/train/RECHERCHE-010_x018432_y027648.txt
RECHERCHE-010_x019968_y027648,RECHERCHE-010,train,fold_2,19968,27648,2048,1024,False,0,0.9028,yolo/images/train/RECHERCHE-010_x019968_y027648.jpg,segmentation/masks/train/RECHERCHE-010_x019968_y027648.png,yolo/labels/train/RECHERCHE-010_x019968_y027648.txt
RECHERCHE-010_x021504_y027648,RECHERCHE-010,train,fold_2,21504,27648,2048,1024,False,0,0.2361,yolo/images/train/RECHERCHE-010_x021504_y027648.jpg,segmentation/masks/train/RECHERCHE-010_x021504_y027648.png,yolo/labels/train/RECHERCHE-010_x021504_y027648.txt
RECHERCHE-010_x067584_y027648,RECHERCHE-010,train,fold_2,67584,27648,2048,1024,False,0,0.3056,yolo/images/train/RECHERCHE-010_x067584_y027648.jpg,segmentation/masks/train/RECHERCHE-010_x067584_y027648.png,yolo/labels/train/RECHERCHE-010_x067584_y027648.txt
RECHERCHE-010_x069120_y027648,RECHERCHE-010,train,fold_2,69120,27648,2048,1024,False,0,0.9792,yolo/images/train/RECHERCHE-010_x069120_y027648.jpg,segmentation/masks/train/RECHERCHE-010_x069120_y027648.png,yolo/labels/train/RECHERCHE-010_x069120_y027648.txt
RECHERCHE-010_x070656_y027648,RECHERCHE-010,train,fold_2,70656,27648,2048,1024,False,0,0.9167,yolo/images/train/RECHERCHE-010_x070656_y027648.jpg,segmentation/masks/train/RECHERCHE-010_x070656_y027648.png,yolo/labels/train/RECHERCHE-010_x070656_y027648.txt
RECHERCHE-010_x072192_y027648,RECHERCHE-010,train,fold_2,72192,27648,2048,1024,False,0,0.1944,yolo/images/train/RECHERCHE-010_x072192_y027648.jpg,segmentation/masks/train/RECHERCHE-010_x072192_y027648.png,yolo/labels/train/RECHERCHE-010_x072192_y027648.txt
RECHERCHE-010_x003072_y029184,RECHERCHE-010,train,fold_2,3072,29184,2048,1024,False,0,0.3611,yolo/images/train/RECHERCHE-010_x003072_y029184.jpg,segmentation/masks/train/RECHERCHE-010_x003072_y029184.png,yolo/labels/train/RECHERCHE-010_x003072_y029184.txt
RECHERCHE-010_x004608_y029184,RECHERCHE-010,train,fold_2,4608,29184,2048,1024,False,0,0.6736,yolo/images/train/RECHERCHE-010_x004608_y029184.jpg,segmentation/masks/train/RECHERCHE-010_x004608_y029184.png,yolo/labels/train/RECHERCHE-010_x004608_y029184.txt
RECHERCHE-010_x009216_y029184,RECHERCHE-010,train,fold_2,9216,29184,2048,1024,False,0,0.9653,yolo/images/train/RECHERCHE-010_x009216_y029184.jpg,segmentation/masks/train/RECHERCHE-010_x009216_y029184.png,yolo/labels/train/RECHERCHE-010_x009216_y029184.txt
RECHERCHE-010_x018432_y029184,RECHERCHE-010,train,fold_2,18432,29184,2048,1024,False,0,0.6667,yolo/images/train/RECHERCHE-010_x018432_y029184.jpg,segmentation/masks/train/RECHERCHE-010_x018432_y029184.png,yolo/labels/train/RECHERCHE-010_x018432_y029184.txt
RECHERCHE-010_x019968_y029184,RECHERCHE-010,train,fold_2,19968,29184,2048,1024,False,0,0.25,yolo/images/train/RECHERCHE-010_x019968_y029184.jpg,segmentation/masks/train/RECHERCHE-010_x019968_y029184.png,yolo/labels/train/RECHERCHE-010_x019968_y029184.txt
RECHERCHE-010_x067584_y029184,RECHERCHE-010,train,fold_2,67584,29184,2048,1024,False,0,0.6528,yolo/images/train/RECHERCHE-010_x067584_y029184.jpg,segmentation/masks/train/RECHERCHE-010_x067584_y029184.png,yolo/labels/train/RECHERCHE-010_x067584_y029184.txt
RECHERCHE-010_x069120_y029184,RECHERCHE-010,train,fold_2,69120,29184,2048,1024,False,0,1.0,yolo/images/train/RECHERCHE-010_x069120_y029184.jpg,segmentation/masks/train/RECHERCHE-010_x069120_y029184.png,yolo/labels/train/RECHERCHE-010_x069120_y029184.txt
RECHERCHE-010_x070656_y029184,RECHERCHE-010,train,fold_2,70656,29184,2048,1024,False,0,1.0,yolo/images/train/RECHERCHE-010_x070656_y029184.jpg,segmentation/masks/train/RECHERCHE-010_x070656_y029184.png,yolo/labels/train/RECHERCHE-010_x070656_y029184.txt
RECHERCHE-010_x072192_y029184,RECHERCHE-010,train,fold_2,72192,29184,2048,1024,False,0,0.4028,yolo/images/train/RECHERCHE-010_x072192_y029184.jpg,segmentation/masks/train/RECHERCHE-010_x072192_y029184.png,yolo/labels/train/RECHERCHE-010_x072192_y029184.txt
RECHERCHE-010_x010752_y030720,RECHERCHE-010,train,fold_2,10752,30720,2048,1024,False,0,1.0,yolo/images/train/RECHERCHE-010_x010752_y030720.jpg,segmentation/masks/train/RECHERCHE-010_x010752_y030720.png,yolo/labels/train/RECHERCHE-010_x010752_y030720.txt
RECHERCHE-010_x012288_y030720,RECHERCHE-010,train,fold_2,12288,30720,2048,1024,False,0,1.0,yolo/images/train/RECHERCHE-010_x012288_y030720.jpg,segmentation/masks/train/RECHERCHE-010_x012288_y030720.png,yolo/labels/train/RECHERCHE-010_x012288_y030720.txt
RECHERCHE-010_x067584_y030720,RECHERCHE-010,train,fold_2,67584,30720,2048,1024,False,0,0.9792,yolo/images/train/RECHERCHE-010_x067584_y030720.jpg,segmentation/masks/train/RECHERCHE-010_x067584_y030720.png,yolo/labels/train/RECHERCHE-010_x067584_y030720.txt
RECHERCHE-010_x069120_y030720,RECHERCHE-010,train,fold_2,69120,30720,2048,1024,False,0,1.0,yolo/images/train/RECHERCHE-010_x069120_y030720.jpg,segmentation/masks/train/RECHERCHE-010_x069120_y030720.png,yolo/labels/train/RECHERCHE-010_x069120_y030720.txt
RECHERCHE-010_x070656_y030720,RECHERCHE-010,train,fold_2,70656,30720,2048,1024,False,0,0.8712,yolo/images/train/RECHERCHE-010_x070656_y030720.jpg,segmentation/masks/train/RECHERCHE-010_x070656_y030720.png,yolo/labels/train/RECHERCHE-010_x070656_y030720.txt
RECHERCHE-010_x010752_y032256,RECHERCHE-010,train,fold_2,10752,32256,2048,1024,False,0,0.447,yolo/images/train/RECHERCHE-010_x010752_y032256.jpg,segmentation/masks/train/RECHERCHE-010_x010752_y032256.png,yolo/labels/train/RECHERCHE-010_x010752_y032256.txt
RECHERCHE-010_x012288_y032256,RECHERCHE-010,train,fold_2,12288,32256,2048,1024,False,0,0.4375,yolo/images/train/RECHERCHE-010_x012288_y032256.jpg,segmentation/masks/train/RECHERCHE-010_x012288_y032256.png,yolo/labels/train/RECHERCHE-010_x012288_y032256.txt
RECHERCHE-010_x013824_y032256,RECHERCHE-010,train,fold_2,13824,32256,2048,1024,False,0,0.2361,yolo/images/train/RECHERCHE-010_x013824_y032256.jpg,segmentation/masks/train/RECHERCHE-010_x013824_y032256.png,yolo/labels/train/RECHERCHE-010_x013824_y032256.txt
RECHERCHE-010_x067584_y032256,RECHERCHE-010,train,fold_2,67584,32256,2048,1024,False,0,1.0,yolo/images/train/RECHERCHE-010_x067584_y032256.jpg,segmentation/masks/train/RECHERCHE-010_x067584_y032256.png,yolo/labels/train/RECHERCHE-010_x067584_y032256.txt
RECHERCHE-010_x069120_y032256,RECHERCHE-010,train,fold_2,69120,32256,2048,1024,False,0,0.9931,yolo/images/train/RECHERCHE-010_x069120_y032256.jpg,segmentation/masks/train/RECHERCHE-010_x069120_y032256.png,yolo/labels/train/RECHERCHE-010_x069120_y032256.txt
RECHERCHE-010_x070656_y032256,RECHERCHE-010,train,fold_2,70656,32256,2048,1024,False,0,0.5152,yolo/images/train/RECHERCHE-010_x070656_y032256.jpg,segmentation/masks/train/RECHERCHE-010_x070656_y032256.png,yolo/labels/train/RECHERCHE-010_x070656_y032256.txt
RECHERCHE-010_x067584_y033792,RECHERCHE-010,train,fold_2,67584,33792,2048,1024,False,0,1.0,yolo/images/train/RECHERCHE-010_x067584_y033792.jpg,segmentation/masks/train/RECHERCHE-010_x067584_y033792.png,yolo/labels/train/RECHERCHE-010_x067584_y033792.txt
RECHERCHE-010_x069120_y033792,RECHERCHE-010,train,fold_2,69120,33792,2048,1024,False,0,0.7431,yolo/images/train/RECHERCHE-010_x069120_y033792.jpg,segmentation/masks/train/RECHERCHE-010_x069120_y033792.png,yolo/labels/train/RECHERCHE-010_x069120_y033792.txt
RECHERCHE-010_x061440_y035328,RECHERCHE-010,train,fold_2,61440,35328,2048,1024,False,0,0.1528,yolo/images/train/RECHERCHE-010_x061440_y035328.jpg,segmentation/masks/train/RECHERCHE-010_x061440_y035328.png,yolo/labels/train/RECHERCHE-010_x061440_y035328.txt
RECHERCHE-010_x062976_y035328,RECHERCHE-010,train,fold_2,62976,35328,2048,1024,False,0,0.6806,yolo/images/train/RECHERCHE-010_x062976_y035328.jpg,segmentation/masks/train/RECHERCHE-010_x062976_y035328.png,yolo/labels/train/RECHERCHE-010_x062976_y035328.txt
RECHERCHE-010_x061440_y036864,RECHERCHE-010,train,fold_2,61440,36864,2048,1024,False,0,0.4167,yolo/images/train/RECHERCHE-010_x061440_y036864.jpg,segmentation/masks/train/RECHERCHE-010_x061440_y036864.png,yolo/labels/train/RECHERCHE-010_x061440_y036864.txt
RECHERCHE-010_x062976_y036864,RECHERCHE-010,train,fold_2,62976,36864,2048,1024,False,0,1.0,yolo/images/train/RECHERCHE-010_x062976_y036864.jpg,segmentation/masks/train/RECHERCHE-010_x062976_y036864.png,yolo/labels/train/RECHERCHE-010_x062976_y036864.txt
RECHERCHE-010_x061440_y038400,RECHERCHE-010,train,fold_2,61440,38400,2048,1024,False,0,0.8958,yolo/images/train/RECHERCHE-010_x061440_y038400.jpg,segmentation/masks/train/RECHERCHE-010_x061440_y038400.png,yolo/labels/train/RECHERCHE-010_x061440_y038400.txt
RECHERCHE-010_x062976_y038400,RECHERCHE-010,train,fold_2,62976,38400,2048,1024,False,0,1.0,yolo/images/train/RECHERCHE-010_x062976_y038400.jpg,segmentation/masks/train/RECHERCHE-010_x062976_y038400.png,yolo/labels/train/RECHERCHE-010_x062976_y038400.txt
RECHERCHE-010_x050688_y039936,RECHERCHE-010,train,fold_2,50688,39936,2048,1024,False,0,0.1875,yolo/images/train/RECHERCHE-010_x050688_y039936.jpg,segmentation/masks/train/RECHERCHE-010_x050688_y039936.png,yolo/labels/train/RECHERCHE-010_x050688_y039936.txt
RECHERCHE-010_x052224_y039936,RECHERCHE-010,train,fold_2,52224,39936,2048,1024,False,0,0.2361,yolo/images/train/RECHERCHE-010_x052224_y039936.jpg,segmentation/masks/train/RECHERCHE-010_x052224_y039936.png,yolo/labels/train/RECHERCHE-010_x052224_y039936.txt
RECHERCHE-010_x053760_y039936,RECHERCHE-010,train,fold_2,53760,39936,2048,1024,False,0,0.3125,yolo/images/train/RECHERCHE-010_x053760_y039936.jpg,segmentation/masks/train/RECHERCHE-010_x053760_y039936.png,yolo/labels/train/RECHERCHE-010_x053760_y039936.txt
RECHERCHE-010_x056832_y039936,RECHERCHE-010,train,fold_2,56832,39936,2048,1024,False,0,0.5833,yolo/images/train/RECHERCHE-010_x056832_y039936.jpg,segmentation/masks/train/RECHERCHE-010_x056832_y039936.png,yolo/labels/train/RECHERCHE-010_x056832_y039936.txt
RECHERCHE-010_x061440_y039936,RECHERCHE-010,train,fold_2,61440,39936,2048,1024,False,0,1.0,yolo/images/train/RECHERCHE-010_x061440_y039936.jpg,segmentation/masks/train/RECHERCHE-010_x061440_y039936.png,yolo/labels/train/RECHERCHE-010_x061440_y039936.txt
RECHERCHE-010_x062976_y039936,RECHERCHE-010,train,fold_2,62976,39936,2048,1024,False,0,0.9931,yolo/images/train/RECHERCHE-010_x062976_y039936.jpg,segmentation/masks/train/RECHERCHE-010_x062976_y039936.png,yolo/labels/train/RECHERCHE-010_x062976_y039936.txt
RECHERCHE-010_x064512_y039936,RECHERCHE-010,train,fold_2,64512,39936,2048,1024,False,0,0.5625,yolo/images/train/RECHERCHE-010_x064512_y039936.jpg,segmentation/masks/train/RECHERCHE-010_x064512_y039936.png,yolo/labels/train/RECHERCHE-010_x064512_y039936.txt
RECHERCHE-010_x046080_y041472,RECHERCHE-010,train,fold_2,46080,41472,2048,1024,False,0,0.4697,yolo/images/train/RECHERCHE-010_x046080_y041472.jpg,segmentation/masks/train/RECHERCHE-010_x046080_y041472.png,yolo/labels/train/RECHERCHE-010_x046080_y041472.txt
RECHERCHE-010_x047616_y041472,RECHERCHE-010,train,fold_2,47616,41472,2048,1024,False,0,0.7121,yolo/images/train/RECHERCHE-010_x047616_y041472.jpg,segmentation/masks/train/RECHERCHE-010_x047616_y041472.png,yolo/labels/train/RECHERCHE-010_x047616_y041472.txt
RECHERCHE-010_x052224_y041472,RECHERCHE-010,train,fold_2,52224,41472,2048,1024,False,0,0.9861,yolo/images/train/RECHERCHE-010_x052224_y041472.jpg,segmentation/masks/train/RECHERCHE-010_x052224_y041472.png,yolo/labels/train/RECHERCHE-010_x052224_y041472.txt
RECHERCHE-010_x061440_y041472,RECHERCHE-010,train,fold_2,61440,41472,2048,1024,False,0,0.8472,yolo/images/train/RECHERCHE-010_x061440_y041472.jpg,segmentation/masks/train/RECHERCHE-010_x061440_y041472.png,yolo/labels/train/RECHERCHE-010_x061440_y041472.txt
RECHERCHE-010_x062976_y041472,RECHERCHE-010,train,fold_2,62976,41472,2048,1024,False,0,0.4722,yolo/images/train/RECHERCHE-010_x062976_y041472.jpg,segmentation/masks/train/RECHERCHE-010_x062976_y041472.png,yolo/labels/train/RECHERCHE-010_x062976_y041472.txt
RECHERCHE-010_x044544_y043008,RECHERCHE-010,train,fold_2,44544,43008,2048,1024,False,0,0.1944,yolo/images/train/RECHERCHE-010_x044544_y043008.jpg,segmentation/masks/train/RECHERCHE-010_x044544_y043008.png,yolo/labels/train/RECHERCHE-010_x044544_y043008.txt
RECHERCHE-010_x047616_y043008,RECHERCHE-010,train,fold_2,47616,43008,2048,1024,False,0,1.0,yolo/images/train/RECHERCHE-010_x047616_y043008.jpg,segmentation/masks/train/RECHERCHE-010_x047616_y043008.png,yolo/labels/train/RECHERCHE-010_x047616_y043008.txt
RECHERCHE-010_x053760_y043008,RECHERCHE-010,train,fold_2,53760,43008,2048,1024,False,0,1.0,yolo/images/train/RECHERCHE-010_x053760_y043008.jpg,segmentation/masks/train/RECHERCHE-010_x053760_y043008.png,yolo/labels/train/RECHERCHE-010_x053760_y043008.txt
RECHERCHE-010_x055296_y043008,RECHERCHE-010,train,fold_2,55296,43008,2048,1024,False,0,1.0,yolo/images/train/RECHERCHE-010_x055296_y043008.jpg,segmentation/masks/train/RECHERCHE-010_x055296_y043008.png,yolo/labels/train/RECHERCHE-010_x055296_y043008.txt
RECHERCHE-010_x061440_y043008,RECHERCHE-010,train,fold_2,61440,43008,2048,1024,False,0,0.1875,yolo/images/train/RECHERCHE-010_x061440_y043008.jpg,segmentation/masks/train/RECHERCHE-010_x061440_y043008.png,yolo/labels/train/RECHERCHE-010_x061440_y043008.txt
RECHERCHE-010_x053760_y044544,RECHERCHE-010,train,fold_2,53760,44544,2048,1024,False,0,0.4514,yolo/images/train/RECHERCHE-010_x053760_y044544.jpg,segmentation/masks/train/RECHERCHE-010_x053760_y044544.png,yolo/labels/train/RECHERCHE-010_x053760_y044544.txt
RECHERCHE-010_x055296_y044544,RECHERCHE-010,train,fold_2,55296,44544,2048,1024,False,0,0.4653,yolo/images/train/RECHERCHE-010_x055296_y044544.jpg,segmentation/masks/train/RECHERCHE-010_x055296_y044544.png,yolo/labels/train/RECHERCHE-010_x055296_y044544.txt
RECHERCHE-010_x056832_y044544,RECHERCHE-010,train,fold_2,56832,44544,2048,1024,False,0,0.2847,yolo/images/train/RECHERCHE-010_x056832_y044544.jpg,segmentation/masks/train/RECHERCHE-010_x056832_y044544.png,yolo/labels/train/RECHERCHE-010_x056832_y044544.txt
RECHERCHE-010_x147456_y050688,RECHERCHE-010,train,fold_2,147456,50688,2048,1024,False,0,1.0,yolo/images/train/RECHERCHE-010_x147456_y050688.jpg,segmentation/masks/train/RECHERCHE-010_x147456_y050688.png,yolo/labels/train/RECHERCHE-010_x147456_y050688.txt
RECHERCHE-010_x148992_y050688,RECHERCHE-010,train,fold_2,148992,50688,2048,1024,False,0,0.4653,yolo/images/train/RECHERCHE-010_x148992_y050688.jpg,segmentation/masks/train/RECHERCHE-010_x148992_y050688.png,yolo/labels/train/RECHERCHE-010_x148992_y050688.txt
RECHERCHE-010_x147456_y052224,RECHERCHE-010,train,fold_2,147456,52224,2048,1024,False,0,1.0,yolo/images/train/RECHERCHE-010_x147456_y052224.jpg,segmentation/masks/train/RECHERCHE-010_x147456_y052224.png,yolo/labels/train/RECHERCHE-010_x147456_y052224.txt
RECHERCHE-010_x147456_y053760,RECHERCHE-010,train,fold_2,147456,53760,2048,1024,False,0,1.0,yolo/images/train/RECHERCHE-010_x147456_y053760.jpg,segmentation/masks/train/RECHERCHE-010_x147456_y053760.png,yolo/labels/train/RECHERCHE-010_x147456_y053760.txt
RECHERCHE-010_x147456_y055296,RECHERCHE-010,train,fold_2,147456,55296,2048,1024,False,0,1.0,yolo/images/train/RECHERCHE-010_x147456_y055296.jpg,segmentation/masks/train/RECHERCHE-010_x147456_y055296.png,yolo/labels/train/RECHERCHE-010_x147456_y055296.txt
RECHERCHE-010_x148992_y055296,RECHERCHE-010,train,fold_2,148992,55296,2048,1024,False,0,0.8333,yolo/images/train/RECHERCHE-010_x148992_y055296.jpg,segmentation/masks/train/RECHERCHE-010_x148992_y055296.png,yolo/labels/train/RECHERCHE-010_x148992_y055296.txt
RECHERCHE-010_x147456_y056832,RECHERCHE-010,train,fold_2,147456,56832,2048,1024,False,0,1.0,yolo/images/train/RECHERCHE-010_x147456_y056832.jpg,segmentation/masks/train/RECHERCHE-010_x147456_y056832.png,yolo/labels/train/RECHERCHE-010_x147456_y056832.txt
RECHERCHE-010_x147456_y058368,RECHERCHE-010,train,fold_2,147456,58368,2048,1024,False,0,0.8542,yolo/images/train/RECHERCHE-010_x147456_y058368.jpg,segmentation/masks/train/RECHERCHE-010_x147456_y058368.png,yolo/labels/train/RECHERCHE-010_x147456_y058368.txt
RECHERCHE-010_x147456_y059904,RECHERCHE-010,train,fold_2,147456,59904,2048,1024,False,0,0.375,yolo/images/train/RECHERCHE-010_x147456_y059904.jpg,segmentation/masks/train/RECHERCHE-010_x147456_y059904.png,yolo/labels/train/RECHERCHE-010_x147456_y059904.txt
RECHERCHE-010_x148992_y059904,RECHERCHE-010,train,fold_2,148992,59904,2048,1024,False,0,0.9583,yolo/images/train/RECHERCHE-010_x148992_y059904.jpg,segmentation/masks/train/RECHERCHE-010_x148992_y059904.png,yolo/labels/train/RECHERCHE-010_x148992_y059904.txt
RECHERCHE-010_x148992_y061440,RECHERCHE-010,train,fold_2,148992,61440,2048,1024,False,0,0.6818,yolo/images/train/RECHERCHE-010_x148992_y061440.jpg,segmentation/masks/train/RECHERCHE-010_x148992_y061440.png,yolo/labels/train/RECHERCHE-010_x148992_y061440.txt
RECHERCHE-010_x150528_y061440,RECHERCHE-010,train,fold_2,150528,61440,2048,1024,False,0,1.0,yolo/images/train/RECHERCHE-010_x150528_y061440.jpg,segmentation/masks/train/RECHERCHE-010_x150528_y061440.png,yolo/labels/train/RECHERCHE-010_x150528_y061440.txt
RECHERCHE-010_x152064_y061440,RECHERCHE-010,train,fold_2,152064,61440,2048,1024,False,0,1.0,yolo/images/train/RECHERCHE-010_x152064_y061440.jpg,segmentation/masks/train/RECHERCHE-010_x152064_y061440.png,yolo/labels/train/RECHERCHE-010_x152064_y061440.txt
RECHERCHE-010_x150528_y062976,RECHERCHE-010,train,fold_2,150528,62976,2048,1024,False,0,0.6212,yolo/images/train/RECHERCHE-010_x150528_y062976.jpg,segmentation/masks/train/RECHERCHE-010_x150528_y062976.png,yolo/labels/train/RECHERCHE-010_x150528_y062976.txt
RECHERCHE-010_x152064_y062976,RECHERCHE-010,train,fold_2,152064,62976,2048,1024,False,0,0.9773,yolo/images/train/RECHERCHE-010_x152064_y062976.jpg,segmentation/masks/train/RECHERCHE-010_x152064_y062976.png,yolo/labels/train/RECHERCHE-010_x152064_y062976.txt
RECHERCHE-010_x152064_y064512,RECHERCHE-010,train,fold_2,152064,64512,2048,1024,False,0,0.4861,yolo/images/train/RECHERCHE-010_x152064_y064512.jpg,segmentation/masks/train/RECHERCHE-010_x152064_y064512.png,yolo/labels/train/RECHERCHE-010_x152064_y064512.txt
RECHERCHE-010_x162816_y067584,RECHERCHE-010,train,fold_2,162816,67584,2048,1024,False,0,0.7431,yolo/images/train/RECHERCHE-010_x162816_y067584.jpg,segmentation/masks/train/RECHERCHE-010_x162816_y067584.png,yolo/labels/train/RECHERCHE-010_x162816_y067584.txt
RECHERCHE-010_x158208_y069120,RECHERCHE-010,train,fold_2,158208,69120,2048,1024,False,0,0.2639,yolo/images/train/RECHERCHE-010_x158208_y069120.jpg,segmentation/masks/train/RECHERCHE-010_x158208_y069120.png,yolo/labels/train/RECHERCHE-010_x158208_y069120.txt
RECHERCHE-010_x159744_y069120,RECHERCHE-010,train,fold_2,159744,69120,2048,1024,False,0,0.6042,yolo/images/train/RECHERCHE-010_x159744_y069120.jpg,segmentation/masks/train/RECHERCHE-010_x159744_y069120.png,yolo/labels/train/RECHERCHE-010_x159744_y069120.txt
RECHERCHE-010_x161280_y069120,RECHERCHE-010,train,fold_2,161280,69120,2048,1024,False,0,0.9583,yolo/images/train/RECHERCHE-010_x161280_y069120.jpg,segmentation/masks/train/RECHERCHE-010_x161280_y069120.png,yolo/labels/train/RECHERCHE-010_x161280_y069120.txt
RECHERCHE-010_x162816_y069120,RECHERCHE-010,train,fold_2,162816,69120,2048,1024,False,0,0.6528,yolo/images/train/RECHERCHE-010_x162816_y069120.jpg,segmentation/masks/train/RECHERCHE-010_x162816_y069120.png,yolo/labels/train/RECHERCHE-010_x162816_y069120.txt
RECHERCHE-010_x161280_y070656,RECHERCHE-010,train,fold_2,161280,70656,2048,1024,False,0,0.3958,yolo/images/train/RECHERCHE-010_x161280_y070656.jpg,segmentation/masks/train/RECHERCHE-010_x161280_y070656.png,yolo/labels/train/RECHERCHE-010_x161280_y070656.txt
RECHERCHE-010_x162816_y070656,RECHERCHE-010,train,fold_2,162816,70656,2048,1024,False,0,0.1528,yolo/images/train/RECHERCHE-010_x162816_y070656.jpg,segmentation/masks/train/RECHERCHE-010_x162816_y070656.png,yolo/labels/train/RECHERCHE-010_x162816_y070656.txt
RECHERCHE-011_x029184_y003072,RECHERCHE-011,train,fold_2,29184,3072,2048,1024,True,1,0.8235,yolo/images/train/RECHERCHE-011_x029184_y003072.jpg,segmentation/masks/train/RECHERCHE-011_x029184_y003072.png,yolo/labels/train/RECHERCHE-011_x029184_y003072.txt
RECHERCHE-011_x030720_y003072,RECHERCHE-011,train,fold_2,30720,3072,2048,1024,True,1,0.9896,yolo/images/train/RECHERCHE-011_x030720_y003072.jpg,segmentation/masks/train/RECHERCHE-011_x030720_y003072.png,yolo/labels/train/RECHERCHE-011_x030720_y003072.txt
RECHERCHE-011_x024576_y004608,RECHERCHE-011,train,fold_2,24576,4608,2048,1024,True,2,0.2215,yolo/images/train/RECHERCHE-011_x024576_y004608.jpg,segmentation/masks/train/RECHERCHE-011_x024576_y004608.png,yolo/labels/train/RECHERCHE-011_x024576_y004608.txt
RECHERCHE-011_x026112_y004608,RECHERCHE-011,train,fold_2,26112,4608,2048,1024,True,2,0.7439,yolo/images/train/RECHERCHE-011_x026112_y004608.jpg,segmentation/masks/train/RECHERCHE-011_x026112_y004608.png,yolo/labels/train/RECHERCHE-011_x026112_y004608.txt
RECHERCHE-011_x024576_y006144,RECHERCHE-011,train,fold_2,24576,6144,2048,1024,True,2,0.6817,yolo/images/train/RECHERCHE-011_x024576_y006144.jpg,segmentation/masks/train/RECHERCHE-011_x024576_y006144.png,yolo/labels/train/RECHERCHE-011_x024576_y006144.txt
RECHERCHE-011_x026112_y006144,RECHERCHE-011,train,fold_2,26112,6144,2048,1024,True,1,1.0,yolo/images/train/RECHERCHE-011_x026112_y006144.jpg,segmentation/masks/train/RECHERCHE-011_x026112_y006144.png,yolo/labels/train/RECHERCHE-011_x026112_y006144.txt
RECHERCHE-011_x027648_y006144,RECHERCHE-011,train,fold_2,27648,6144,2048,1024,True,1,1.0,yolo/images/train/RECHERCHE-011_x027648_y006144.jpg,segmentation/masks/train/RECHERCHE-011_x027648_y006144.png,yolo/labels/train/RECHERCHE-011_x027648_y006144.txt
RECHERCHE-011_x004608_y007680,RECHERCHE-011,train,fold_2,4608,7680,2048,1024,True,1,0.8443,yolo/images/train/RECHERCHE-011_x004608_y007680.jpg,segmentation/masks/train/RECHERCHE-011_x004608_y007680.png,yolo/labels/train/RECHERCHE-011_x004608_y007680.txt
RECHERCHE-011_x006144_y007680,RECHERCHE-011,train,fold_2,6144,7680,2048,1024,True,1,0.7128,yolo/images/train/RECHERCHE-011_x006144_y007680.jpg,segmentation/masks/train/RECHERCHE-011_x006144_y007680.png,yolo/labels/train/RECHERCHE-011_x006144_y007680.txt
RECHERCHE-011_x007680_y007680,RECHERCHE-011,train,fold_2,7680,7680,2048,1024,True,1,0.526,yolo/images/train/RECHERCHE-011_x007680_y007680.jpg,segmentation/masks/train/RECHERCHE-011_x007680_y007680.png,yolo/labels/train/RECHERCHE-011_x007680_y007680.txt
RECHERCHE-011_x019968_y007680,RECHERCHE-011,train,fold_2,19968,7680,2048,1024,True,1,0.3737,yolo/images/train/RECHERCHE-011_x019968_y007680.jpg,segmentation/masks/train/RECHERCHE-011_x019968_y007680.png,yolo/labels/train/RECHERCHE-011_x019968_y007680.txt
RECHERCHE-011_x021504_y007680,RECHERCHE-011,train,fold_2,21504,7680,2048,1024,True,1,0.6747,yolo/images/train/RECHERCHE-011_x021504_y007680.jpg,segmentation/masks/train/RECHERCHE-011_x021504_y007680.png,yolo/labels/train/RECHERCHE-011_x021504_y007680.txt
RECHERCHE-011_x024576_y007680,RECHERCHE-011,train,fold_2,24576,7680,2048,1024,True,1,1.0,yolo/images/train/RECHERCHE-011_x024576_y007680.jpg,segmentation/masks/train/RECHERCHE-011_x024576_y007680.png,yolo/labels/train/RECHERCHE-011_x024576_y007680.txt
RECHERCHE-011_x027648_y007680,RECHERCHE-011,train,fold_2,27648,7680,2048,1024,True,1,0.9412,yolo/images/train/RECHERCHE-011_x027648_y007680.jpg,segmentation/masks/train/RECHERCHE-011_x027648_y007680.png,yolo/labels/train/RECHERCHE-011_x027648_y007680.txt
RECHERCHE-011_x004608_y009216,RECHERCHE-011,train,fold_2,4608,9216,2048,1024,True,2,1.0,yolo/images/train/RECHERCHE-011_x004608_y009216.jpg,segmentation/masks/train/RECHERCHE-011_x004608_y009216.png,yolo/labels/train/RECHERCHE-011_x004608_y009216.txt
RECHERCHE-011_x006144_y009216,RECHERCHE-011,train,fold_2,6144,9216,2048,1024,True,3,1.0,yolo/images/train/RECHERCHE-011_x006144_y009216.jpg,segmentation/masks/train/RECHERCHE-011_x006144_y009216.png,yolo/labels/train/RECHERCHE-011_x006144_y009216.txt
RECHERCHE-011_x007680_y009216,RECHERCHE-011,train,fold_2,7680,9216,2048,1024,True,2,1.0,yolo/images/train/RECHERCHE-011_x007680_y009216.jpg,segmentation/masks/train/RECHERCHE-011_x007680_y009216.png,yolo/labels/train/RECHERCHE-011_x007680_y009216.txt
RECHERCHE-011_x010752_y009216,RECHERCHE-011,train,fold_2,10752,9216,2048,1024,True,1,0.8547,yolo/images/train/RECHERCHE-011_x010752_y009216.jpg,segmentation/masks/train/RECHERCHE-011_x010752_y009216.png,yolo/labels/train/RECHERCHE-011_x010752_y009216.txt
RECHERCHE-011_x012288_y009216,RECHERCHE-011,train,fold_2,12288,9216,2048,1024,True,1,0.654,yolo/images/train/RECHERCHE-011_x012288_y009216.jpg,segmentation/masks/train/RECHERCHE-011_x012288_y009216.png,yolo/labels/train/RECHERCHE-011_x012288_y009216.txt
RECHERCHE-011_x019968_y009216,RECHERCHE-011,train,fold_2,19968,9216,2048,1024,True,1,0.8616,yolo/images/train/RECHERCHE-011_x019968_y009216.jpg,segmentation/masks/train/RECHERCHE-011_x019968_y009216.png,yolo/labels/train/RECHERCHE-011_x019968_y009216.txt
RECHERCHE-011_x023040_y009216,RECHERCHE-011,train,fold_2,23040,9216,2048,1024,True,1,1.0,yolo/images/train/RECHERCHE-011_x023040_y009216.jpg,segmentation/masks/train/RECHERCHE-011_x023040_y009216.png,yolo/labels/train/RECHERCHE-011_x023040_y009216.txt
RECHERCHE-011_x024576_y009216,RECHERCHE-011,train,fold_2,24576,9216,2048,1024,True,1,0.8962,yolo/images/train/RECHERCHE-011_x024576_y009216.jpg,segmentation/masks/train/RECHERCHE-011_x024576_y009216.png,yolo/labels/train/RECHERCHE-011_x024576_y009216.txt
RECHERCHE-011_x003072_y010752,RECHERCHE-011,train,fold_2,3072,10752,2048,1024,True,2,0.7785,yolo/images/train/RECHERCHE-011_x003072_y010752.jpg,segmentation/masks/train/RECHERCHE-011_x003072_y010752.png,yolo/labels/train/RECHERCHE-011_x003072_y010752.txt
RECHERCHE-011_x004608_y010752,RECHERCHE-011,train,fold_2,4608,10752,2048,1024,True,1,0.8754,yolo/images/train/RECHERCHE-011_x004608_y010752.jpg,segmentation/masks/train/RECHERCHE-011_x004608_y010752.png,yolo/labels/train/RECHERCHE-011_x004608_y010752.txt
RECHERCHE-011_x006144_y010752,RECHERCHE-011,train,fold_2,6144,10752,2048,1024,True,3,0.8512,yolo/images/train/RECHERCHE-011_x006144_y010752.jpg,segmentation/masks/train/RECHERCHE-011_x006144_y010752.png,yolo/labels/train/RECHERCHE-011_x006144_y010752.txt
RECHERCHE-011_x007680_y010752,RECHERCHE-011,train,fold_2,7680,10752,2048,1024,True,4,0.9965,yolo/images/train/RECHERCHE-011_x007680_y010752.jpg,segmentation/masks/train/RECHERCHE-011_x007680_y010752.png,yolo/labels/train/RECHERCHE-011_x007680_y010752.txt
RECHERCHE-011_x009216_y010752,RECHERCHE-011,train,fold_2,9216,10752,2048,1024,True,3,1.0,yolo/images/train/RECHERCHE-011_x009216_y010752.jpg,segmentation/masks/train/RECHERCHE-011_x009216_y010752.png,yolo/labels/train/RECHERCHE-011_x009216_y010752.txt
RECHERCHE-011_x010752_y010752,RECHERCHE-011,train,fold_2,10752,10752,2048,1024,True,1,1.0,yolo/images/train/RECHERCHE-011_x010752_y010752.jpg,segmentation/masks/train/RECHERCHE-011_x010752_y010752.png,yolo/labels/train/RECHERCHE-011_x010752_y010752.txt
RECHERCHE-011_x012288_y010752,RECHERCHE-011,train,fold_2,12288,10752,2048,1024,True,1,1.0,yolo/images/train/RECHERCHE-011_x012288_y010752.jpg,segmentation/masks/train/RECHERCHE-011_x012288_y010752.png,yolo/labels/train/RECHERCHE-011_x012288_y010752.txt
RECHERCHE-011_x013824_y010752,RECHERCHE-011,train,fold_2,13824,10752,2048,1024,True,1,1.0,yolo/images/train/RECHERCHE-011_x013824_y010752.jpg,segmentation/masks/train/RECHERCHE-011_x013824_y010752.png,yolo/labels/train/RECHERCHE-011_x013824_y010752.txt
RECHERCHE-011_x023040_y010752,RECHERCHE-011,train,fold_2,23040,10752,2048,1024,True,1,0.6747,yolo/images/train/RECHERCHE-011_x023040_y010752.jpg,segmentation/masks/train/RECHERCHE-011_x023040_y010752.png,yolo/labels/train/RECHERCHE-011_x023040_y010752.txt
RECHERCHE-011_x024576_y010752,RECHERCHE-011,train,fold_2,24576,10752,2048,1024,True,1,0.2318,yolo/images/train/RECHERCHE-011_x024576_y010752.jpg,segmentation/masks/train/RECHERCHE-011_x024576_y010752.png,yolo/labels/train/RECHERCHE-011_x024576_y010752.txt
RECHERCHE-011_x007680_y012288,RECHERCHE-011,train,fold_2,7680,12288,2048,1024,True,2,0.3737,yolo/images/train/RECHERCHE-011_x007680_y012288.jpg,segmentation/masks/train/RECHERCHE-011_x007680_y012288.png,yolo/labels/train/RECHERCHE-011_x007680_y012288.txt
RECHERCHE-011_x009216_y012288,RECHERCHE-011,train,fold_2,9216,12288,2048,1024,True,1,0.4775,yolo/images/train/RECHERCHE-011_x009216_y012288.jpg,segmentation/masks/train/RECHERCHE-011_x009216_y012288.png,yolo/labels/train/RECHERCHE-011_x009216_y012288.txt
RECHERCHE-011_x013824_y012288,RECHERCHE-011,train,fold_2,13824,12288,2048,1024,True,1,0.9723,yolo/images/train/RECHERCHE-011_x013824_y012288.jpg,segmentation/masks/train/RECHERCHE-011_x013824_y012288.png,yolo/labels/train/RECHERCHE-011_x013824_y012288.txt
RECHERCHE-011_x015360_y012288,RECHERCHE-011,train,fold_2,15360,12288,2048,1024,True,2,1.0,yolo/images/train/RECHERCHE-011_x015360_y012288.jpg,segmentation/masks/train/RECHERCHE-011_x015360_y012288.png,yolo/labels/train/RECHERCHE-011_x015360_y012288.txt
RECHERCHE-011_x116736_y027648,RECHERCHE-011,train,fold_2,116736,27648,2048,1024,True,1,0.9827,yolo/images/train/RECHERCHE-011_x116736_y027648.jpg,segmentation/masks/train/RECHERCHE-011_x116736_y027648.png,yolo/labels/train/RECHERCHE-011_x116736_y027648.txt
RECHERCHE-011_x067584_y029184,RECHERCHE-011,train,fold_2,67584,29184,2048,1024,True,1,0.9516,yolo/images/train/RECHERCHE-011_x067584_y029184.jpg,segmentation/masks/train/RECHERCHE-011_x067584_y029184.png,yolo/labels/train/RECHERCHE-011_x067584_y029184.txt
RECHERCHE-011_x062976_y030720,RECHERCHE-011,train,fold_2,62976,30720,2048,1024,True,1,0.2042,yolo/images/train/RECHERCHE-011_x062976_y030720.jpg,segmentation/masks/train/RECHERCHE-011_x062976_y030720.png,yolo/labels/train/RECHERCHE-011_x062976_y030720.txt
RECHERCHE-011_x067584_y030720,RECHERCHE-011,train,fold_2,67584,30720,2048,1024,True,1,1.0,yolo/images/train/RECHERCHE-011_x067584_y030720.jpg,segmentation/masks/train/RECHERCHE-011_x067584_y030720.png,yolo/labels/train/RECHERCHE-011_x067584_y030720.txt
RECHERCHE-011_x113664_y030720,RECHERCHE-011,train,fold_2,113664,30720,2048,1024,True,2,0.7716,yolo/images/train/RECHERCHE-011_x113664_y030720.jpg,segmentation/masks/train/RECHERCHE-011_x113664_y030720.png,yolo/labels/train/RECHERCHE-011_x113664_y030720.txt
RECHERCHE-011_x061440_y032256,RECHERCHE-011,train,fold_2,61440,32256,2048,1024,True,1,0.1592,yolo/images/train/RECHERCHE-011_x061440_y032256.jpg,segmentation/masks/train/RECHERCHE-011_x061440_y032256.png,yolo/labels/train/RECHERCHE-011_x061440_y032256.txt
RECHERCHE-011_x062976_y032256,RECHERCHE-011,train,fold_2,62976,32256,2048,1024,True,2,0.872,yolo/images/train/RECHERCHE-011_x062976_y032256.jpg,segmentation/masks/train/RECHERCHE-011_x062976_y032256.png,yolo/labels/train/RECHERCHE-011_x062976_y032256.txt
RECHERCHE-011_x112128_y032256,RECHERCHE-011,train,fold_2,112128,32256,2048,1024,True,1,0.2526,yolo/images/train/RECHERCHE-011_x112128_y032256.jpg,segmentation/masks/train/RECHERCHE-011_x112128_y032256.png,yolo/labels/train/RECHERCHE-011_x112128_y032256.txt
RECHERCHE-011_x113664_y032256,RECHERCHE-011,train,fold_2,113664,32256,2048,1024,True,2,0.9654,yolo/images/train/RECHERCHE-011_x113664_y032256.jpg,segmentation/masks/train/RECHERCHE-011_x113664_y032256.png,yolo/labels/train/RECHERCHE-011_x113664_y032256.txt
RECHERCHE-011_x115200_y032256,RECHERCHE-011,train,fold_2,115200,32256,2048,1024,True,1,1.0,yolo/images/train/RECHERCHE-011_x115200_y032256.jpg,segmentation/masks/train/RECHERCHE-011_x115200_y032256.png,yolo/labels/train/RECHERCHE-011_x115200_y032256.txt
RECHERCHE-011_x116736_y032256,RECHERCHE-011,train,fold_2,116736,32256,2048,1024,True,1,0.8028,yolo/images/train/RECHERCHE-011_x116736_y032256.jpg,segmentation/masks/train/RECHERCHE-011_x116736_y032256.png,yolo/labels/train/RECHERCHE-011_x116736_y032256.txt
RECHERCHE-011_x061440_y033792,RECHERCHE-011,train,fold_2,61440,33792,2048,1024,True,1,0.7232,yolo/images/train/RECHERCHE-011_x061440_y033792.jpg,segmentation/masks/train/RECHERCHE-011_x061440_y033792.png,yolo/labels/train/RECHERCHE-011_x061440_y033792.txt
RECHERCHE-011_x062976_y033792,RECHERCHE-011,train,fold_2,62976,33792,2048,1024,True,1,1.0,yolo/images/train/RECHERCHE-011_x062976_y033792.jpg,segmentation/masks/train/RECHERCHE-011_x062976_y033792.png,yolo/labels/train/RECHERCHE-011_x062976_y033792.txt
RECHERCHE-011_x064512_y033792,RECHERCHE-011,train,fold_2,64512,33792,2048,1024,True,1,1.0,yolo/images/train/RECHERCHE-011_x064512_y033792.jpg,segmentation/masks/train/RECHERCHE-011_x064512_y033792.png,yolo/labels/train/RECHERCHE-011_x064512_y033792.txt
RECHERCHE-011_x066048_y033792,RECHERCHE-011,train,fold_2,66048,33792,2048,1024,True,1,0.9343,yolo/images/train/RECHERCHE-011_x066048_y033792.jpg,segmentation/masks/train/RECHERCHE-011_x066048_y033792.png,yolo/labels/train/RECHERCHE-011_x066048_y033792.txt
RECHERCHE-011_x112128_y033792,RECHERCHE-011,train,fold_2,112128,33792,2048,1024,True,1,0.7439,yolo/images/train/RECHERCHE-011_x112128_y033792.jpg,segmentation/masks/train/RECHERCHE-011_x112128_y033792.png,yolo/labels/train/RECHERCHE-011_x112128_y033792.txt
RECHERCHE-011_x113664_y033792,RECHERCHE-011,train,fold_2,113664,33792,2048,1024,True,1,1.0,yolo/images/train/RECHERCHE-011_x113664_y033792.jpg,segmentation/masks/train/RECHERCHE-011_x113664_y033792.png,yolo/labels/train/RECHERCHE-011_x113664_y033792.txt
RECHERCHE-011_x043008_y035328,RECHERCHE-011,train,fold_2,43008,35328,2048,1024,True,1,0.5606,yolo/images/train/RECHERCHE-011_x043008_y035328.jpg,segmentation/masks/train/RECHERCHE-011_x043008_y035328.png,yolo/labels/train/RECHERCHE-011_x043008_y035328.txt
RECHERCHE-011_x044544_y035328,RECHERCHE-011,train,fold_2,44544,35328,2048,1024,True,1,0.3875,yolo/images/train/RECHERCHE-011_x044544_y035328.jpg,segmentation/masks/train/RECHERCHE-011_x044544_y035328.png,yolo/labels/train/RECHERCHE-011_x044544_y035328.txt
RECHERCHE-011_x046080_y035328,RECHERCHE-011,train,fold_2,46080,35328,2048,1024,True,1,0.3149,yolo/images/train/RECHERCHE-011_x046080_y035328.jpg,segmentation/masks/train/RECHERCHE-011_x046080_y035328.png,yolo/labels/train/RECHERCHE-011_x046080_y035328.txt
RECHERCHE-011_x056832_y035328,RECHERCHE-011,train,fold_2,56832,35328,2048,1024,True,2,0.2007,yolo/images/train/RECHERCHE-011_x056832_y035328.jpg,segmentation/masks/train/RECHERCHE-011_x056832_y035328.png,yolo/labels/train/RECHERCHE-011_x056832_y035328.txt
RECHERCHE-011_x058368_y035328,RECHERCHE-011,train,fold_2,58368,35328,2048,1024,True,2,0.7578,yolo/images/train/RECHERCHE-011_x058368_y035328.jpg,segmentation/masks/train/RECHERCHE-011_x058368_y035328.png,yolo/labels/train/RECHERCHE-011_x058368_y035328.txt
RECHERCHE-011_x064512_y035328,RECHERCHE-011,train,fold_2,64512,35328,2048,1024,True,1,0.8097,yolo/images/train/RECHERCHE-011_x064512_y035328.jpg,segmentation/masks/train/RECHERCHE-011_x064512_y035328.png,yolo/labels/train/RECHERCHE-011_x064512_y035328.txt
RECHERCHE-011_x066048_y035328,RECHERCHE-011,train,fold_2,66048,35328,2048,1024,True,1,0.3391,yolo/images/train/RECHERCHE-011_x066048_y035328.jpg,segmentation/masks/train/RECHERCHE-011_x066048_y035328.png,yolo/labels/train/RECHERCHE-011_x066048_y035328.txt
RECHERCHE-011_x109056_y035328,RECHERCHE-011,train,fold_2,109056,35328,2048,1024,True,1,0.263,yolo/images/train/RECHERCHE-011_x109056_y035328.jpg,segmentation/masks/train/RECHERCHE-011_x109056_y035328.png,yolo/labels/train/RECHERCHE-011_x109056_y035328.txt
RECHERCHE-011_x110592_y035328,RECHERCHE-011,train,fold_2,110592,35328,2048,1024,True,1,0.8028,yolo/images/train/RECHERCHE-011_x110592_y035328.jpg,segmentation/masks/train/RECHERCHE-011_x110592_y035328.png,yolo/labels/train/RECHERCHE-011_x110592_y035328.txt
RECHERCHE-011_x113664_y035328,RECHERCHE-011,train,fold_2,113664,35328,2048,1024,True,1,0.8824,yolo/images/train/RECHERCHE-011_x113664_y035328.jpg,segmentation/masks/train/RECHERCHE-011_x113664_y035328.png,yolo/labels/train/RECHERCHE-011_x113664_y035328.txt
RECHERCHE-011_x043008_y036864,RECHERCHE-011,train,fold_2,43008,36864,2048,1024,True,1,1.0,yolo/images/train/RECHERCHE-011_x043008_y036864.jpg,segmentation/masks/train/RECHERCHE-011_x043008_y036864.png,yolo/labels/train/RECHERCHE-011_x043008_y036864.txt
RECHERCHE-011_x044544_y036864,RECHERCHE-011,train,fold_2,44544,36864,2048,1024,True,2,1.0,yolo/images/train/RECHERCHE-011_x044544_y036864.jpg,segmentation/masks/train/RECHERCHE-011_x044544_y036864.png,yolo/labels/train/RECHERCHE-011_x044544_y036864.txt
RECHERCHE-011_x046080_y036864,RECHERCHE-011,train,fold_2,46080,36864,2048,1024,True,1,1.0,yolo/images/train/RECHERCHE-011_x046080_y036864.jpg,segmentation/masks/train/RECHERCHE-011_x046080_y036864.png,yolo/labels/train/RECHERCHE-011_x046080_y036864.txt
RECHERCHE-011_x049152_y036864,RECHERCHE-011,train,fold_2,49152,36864,2048,1024,True,2,0.7093,yolo/images/train/RECHERCHE-011_x049152_y036864.jpg,segmentation/masks/train/RECHERCHE-011_x049152_y036864.png,yolo/labels/train/RECHERCHE-011_x049152_y036864.txt
RECHERCHE-011_x050688_y036864,RECHERCHE-011,train,fold_2,50688,36864,2048,1024,True,1,0.5779,yolo/images/train/RECHERCHE-011_x050688_y036864.jpg,segmentation/masks/train/RECHERCHE-011_x050688_y036864.png,yolo/labels/train/RECHERCHE-011_x050688_y036864.txt
RECHERCHE-011_x056832_y036864,RECHERCHE-011,train,fold_2,56832,36864,2048,1024,True,1,0.8581,yolo/images/train/RECHERCHE-011_x056832_y036864.jpg,segmentation/masks/train/RECHERCHE-011_x056832_y036864.png,yolo/labels/train/RECHERCHE-011_x056832_y036864.txt
RECHERCHE-011_x058368_y036864,RECHERCHE-011,train,fold_2,58368,36864,2048,1024,True,1,0.9965,yolo/images/train/RECHERCHE-011_x058368_y036864.jpg,segmentation/masks/train/RECHERCHE-011_x058368_y036864.png,yolo/labels/train/RECHERCHE-011_x058368_y036864.txt
RECHERCHE-011_x059904_y036864,RECHERCHE-011,train,fold_2,59904,36864,2048,1024,True,1,1.0,yolo/images/train/RECHERCHE-011_x059904_y036864.jpg,segmentation/masks/train/RECHERCHE-011_x059904_y036864.png,yolo/labels/train/RECHERCHE-011_x059904_y036864.txt
RECHERCHE-011_x061440_y036864,RECHERCHE-011,train,fold_2,61440,36864,2048,1024,True,1,0.872,yolo/images/train/RECHERCHE-011_x061440_y036864.jpg,segmentation/masks/train/RECHERCHE-011_x061440_y036864.png,yolo/labels/train/RECHERCHE-011_x061440_y036864.txt
RECHERCHE-011_x109056_y036864,RECHERCHE-011,train,fold_2,109056,36864,2048,1024,True,1,0.5398,yolo/images/train/RECHERCHE-011_x109056_y036864.jpg,segmentation/masks/train/RECHERCHE-011_x109056_y036864.png,yolo/labels/train/RECHERCHE-011_x109056_y036864.txt
RECHERCHE-011_x110592_y036864,RECHERCHE-011,train,fold_2,110592,36864,2048,1024,True,1,0.9896,yolo/images/train/RECHERCHE-011_x110592_y036864.jpg,segmentation/masks/train/RECHERCHE-011_x110592_y036864.png,yolo/labels/train/RECHERCHE-011_x110592_y036864.txt
RECHERCHE-011_x113664_y036864,RECHERCHE-011,train,fold_2,113664,36864,2048,1024,True,1,0.4602,yolo/images/train/RECHERCHE-011_x113664_y036864.jpg,segmentation/masks/train/RECHERCHE-011_x113664_y036864.png,yolo/labels/train/RECHERCHE-011_x113664_y036864.txt
RECHERCHE-011_x039936_y038400,RECHERCHE-011,train,fold_2,39936,38400,2048,1024,True,2,0.654,yolo/images/train/RECHERCHE-011_x039936_y038400.jpg,segmentation/masks/train/RECHERCHE-011_x039936_y038400.png,yolo/labels/train/RECHERCHE-011_x039936_y038400.txt
RECHERCHE-011_x041472_y038400,RECHERCHE-011,train,fold_2,41472,38400,2048,1024,True,1,1.0,yolo/images/train/RECHERCHE-011_x041472_y038400.jpg,segmentation/masks/train/RECHERCHE-011_x041472_y038400.png,yolo/labels/train/RECHERCHE-011_x041472_y038400.txt
RECHERCHE-011_x043008_y038400,RECHERCHE-011,train,fold_2,43008,38400,2048,1024,True,3,0.9827,yolo/images/train/RECHERCHE-011_x043008_y038400.jpg,segmentation/masks/train/RECHERCHE-011_x043008_y038400.png,yolo/labels/train/RECHERCHE-011_x043008_y038400.txt
RECHERCHE-011_x044544_y038400,RECHERCHE-011,train,fold_2,44544,38400,2048,1024,True,6,1.0,yolo/images/train/RECHERCHE-011_x044544_y038400.jpg,segmentation/masks/train/RECHERCHE-011_x044544_y038400.png,yolo/labels/train/RECHERCHE-011_x044544_y038400.txt
RECHERCHE-011_x046080_y038400,RECHERCHE-011,train,fold_2,46080,38400,2048,1024,True,5,1.0,yolo/images/train/RECHERCHE-011_x046080_y038400.jpg,segmentation/masks/train/RECHERCHE-011_x046080_y038400.png,yolo/labels/train/RECHERCHE-011_x046080_y038400.txt
RECHERCHE-011_x047616_y038400,RECHERCHE-011,train,fold_2,47616,38400,2048,1024,True,3,1.0,yolo/images/train/RECHERCHE-011_x047616_y038400.jpg,segmentation/masks/train/RECHERCHE-011_x047616_y038400.png,yolo/labels/train/RECHERCHE-011_x047616_y038400.txt
RECHERCHE-011_x049152_y038400,RECHERCHE-011,train,fold_2,49152,38400,2048,1024,True,2,1.0,yolo/images/train/RECHERCHE-011_x049152_y038400.jpg,segmentation/masks/train/RECHERCHE-011_x049152_y038400.png,yolo/labels/train/RECHERCHE-011_x049152_y038400.txt
RECHERCHE-011_x050688_y038400,RECHERCHE-011,train,fold_2,50688,38400,2048,1024,True,2,1.0,yolo/images/train/RECHERCHE-011_x050688_y038400.jpg,segmentation/masks/train/RECHERCHE-011_x050688_y038400.png,yolo/labels/train/RECHERCHE-011_x050688_y038400.txt
RECHERCHE-011_x052224_y038400,RECHERCHE-011,train,fold_2,52224,38400,2048,1024,True,2,1.0,yolo/images/train/RECHERCHE-011_x052224_y038400.jpg,segmentation/masks/train/RECHERCHE-011_x052224_y038400.png,yolo/labels/train/RECHERCHE-011_x052224_y038400.txt
RECHERCHE-011_x053760_y038400,RECHERCHE-011,train,fold_2,53760,38400,2048,1024,True,1,1.0,yolo/images/train/RECHERCHE-011_x053760_y038400.jpg,segmentation/masks/train/RECHERCHE-011_x053760_y038400.png,yolo/labels/train/RECHERCHE-011_x053760_y038400.txt
RECHERCHE-011_x061440_y038400,RECHERCHE-011,train,fold_2,61440,38400,2048,1024,True,1,0.2007,yolo/images/train/RECHERCHE-011_x061440_y038400.jpg,segmentation/masks/train/RECHERCHE-011_x061440_y038400.png,yolo/labels/train/RECHERCHE-011_x061440_y038400.txt
RECHERCHE-011_x039936_y039936,RECHERCHE-011,train,fold_2,39936,39936,2048,1024,True,1,0.1799,yolo/images/train/RECHERCHE-011_x039936_y039936.jpg,segmentation/masks/train/RECHERCHE-011_x039936_y039936.png,yolo/labels/train/RECHERCHE-011_x039936_y039936.txt
RECHERCHE-011_x044544_y039936,RECHERCHE-011,train,fold_2,44544,39936,2048,1024,True,3,0.3668,yolo/images/train/RECHERCHE-011_x044544_y039936.jpg,segmentation/masks/train/RECHERCHE-011_x044544_y039936.png,yolo/labels/train/RECHERCHE-011_x044544_y039936.txt
RECHERCHE-011_x046080_y039936,RECHERCHE-011,train,fold_2,46080,39936,2048,1024,True,2,0.4567,yolo/images/train/RECHERCHE-011_x046080_y039936.jpg,segmentation/masks/train/RECHERCHE-011_x046080_y039936.png,yolo/labels/train/RECHERCHE-011_x046080_y039936.txt
RECHERCHE-011_x047616_y039936,RECHERCHE-011,train,fold_2,47616,39936,2048,1024,True,1,0.5121,yolo/images/train/RECHERCHE-011_x047616_y039936.jpg,segmentation/masks/train/RECHERCHE-011_x047616_y039936.png,yolo/labels/train/RECHERCHE-011_x047616_y039936.txt
RECHERCHE-011_x050688_y039936,RECHERCHE-011,train,fold_2,50688,39936,2048,1024,True,1,0.8304,yolo/images/train/RECHERCHE-011_x050688_y039936.jpg,segmentation/masks/train/RECHERCHE-011_x050688_y039936.png,yolo/labels/train/RECHERCHE-011_x050688_y039936.txt
RECHERCHE-011_x052224_y039936,RECHERCHE-011,train,fold_2,52224,39936,2048,1024,True,2,0.8566,yolo/images/train/RECHERCHE-011_x052224_y039936.jpg,segmentation/masks/train/RECHERCHE-011_x052224_y039936.png,yolo/labels/train/RECHERCHE-011_x052224_y039936.txt
RECHERCHE-011_x053760_y039936,RECHERCHE-011,train,fold_2,53760,39936,2048,1024,True,1,0.8789,yolo/images/train/RECHERCHE-011_x053760_y039936.jpg,segmentation/masks/train/RECHERCHE-011_x053760_y039936.png,yolo/labels/train/RECHERCHE-011_x053760_y039936.txt
RECHERCHE-011_x095232_y039936,RECHERCHE-011,train,fold_2,95232,39936,2048,1024,True,1,0.1799,yolo/images/train/RECHERCHE-011_x095232_y039936.jpg,segmentation/masks/train/RECHERCHE-011_x095232_y039936.png,yolo/labels/train/RECHERCHE-011_x095232_y039936.txt
RECHERCHE-011_x096768_y039936,RECHERCHE-011,train,fold_2,96768,39936,2048,1024,True,1,0.2491,yolo/images/train/RECHERCHE-011_x096768_y039936.jpg,segmentation/masks/train/RECHERCHE-011_x096768_y039936.png,yolo/labels/train/RECHERCHE-011_x096768_y039936.txt
RECHERCHE-011_x098304_y039936,RECHERCHE-011,train,fold_2,98304,39936,2048,1024,True,1,0.4291,yolo/images/train/RECHERCHE-011_x098304_y039936.jpg,segmentation/masks/train/RECHERCHE-011_x098304_y039936.png,yolo/labels/train/RECHERCHE-011_x098304_y039936.txt
RECHERCHE-011_x102912_y039936,RECHERCHE-011,train,fold_2,102912,39936,2048,1024,True,1,0.699,yolo/images/train/RECHERCHE-011_x102912_y039936.jpg,segmentation/masks/train/RECHERCHE-011_x102912_y039936.png,yolo/labels/train/RECHERCHE-011_x102912_y039936.txt
RECHERCHE-011_x105984_y039936,RECHERCHE-011,train,fold_2,105984,39936,2048,1024,True,1,0.9792,yolo/images/train/RECHERCHE-011_x105984_y039936.jpg,segmentation/masks/train/RECHERCHE-011_x105984_y039936.png,yolo/labels/train/RECHERCHE-011_x105984_y039936.txt
RECHERCHE-011_x095232_y041472,RECHERCHE-011,train,fold_2,95232,41472,2048,1024,True,1,0.8443,yolo/images/train/RECHERCHE-011_x095232_y041472.jpg,segmentation/masks/train/RECHERCHE-011_x095232_y041472.png,yolo/labels/train/RECHERCHE-011_x095232_y041472.txt
RECHERCHE-011_x096768_y041472,RECHERCHE-011,train,fold_2,96768,41472,2048,1024,True,2,0.9481,yolo/images/train/RECHERCHE-011_x096768_y041472.jpg,segmentation/masks/train/RECHERCHE-011_x096768_y041472.png,yolo/labels/train/RECHERCHE-011_x096768_y041472.txt
RECHERCHE-011_x098304_y041472,RECHERCHE-011,train,fold_2,98304,41472,2048,1024,True,3,1.0,yolo/images/train/RECHERCHE-011_x098304_y041472.jpg,segmentation/masks/train/RECHERCHE-011_x098304_y041472.png,yolo/labels/train/RECHERCHE-011_x098304_y041472.txt
RECHERCHE-011_x099840_y041472,RECHERCHE-011,train,fold_2,99840,41472,2048,1024,True,2,1.0,yolo/images/train/RECHERCHE-011_x099840_y041472.jpg,segmentation/masks/train/RECHERCHE-011_x099840_y041472.png,yolo/labels/train/RECHERCHE-011_x099840_y041472.txt
RECHERCHE-011_x101376_y041472,RECHERCHE-011,train,fold_2,101376,41472,2048,1024,True,2,1.0,yolo/images/train/RECHERCHE-011_x101376_y041472.jpg,segmentation/masks/train/RECHERCHE-011_x101376_y041472.png,yolo/labels/train/RECHERCHE-011_x101376_y041472.txt
RECHERCHE-011_x102912_y041472,RECHERCHE-011,train,fold_2,102912,41472,2048,1024,True,2,1.0,yolo/images/train/RECHERCHE-011_x102912_y041472.jpg,segmentation/masks/train/RECHERCHE-011_x102912_y041472.png,yolo/labels/train/RECHERCHE-011_x102912_y041472.txt
RECHERCHE-011_x104448_y041472,RECHERCHE-011,train,fold_2,104448,41472,2048,1024,True,1,1.0,yolo/images/train/RECHERCHE-011_x104448_y041472.jpg,segmentation/masks/train/RECHERCHE-011_x104448_y041472.png,yolo/labels/train/RECHERCHE-011_x104448_y041472.txt
RECHERCHE-011_x105984_y041472,RECHERCHE-011,train,fold_2,105984,41472,2048,1024,True,2,1.0,yolo/images/train/RECHERCHE-011_x105984_y041472.jpg,segmentation/masks/train/RECHERCHE-011_x105984_y041472.png,yolo/labels/train/RECHERCHE-011_x105984_y041472.txt
RECHERCHE-011_x107520_y041472,RECHERCHE-011,train,fold_2,107520,41472,2048,1024,True,1,0.872,yolo/images/train/RECHERCHE-011_x107520_y041472.jpg,segmentation/masks/train/RECHERCHE-011_x107520_y041472.png,yolo/labels/train/RECHERCHE-011_x107520_y041472.txt
RECHERCHE-011_x096768_y043008,RECHERCHE-011,train,fold_2,96768,43008,2048,1024,True,5,1.0,yolo/images/train/RECHERCHE-011_x096768_y043008.jpg,segmentation/masks/train/RECHERCHE-011_x096768_y043008.png,yolo/labels/train/RECHERCHE-011_x096768_y043008.txt
RECHERCHE-011_x098304_y043008,RECHERCHE-011,train,fold_2,98304,43008,2048,1024,True,7,1.0,yolo/images/train/RECHERCHE-011_x098304_y043008.jpg,segmentation/masks/train/RECHERCHE-011_x098304_y043008.png,yolo/labels/train/RECHERCHE-011_x098304_y043008.txt
RECHERCHE-011_x099840_y043008,RECHERCHE-011,train,fold_2,99840,43008,2048,1024,True,4,0.9689,yolo/images/train/RECHERCHE-011_x099840_y043008.jpg,segmentation/masks/train/RECHERCHE-011_x099840_y043008.png,yolo/labels/train/RECHERCHE-011_x099840_y043008.txt
RECHERCHE-011_x101376_y043008,RECHERCHE-011,train,fold_2,101376,43008,2048,1024,True,2,0.782,yolo/images/train/RECHERCHE-011_x101376_y043008.jpg,segmentation/masks/train/RECHERCHE-011_x101376_y043008.png,yolo/labels/train/RECHERCHE-011_x101376_y043008.txt
RECHERCHE-011_x093696_y044544,RECHERCHE-011,train,fold_2,93696,44544,2048,1024,True,2,0.4706,yolo/images/train/RECHERCHE-011_x093696_y044544.jpg,segmentation/masks/train/RECHERCHE-011_x093696_y044544.png,yolo/labels/train/RECHERCHE-011_x093696_y044544.txt
RECHERCHE-011_x095232_y044544,RECHERCHE-011,train,fold_2,95232,44544,2048,1024,True,2,0.8754,yolo/images/train/RECHERCHE-011_x095232_y044544.jpg,segmentation/masks/train/RECHERCHE-011_x095232_y044544.png,yolo/labels/train/RECHERCHE-011_x095232_y044544.txt
RECHERCHE-011_x098304_y044544,RECHERCHE-011,train,fold_2,98304,44544,2048,1024,True,3,0.3322,yolo/images/train/RECHERCHE-011_x098304_y044544.jpg,segmentation/masks/train/RECHERCHE-011_x098304_y044544.png,yolo/labels/train/RECHERCHE-011_x098304_y044544.txt
RECHERCHE-011_x099840_y044544,RECHERCHE-011,train,fold_2,99840,44544,2048,1024,True,1,0.2388,yolo/images/train/RECHERCHE-011_x099840_y044544.jpg,segmentation/masks/train/RECHERCHE-011_x099840_y044544.png,yolo/labels/train/RECHERCHE-011_x099840_y044544.txt
RECHERCHE-011_x029184_y001536,RECHERCHE-011,train,fold_2,29184,1536,2048,1024,False,0,0.1834,yolo/images/train/RECHERCHE-011_x029184_y001536.jpg,segmentation/masks/train/RECHERCHE-011_x029184_y001536.png,yolo/labels/train/RECHERCHE-011_x029184_y001536.txt
RECHERCHE-011_x030720_y001536,RECHERCHE-011,train,fold_2,30720,1536,2048,1024,False,0,0.4256,yolo/images/train/RECHERCHE-011_x030720_y001536.jpg,segmentation/masks/train/RECHERCHE-011_x030720_y001536.png,yolo/labels/train/RECHERCHE-011_x030720_y001536.txt
RECHERCHE-011_x027648_y003072,RECHERCHE-011,train,fold_2,27648,3072,2048,1024,False,0,0.3564,yolo/images/train/RECHERCHE-011_x027648_y003072.jpg,segmentation/masks/train/RECHERCHE-011_x027648_y003072.png,yolo/labels/train/RECHERCHE-011_x027648_y003072.txt
RECHERCHE-011_x032256_y003072,RECHERCHE-011,train,fold_2,32256,3072,2048,1024,False,0,0.481,yolo/images/train/RECHERCHE-011_x032256_y003072.jpg,segmentation/masks/train/RECHERCHE-011_x032256_y003072.png,yolo/labels/train/RECHERCHE-011_x032256_y003072.txt
RECHERCHE-011_x027648_y004608,RECHERCHE-011,train,fold_2,27648,4608,2048,1024,False,0,0.9931,yolo/images/train/RECHERCHE-011_x027648_y004608.jpg,segmentation/masks/train/RECHERCHE-011_x027648_y004608.png,yolo/labels/train/RECHERCHE-011_x027648_y004608.txt
RECHERCHE-011_x029184_y004608,RECHERCHE-011,train,fold_2,29184,4608,2048,1024,False,0,1.0,yolo/images/train/RECHERCHE-011_x029184_y004608.jpg,segmentation/masks/train/RECHERCHE-011_x029184_y004608.png,yolo/labels/train/RECHERCHE-011_x029184_y004608.txt
RECHERCHE-011_x030720_y004608,RECHERCHE-011,train,fold_2,30720,4608,2048,1024,False,0,0.9862,yolo/images/train/RECHERCHE-011_x030720_y004608.jpg,segmentation/masks/train/RECHERCHE-011_x030720_y004608.png,yolo/labels/train/RECHERCHE-011_x030720_y004608.txt
RECHERCHE-011_x032256_y004608,RECHERCHE-011,train,fold_2,32256,4608,2048,1024,False,0,0.3841,yolo/images/train/RECHERCHE-011_x032256_y004608.jpg,segmentation/masks/train/RECHERCHE-011_x032256_y004608.png,yolo/labels/train/RECHERCHE-011_x032256_y004608.txt
RECHERCHE-011_x029184_y006144,RECHERCHE-011,train,fold_2,29184,6144,2048,1024,False,0,1.0,yolo/images/train/RECHERCHE-011_x029184_y006144.jpg,segmentation/masks/train/RECHERCHE-011_x029184_y006144.png,yolo/labels/train/RECHERCHE-011_x029184_y006144.txt
RECHERCHE-011_x030720_y006144,RECHERCHE-011,train,fold_2,30720,6144,2048,1024,False,0,0.6747,yolo/images/train/RECHERCHE-011_x030720_y006144.jpg,segmentation/masks/train/RECHERCHE-011_x030720_y006144.png,yolo/labels/train/RECHERCHE-011_x030720_y006144.txt
RECHERCHE-011_x003072_y007680,RECHERCHE-011,train,fold_2,3072,7680,2048,1024,False,0,0.4118,yolo/images/train/RECHERCHE-011_x003072_y007680.jpg,segmentation/masks/train/RECHERCHE-011_x003072_y007680.png,yolo/labels/train/RECHERCHE-011_x003072_y007680.txt
RECHERCHE-011_x009216_y007680,RECHERCHE-011,train,fold_2,9216,7680,2048,1024,False,0,0.3495,yolo/images/train/RECHERCHE-011_x009216_y007680.jpg,segmentation/masks/train/RECHERCHE-011_x009216_y007680.png,yolo/labels/train/RECHERCHE-011_x009216_y007680.txt
RECHERCHE-011_x023040_y007680,RECHERCHE-011,train,fold_2,23040,7680,2048,1024,False,0,0.8581,yolo/images/train/RECHERCHE-011_x023040_y007680.jpg,segmentation/masks/train/RECHERCHE-011_x023040_y007680.png,yolo/labels/train/RECHERCHE-011_x023040_y007680.txt
RECHERCHE-011_x026112_y007680,RECHERCHE-011,train,fold_2,26112,7680,2048,1024,False,0,1.0,yolo/images/train/RECHERCHE-011_x026112_y007680.jpg,segmentation/masks/train/RECHERCHE-011_x026112_y007680.png,yolo/labels/train/RECHERCHE-011_x026112_y007680.txt
RECHERCHE-011_x029184_y007680,RECHERCHE-011,train,fold_2,29184,7680,2048,1024,False,0,0.5709,yolo/images/train/RECHERCHE-011_x029184_y007680.jpg,segmentation/masks/train/RECHERCHE-011_x029184_y007680.png,yolo/labels/train/RECHERCHE-011_x029184_y007680.txt
RECHERCHE-011_x001536_y009216,RECHERCHE-011,train,fold_2,1536,9216,2048,1024,False,0,0.2042,yolo/images/train/RECHERCHE-011_x001536_y009216.jpg,segmentation/masks/train/RECHERCHE-011_x001536_y009216.png,yolo/labels/train/RECHERCHE-011_x001536_y009216.txt
RECHERCHE-011_x003072_y009216,RECHERCHE-011,train,fold_2,3072,9216,2048,1024,False,0,0.9689,yolo/images/train/RECHERCHE-011_x003072_y009216.jpg,segmentation/masks/train/RECHERCHE-011_x003072_y009216.png,yolo/labels/train/RECHERCHE-011_x003072_y009216.txt
RECHERCHE-011_x013824_y009216,RECHERCHE-011,train,fold_2,13824,9216,2048,1024,False,0,0.4671,yolo/images/train/RECHERCHE-011_x013824_y009216.jpg,segmentation/masks/train/RECHERCHE-011_x013824_y009216.png,yolo/labels/train/RECHERCHE-011_x013824_y009216.txt
RECHERCHE-011_x015360_y009216,RECHERCHE-011,train,fold_2,15360,9216,2048,1024,False,0,0.4048,yolo/images/train/RECHERCHE-011_x015360_y009216.jpg,segmentation/masks/train/RECHERCHE-011_x015360_y009216.png,yolo/labels/train/RECHERCHE-011_x015360_y009216.txt
RECHERCHE-011_x016896_y009216,RECHERCHE-011,train,fold_2,16896,9216,2048,1024,False,0,0.5467,yolo/images/train/RECHERCHE-011_x016896_y009216.jpg,segmentation/masks/train/RECHERCHE-011_x016896_y009216.png,yolo/labels/train/RECHERCHE-011_x016896_y009216.txt
RECHERCHE-011_x021504_y009216,RECHERCHE-011,train,fold_2,21504,9216,2048,1024,False,0,1.0,yolo/images/train/RECHERCHE-011_x021504_y009216.jpg,segmentation/masks/train/RECHERCHE-011_x021504_y009216.png,yolo/labels/train/RECHERCHE-011_x021504_y009216.txt
RECHERCHE-011_x026112_y009216,RECHERCHE-011,train,fold_2,26112,9216,2048,1024,False,0,0.5917,yolo/images/train/RECHERCHE-011_x026112_y009216.jpg,segmentation/masks/train/RECHERCHE-011_x026112_y009216.png,yolo/labels/train/RECHERCHE-011_x026112_y009216.txt
RECHERCHE-011_x027648_y009216,RECHERCHE-011,train,fold_2,27648,9216,2048,1024,False,0,0.2457,yolo/images/train/RECHERCHE-011_x027648_y009216.jpg,segmentation/masks/train/RECHERCHE-011_x027648_y009216.png,yolo/labels/train/RECHERCHE-011_x027648_y009216.txt
RECHERCHE-011_x016896_y010752,RECHERCHE-011,train,fold_2,16896,10752,2048,1024,False,0,1.0,yolo/images/train/RECHERCHE-011_x016896_y010752.jpg,segmentation/masks/train/RECHERCHE-011_x016896_y010752.png,yolo/labels/train/RECHERCHE-011_x016896_y010752.txt
RECHERCHE-011_x018432_y010752,RECHERCHE-011,train,fold_2,18432,10752,2048,1024,False,0,1.0,yolo/images/train/RECHERCHE-011_x018432_y010752.jpg,segmentation/masks/train/RECHERCHE-011_x018432_y010752.png,yolo/labels/train/RECHERCHE-011_x018432_y010752.txt
RECHERCHE-011_x019968_y010752,RECHERCHE-011,train,fold_2,19968,10752,2048,1024,False,0,1.0,yolo/images/train/RECHERCHE-011_x019968_y010752.jpg,segmentation/masks/train/RECHERCHE-011_x019968_y010752.png,yolo/labels/train/RECHERCHE-011_x019968_y010752.txt
RECHERCHE-011_x021504_y010752,RECHERCHE-011,train,fold_2,21504,10752,2048,1024,False,0,0.9481,yolo/images/train/RECHERCHE-011_x021504_y010752.jpg,segmentation/masks/train/RECHERCHE-011_x021504_y010752.png,yolo/labels/train/RECHERCHE-011_x021504_y010752.txt
RECHERCHE-011_x004608_y012288,RECHERCHE-011,train,fold_2,4608,12288,2048,1024,False,0,0.1696,yolo/images/train/RECHERCHE-011_x004608_y012288.jpg,segmentation/masks/train/RECHERCHE-011_x004608_y012288.png,yolo/labels/train/RECHERCHE-011_x004608_y012288.txt
RECHERCHE-011_x010752_y012288,RECHERCHE-011,train,fold_2,10752,12288,2048,1024,False,0,0.7716,yolo/images/train/RECHERCHE-011_x010752_y012288.jpg,segmentation/masks/train/RECHERCHE-011_x010752_y012288.png,yolo/labels/train/RECHERCHE-011_x010752_y012288.txt
RECHERCHE-011_x012288_y012288,RECHERCHE-011,train,fold_2,12288,12288,2048,1024,False,0,0.9308,yolo/images/train/RECHERCHE-011_x012288_y012288.jpg,segmentation/masks/train/RECHERCHE-011_x012288_y012288.png,yolo/labels/train/RECHERCHE-011_x012288_y012288.txt
RECHERCHE-011_x016896_y012288,RECHERCHE-011,train,fold_2,16896,12288,2048,1024,False,0,0.9412,yolo/images/train/RECHERCHE-011_x016896_y012288.jpg,segmentation/masks/train/RECHERCHE-011_x016896_y012288.png,yolo/labels/train/RECHERCHE-011_x016896_y012288.txt
RECHERCHE-011_x018432_y012288,RECHERCHE-011,train,fold_2,18432,12288,2048,1024,False,0,0.7578,yolo/images/train/RECHERCHE-011_x018432_y012288.jpg,segmentation/masks/train/RECHERCHE-011_x018432_y012288.png,yolo/labels/train/RECHERCHE-011_x018432_y012288.txt
RECHERCHE-011_x019968_y012288,RECHERCHE-011,train,fold_2,19968,12288,2048,1024,False,0,0.6955,yolo/images/train/RECHERCHE-011_x019968_y012288.jpg,segmentation/masks/train/RECHERCHE-011_x019968_y012288.png,yolo/labels/train/RECHERCHE-011_x019968_y012288.txt
RECHERCHE-011_x021504_y012288,RECHERCHE-011,train,fold_2,21504,12288,2048,1024,False,0,0.3149,yolo/images/train/RECHERCHE-011_x021504_y012288.jpg,segmentation/masks/train/RECHERCHE-011_x021504_y012288.png,yolo/labels/train/RECHERCHE-011_x021504_y012288.txt
RECHERCHE-011_x012288_y013824,RECHERCHE-011,train,fold_2,12288,13824,2048,1024,False,0,0.1661,yolo/images/train/RECHERCHE-011_x012288_y013824.jpg,segmentation/masks/train/RECHERCHE-011_x012288_y013824.png,yolo/labels/train/RECHERCHE-011_x012288_y013824.txt
RECHERCHE-011_x013824_y013824,RECHERCHE-011,train,fold_2,13824,13824,2048,1024,False,0,0.2145,yolo/images/train/RECHERCHE-011_x013824_y013824.jpg,segmentation/masks/train/RECHERCHE-011_x013824_y013824.png,yolo/labels/train/RECHERCHE-011_x013824_y013824.txt
RECHERCHE-011_x015360_y013824,RECHERCHE-011,train,fold_2,15360,13824,2048,1024,False,0,0.2872,yolo/images/train/RECHERCHE-011_x015360_y013824.jpg,segmentation/masks/train/RECHERCHE-011_x015360_y013824.png,yolo/labels/train/RECHERCHE-011_x015360_y013824.txt
RECHERCHE-011_x016896_y013824,RECHERCHE-011,train,fold_2,16896,13824,2048,1024,False,0,0.2111,yolo/images/train/RECHERCHE-011_x016896_y013824.jpg,segmentation/masks/train/RECHERCHE-011_x016896_y013824.png,yolo/labels/train/RECHERCHE-011_x016896_y013824.txt
RECHERCHE-011_x118272_y026112,RECHERCHE-011,train,fold_2,118272,26112,2048,1024,False,0,0.474,yolo/images/train/RECHERCHE-011_x118272_y026112.jpg,segmentation/masks/train/RECHERCHE-011_x118272_y026112.png,yolo/labels/train/RECHERCHE-011_x118272_y026112.txt
RECHERCHE-011_x067584_y027648,RECHERCHE-011,train,fold_2,67584,27648,2048,1024,False,0,0.2284,yolo/images/train/RECHERCHE-011_x067584_y027648.jpg,segmentation/masks/train/RECHERCHE-011_x067584_y027648.png,yolo/labels/train/RECHERCHE-011_x067584_y027648.txt
RECHERCHE-011_x115200_y027648,RECHERCHE-011,train,fold_2,115200,27648,2048,1024,False,0,0.4048,yolo/images/train/RECHERCHE-011_x115200_y027648.jpg,segmentation/masks/train/RECHERCHE-011_x115200_y027648.png,yolo/labels/train/RECHERCHE-011_x115200_y027648.txt
RECHERCHE-011_x119808_y027648,RECHERCHE-011,train,fold_2,119808,27648,2048,1024,False,0,0.173,yolo/images/train/RECHERCHE-011_x119808_y027648.jpg,segmentation/masks/train/RECHERCHE-011_x119808_y027648.png,yolo/labels/train/RECHERCHE-011_x119808_y027648.txt
RECHERCHE-011_x066048_y029184,RECHERCHE-011,train,fold_2,66048,29184,2048,1024,False,0,0.4325,yolo/images/train/RECHERCHE-011_x066048_y029184.jpg,segmentation/masks/train/RECHERCHE-011_x066048_y029184.png,yolo/labels/train/RECHERCHE-011_x066048_y029184.txt
RECHERCHE-011_x069120_y029184,RECHERCHE-011,train,fold_2,69120,29184,2048,1024,False,0,0.6817,yolo/images/train/RECHERCHE-011_x069120_y029184.jpg,segmentation/masks/train/RECHERCHE-011_x069120_y029184.png,yolo/labels/train/RECHERCHE-011_x069120_y029184.txt
RECHERCHE-011_x113664_y029184,RECHERCHE-011,train,fold_2,113664,29184,2048,1024,False,0,0.2907,yolo/images/train/RECHERCHE-011_x113664_y029184.jpg,segmentation/masks/train/RECHERCHE-011_x113664_y029184.png,yolo/labels/train/RECHERCHE-011_x113664_y029184.txt
RECHERCHE-011_x115200_y029184,RECHERCHE-011,train,fold_2,115200,29184,2048,1024,False,0,0.9031,yolo/images/train/RECHERCHE-011_x115200_y029184.jpg,segmentation/masks/train/RECHERCHE-011_x115200_y029184.png,yolo/labels/train/RECHERCHE-011_x115200_y029184.txt
RECHERCHE-011_x116736_y029184,RECHERCHE-011,train,fold_2,116736,29184,2048,1024,False,0,1.0,yolo/images/train/RECHERCHE-011_x116736_y029184.jpg,segmentation/masks/train/RECHERCHE-011_x116736_y029184.png,yolo/labels/train/RECHERCHE-011_x116736_y029184.txt
RECHERCHE-011_x118272_y029184,RECHERCHE-011,train,fold_2,118272,29184,2048,1024,False,0,0.827,yolo/images/train/RECHERCHE-011_x118272_y029184.jpg,segmentation/masks/train/RECHERCHE-011_x118272_y029184.png,yolo/labels/train/RECHERCHE-011_x118272_y029184.txt
RECHERCHE-011_x064512_y030720,RECHERCHE-011,train,fold_2,64512,30720,2048,1024,False,0,0.609,yolo/images/train/RECHERCHE-011_x064512_y030720.jpg,segmentation/masks/train/RECHERCHE-011_x064512_y030720.png,yolo/labels/train/RECHERCHE-011_x064512_y030720.txt
RECHERCHE-011_x066048_y030720,RECHERCHE-011,train,fold_2,66048,30720,2048,1024,False,0,0.9273,yolo/images/train/RECHERCHE-011_x066048_y030720.jpg,segmentation/masks/train/RECHERCHE-011_x066048_y030720.png,yolo/labels/train/RECHERCHE-011_x066048_y030720.txt
RECHERCHE-011_x069120_y030720,RECHERCHE-011,train,fold_2,69120,30720,2048,1024,False,0,0.7336,yolo/images/train/RECHERCHE-011_x069120_y030720.jpg,segmentation/masks/train/RECHERCHE-011_x069120_y030720.png,yolo/labels/train/RECHERCHE-011_x069120_y030720.txt
RECHERCHE-011_x118272_y030720,RECHERCHE-011,train,fold_2,118272,30720,2048,1024,False,0,0.5121,yolo/images/train/RECHERCHE-011_x118272_y030720.jpg,segmentation/masks/train/RECHERCHE-011_x118272_y030720.png,yolo/labels/train/RECHERCHE-011_x118272_y030720.txt
RECHERCHE-011_x064512_y032256,RECHERCHE-011,train,fold_2,64512,32256,2048,1024,False,0,1.0,yolo/images/train/RECHERCHE-011_x064512_y032256.jpg,segmentation/masks/train/RECHERCHE-011_x064512_y032256.png,yolo/labels/train/RECHERCHE-011_x064512_y032256.txt
RECHERCHE-011_x066048_y032256,RECHERCHE-011,train,fold_2,66048,32256,2048,1024,False,0,1.0,yolo/images/train/RECHERCHE-011_x066048_y032256.jpg,segmentation/masks/train/RECHERCHE-011_x066048_y032256.png,yolo/labels/train/RECHERCHE-011_x066048_y032256.txt
RECHERCHE-011_x067584_y032256,RECHERCHE-011,train,fold_2,67584,32256,2048,1024,False,0,0.9516,yolo/images/train/RECHERCHE-011_x067584_y032256.jpg,segmentation/masks/train/RECHERCHE-011_x067584_y032256.png,yolo/labels/train/RECHERCHE-011_x067584_y032256.txt
RECHERCHE-011_x069120_y032256,RECHERCHE-011,train,fold_2,69120,32256,2048,1024,False,0,0.3495,yolo/images/train/RECHERCHE-011_x069120_y032256.jpg,segmentation/masks/train/RECHERCHE-011_x069120_y032256.png,yolo/labels/train/RECHERCHE-011_x069120_y032256.txt
RECHERCHE-011_x059904_y033792,RECHERCHE-011,train,fold_2,59904,33792,2048,1024,False,0,0.263,yolo/images/train/RECHERCHE-011_x059904_y033792.jpg,segmentation/masks/train/RECHERCHE-011_x059904_y033792.png,yolo/labels/train/RECHERCHE-011_x059904_y033792.txt
RECHERCHE-011_x067584_y033792,RECHERCHE-011,train,fold_2,67584,33792,2048,1024,False,0,0.4152,yolo/images/train/RECHERCHE-011_x067584_y033792.jpg,segmentation/masks/train/RECHERCHE-011_x067584_y033792.png,yolo/labels/train/RECHERCHE-011_x067584_y033792.txt
RECHERCHE-011_x115200_y033792,RECHERCHE-011,train,fold_2,115200,33792,2048,1024,False,0,0.8443,yolo/images/train/RECHERCHE-011_x115200_y033792.jpg,segmentation/masks/train/RECHERCHE-011_x115200_y033792.png,yolo/labels/train/RECHERCHE-011_x115200_y033792.txt
RECHERCHE-011_x116736_y033792,RECHERCHE-011,train,fold_2,116736,33792,2048,1024,False,0,0.218,yolo/images/train/RECHERCHE-011_x116736_y033792.jpg,segmentation/masks/train/RECHERCHE-011_x116736_y033792.png,yolo/labels/train/RECHERCHE-011_x116736_y033792.txt
RECHERCHE-011_x039936_y035328,RECHERCHE-011,train,fold_2,39936,35328,2048,1024,False,0,0.2076,yolo/images/train/RECHERCHE-011_x039936_y035328.jpg,segmentation/masks/train/RECHERCHE-011_x039936_y035328.png,yolo/labels/train/RECHERCHE-011_x039936_y035328.txt
RECHERCHE-011_x041472_y035328,RECHERCHE-011,train,fold_2,41472,35328,2048,1024,False,0,0.5675,yolo/images/train/RECHERCHE-011_x041472_y035328.jpg,segmentation/masks/train/RECHERCHE-011_x041472_y035328.png,yolo/labels/train/RECHERCHE-011_x041472_y035328.txt
RECHERCHE-011_x059904_y035328,RECHERCHE-011,train,fold_2,59904,35328,2048,1024,False,0,0.9135,yolo/images/train/RECHERCHE-011_x059904_y035328.jpg,segmentation/masks/train/RECHERCHE-011_x059904_y035328.png,yolo/labels/train/RECHERCHE-011_x059904_y035328.txt
RECHERCHE-011_x061440_y035328,RECHERCHE-011,train,fold_2,61440,35328,2048,1024,False,0,1.0,yolo/images/train/RECHERCHE-011_x061440_y035328.jpg,segmentation/masks/train/RECHERCHE-011_x061440_y035328.png,yolo/labels/train/RECHERCHE-011_x061440_y035328.txt
RECHERCHE-011_x062976_y035328,RECHERCHE-011,train,fold_2,62976,35328,2048,1024,False,0,0.9965,yolo/images/train/RECHERCHE-011_x062976_y035328.jpg,segmentation/masks/train/RECHERCHE-011_x062976_y035328.png,yolo/labels/train/RECHERCHE-011_x062976_y035328.txt
RECHERCHE-011_x115200_y035328,RECHERCHE-011,train,fold_2,115200,35328,2048,1024,False,0,0.2664,yolo/images/train/RECHERCHE-011_x115200_y035328.jpg,segmentation/masks/train/RECHERCHE-011_x115200_y035328.png,yolo/labels/train/RECHERCHE-011_x115200_y035328.txt
RECHERCHE-011_x039936_y036864,RECHERCHE-011,train,fold_2,39936,36864,2048,1024,False,0,0.6401,yolo/images/train/RECHERCHE-011_x039936_y036864.jpg,segmentation/masks/train/RECHERCHE-011_x039936_y036864.png,yolo/labels/train/RECHERCHE-011_x039936_y036864.txt
RECHERCHE-011_x041472_y036864,RECHERCHE-011,train,fold_2,41472,36864,2048,1024,False,0,1.0,yolo/images/train/RECHERCHE-011_x041472_y036864.jpg,segmentation/masks/train/RECHERCHE-011_x041472_y036864.png,yolo/labels/train/RECHERCHE-011_x041472_y036864.txt
RECHERCHE-011_x052224_y036864,RECHERCHE-011,train,fold_2,52224,36864,2048,1024,False,0,0.4338,yolo/images/train/RECHERCHE-011_x052224_y036864.jpg,segmentation/masks/train/RECHERCHE-011_x052224_y036864.png,yolo/labels/train/RECHERCHE-011_x052224_y036864.txt
RECHERCHE-011_x053760_y036864,RECHERCHE-011,train,fold_2,53760,36864,2048,1024,False,0,0.5952,yolo/images/train/RECHERCHE-011_x053760_y036864.jpg,segmentation/masks/train/RECHERCHE-011_x053760_y036864.png,yolo/labels/train/RECHERCHE-011_x053760_y036864.txt
RECHERCHE-011_x055296_y036864,RECHERCHE-011,train,fold_2,55296,36864,2048,1024,False,0,0.7405,yolo/images/train/RECHERCHE-011_x055296_y036864.jpg,segmentation/masks/train/RECHERCHE-011_x055296_y036864.png,yolo/labels/train/RECHERCHE-011_x055296_y036864.txt
RECHERCHE-011_x062976_y036864,RECHERCHE-011,train,fold_2,62976,36864,2048,1024,False,0,0.391,yolo/images/train/RECHERCHE-011_x062976_y036864.jpg,segmentation/masks/train/RECHERCHE-011_x062976_y036864.png,yolo/labels/train/RECHERCHE-011_x062976_y036864.txt
RECHERCHE-011_x055296_y038400,RECHERCHE-011,train,fold_2,55296,38400,2048,1024,False,0,1.0,yolo/images/train/RECHERCHE-011_x055296_y038400.jpg,segmentation/masks/train/RECHERCHE-011_x055296_y038400.png,yolo/labels/train/RECHERCHE-011_x055296_y038400.txt
RECHERCHE-011_x056832_y038400,RECHERCHE-011,train,fold_2,56832,38400,2048,1024,False,0,1.0,yolo/images/train/RECHERCHE-011_x056832_y038400.jpg,segmentation/masks/train/RECHERCHE-011_x056832_y038400.png,yolo/labels/train/RECHERCHE-011_x056832_y038400.txt
RECHERCHE-011_x058368_y038400,RECHERCHE-011,train,fold_2,58368,38400,2048,1024,False,0,0.9273,yolo/images/train/RECHERCHE-011_x058368_y038400.jpg,segmentation/masks/train/RECHERCHE-011_x058368_y038400.png,yolo/labels/train/RECHERCHE-011_x058368_y038400.txt
RECHERCHE-011_x105984_y038400,RECHERCHE-011,train,fold_2,105984,38400,2048,1024,False,0,0.4083,yolo/images/train/RECHERCHE-011_x105984_y038400.jpg,segmentation/masks/train/RECHERCHE-011_x105984_y038400.png,yolo/labels/train/RECHERCHE-011_x105984_y038400.txt
RECHERCHE-011_x107520_y038400,RECHERCHE-011,train,fold_2,107520,38400,2048,1024,False,0,0.8616,yolo/images/train/RECHERCHE-011_x107520_y038400.jpg,segmentation/masks/train/RECHERCHE-011_x107520_y038400.png,yolo/labels/train/RECHERCHE-011_x107520_y038400.txt
RECHERCHE-011_x109056_y038400,RECHERCHE-011,train,fold_2,109056,38400,2048,1024,False,0,0.9862,yolo/images/train/RECHERCHE-011_x109056_y038400.jpg,segmentation/masks/train/RECHERCHE-011_x109056_y038400.png,yolo/labels/train/RECHERCHE-011_x109056_y038400.txt
RECHERCHE-011_x110592_y038400,RECHERCHE-011,train,fold_2,110592,38400,2048,1024,False,0,1.0,yolo/images/train/RECHERCHE-011_x110592_y038400.jpg,segmentation/masks/train/RECHERCHE-011_x110592_y038400.png,yolo/labels/train/RECHERCHE-011_x110592_y038400.txt
RECHERCHE-011_x112128_y038400,RECHERCHE-011,train,fold_2,112128,38400,2048,1024,False,0,0.5433,yolo/images/train/RECHERCHE-011_x112128_y038400.jpg,segmentation/masks/train/RECHERCHE-011_x112128_y038400.png,yolo/labels/train/RECHERCHE-011_x112128_y038400.txt
RECHERCHE-011_x049152_y039936,RECHERCHE-011,train,fold_2,49152,39936,2048,1024,False,0,0.782,yolo/images/train/RECHERCHE-011_x049152_y039936.jpg,segmentation/masks/train/RECHERCHE-011_x049152_y039936.png,yolo/labels/train/RECHERCHE-011_x049152_y039936.txt
RECHERCHE-011_x055296_y039936,RECHERCHE-011,train,fold_2,55296,39936,2048,1024,False,0,0.654,yolo/images/train/RECHERCHE-011_x055296_y039936.jpg,segmentation/masks/train/RECHERCHE-011_x055296_y039936.png,yolo/labels/train/RECHERCHE-011_x055296_y039936.txt
RECHERCHE-011_x056832_y039936,RECHERCHE-011,train,fold_2,56832,39936,2048,1024,False,0,0.4602,yolo/images/train/RECHERCHE-011_x056832_y039936.jpg,segmentation/masks/train/RECHERCHE-011_x056832_y039936.png,yolo/labels/train/RECHERCHE-011_x056832_y039936.txt
RECHERCHE-011_x058368_y039936,RECHERCHE-011,train,fold_2,58368,39936,2048,1024,False,0,0.263,yolo/images/train/RECHERCHE-011_x058368_y039936.jpg,segmentation/masks/train/RECHERCHE-011_x058368_y039936.png,yolo/labels/train/RECHERCHE-011_x058368_y039936.txt
RECHERCHE-011_x099840_y039936,RECHERCHE-011,train,fold_2,99840,39936,2048,1024,False,0,0.5156,yolo/images/train/RECHERCHE-011_x099840_y039936.jpg,segmentation/masks/train/RECHERCHE-011_x099840_y039936.png,yolo/labels/train/RECHERCHE-011_x099840_y039936.txt
RECHERCHE-011_x101376_y039936,RECHERCHE-011,train,fold_2,101376,39936,2048,1024,False,0,0.5917,yolo/images/train/RECHERCHE-011_x101376_y039936.jpg,segmentation/masks/train/RECHERCHE-011_x101376_y039936.png,yolo/labels/train/RECHERCHE-011_x101376_y039936.txt
RECHERCHE-011_x109056_y039936,RECHERCHE-011,train,fold_2,109056,39936,2048,1024,False,0,0.8754,yolo/images/train/RECHERCHE-011_x109056_y039936.jpg,segmentation/masks/train/RECHERCHE-011_x109056_y039936.png,yolo/labels/train/RECHERCHE-011_x109056_y039936.txt
RECHERCHE-011_x110592_y039936,RECHERCHE-011,train,fold_2,110592,39936,2048,1024,False,0,0.5363,yolo/images/train/RECHERCHE-011_x110592_y039936.jpg,segmentation/masks/train/RECHERCHE-011_x110592_y039936.png,yolo/labels/train/RECHERCHE-011_x110592_y039936.txt
RECHERCHE-011_x052224_y041472,RECHERCHE-011,train,fold_2,52224,41472,2048,1024,False,0,0.1507,yolo/images/train/RECHERCHE-011_x052224_y041472.jpg,segmentation/masks/train/RECHERCHE-011_x052224_y041472.png,yolo/labels/train/RECHERCHE-011_x052224_y041472.txt
RECHERCHE-011_x053760_y041472,RECHERCHE-011,train,fold_2,53760,41472,2048,1024,False,0,0.173,yolo/images/train/RECHERCHE-011_x053760_y041472.jpg,segmentation/masks/train/RECHERCHE-011_x053760_y041472.png,yolo/labels/train/RECHERCHE-011_x053760_y041472.txt
RECHERCHE-011_x109056_y041472,RECHERCHE-011,train,fold_2,109056,41472,2048,1024,False,0,0.3045,yolo/images/train/RECHERCHE-011_x109056_y041472.jpg,segmentation/masks/train/RECHERCHE-011_x109056_y041472.png,yolo/labels/train/RECHERCHE-011_x109056_y041472.txt
RECHERCHE-011_x093696_y043008,RECHERCHE-011,train,fold_2,93696,43008,2048,1024,False,0,0.4913,yolo/images/train/RECHERCHE-011_x093696_y043008.jpg,segmentation/masks/train/RECHERCHE-011_x093696_y043008.png,yolo/labels/train/RECHERCHE-011_x093696_y043008.txt
RECHERCHE-011_x095232_y043008,RECHERCHE-011,train,fold_2,95232,43008,2048,1024,False,0,1.0,yolo/images/train/RECHERCHE-011_x095232_y043008.jpg,segmentation/masks/train/RECHERCHE-011_x095232_y043008.png,yolo/labels/train/RECHERCHE-011_x095232_y043008.txt
RECHERCHE-011_x102912_y043008,RECHERCHE-011,train,fold_2,102912,43008,2048,1024,False,0,0.7716,yolo/images/train/RECHERCHE-011_x102912_y043008.jpg,segmentation/masks/train/RECHERCHE-011_x102912_y043008.png,yolo/labels/train/RECHERCHE-011_x102912_y043008.txt
RECHERCHE-015_x101376_y001536,RECHERCHE-015,test,fold_0,101376,1536,2048,1024,True,2,0.2078,yolo/images/test/RECHERCHE-015_x101376_y001536.jpg,segmentation/masks/test/RECHERCHE-015_x101376_y001536.png,yolo/labels/test/RECHERCHE-015_x101376_y001536.txt
RECHERCHE-015_x102912_y001536,RECHERCHE-015,test,fold_0,102912,1536,2048,1024,True,1,0.4895,yolo/images/test/RECHERCHE-015_x102912_y001536.jpg,segmentation/masks/test/RECHERCHE-015_x102912_y001536.png,yolo/labels/test/RECHERCHE-015_x102912_y001536.txt
RECHERCHE-015_x101376_y003072,RECHERCHE-015,test,fold_0,101376,3072,2048,1024,True,2,0.8227,yolo/images/test/RECHERCHE-015_x101376_y003072.jpg,segmentation/masks/test/RECHERCHE-015_x101376_y003072.png,yolo/labels/test/RECHERCHE-015_x101376_y003072.txt
RECHERCHE-015_x102912_y003072,RECHERCHE-015,test,fold_0,102912,3072,2048,1024,True,1,1.0,yolo/images/test/RECHERCHE-015_x102912_y003072.jpg,segmentation/masks/test/RECHERCHE-015_x102912_y003072.png,yolo/labels/test/RECHERCHE-015_x102912_y003072.txt
RECHERCHE-015_x098304_y004608,RECHERCHE-015,test,fold_0,98304,4608,2048,1024,True,1,0.4377,yolo/images/test/RECHERCHE-015_x098304_y004608.jpg,segmentation/masks/test/RECHERCHE-015_x098304_y004608.png,yolo/labels/test/RECHERCHE-015_x098304_y004608.txt
RECHERCHE-015_x095232_y006144,RECHERCHE-015,test,fold_0,95232,6144,2048,1024,True,1,0.2576,yolo/images/test/RECHERCHE-015_x095232_y006144.jpg,segmentation/masks/test/RECHERCHE-015_x095232_y006144.png,yolo/labels/test/RECHERCHE-015_x095232_y006144.txt
RECHERCHE-015_x098304_y006144,RECHERCHE-015,test,fold_0,98304,6144,2048,1024,True,1,0.9834,yolo/images/test/RECHERCHE-015_x098304_y006144.jpg,segmentation/masks/test/RECHERCHE-015_x098304_y006144.png,yolo/labels/test/RECHERCHE-015_x098304_y006144.txt
RECHERCHE-015_x093696_y007680,RECHERCHE-015,test,fold_0,93696,7680,2048,1024,True,1,0.169,yolo/images/test/RECHERCHE-015_x093696_y007680.jpg,segmentation/masks/test/RECHERCHE-015_x093696_y007680.png,yolo/labels/test/RECHERCHE-015_x093696_y007680.txt
RECHERCHE-015_x095232_y007680,RECHERCHE-015,test,fold_0,95232,7680,2048,1024,True,2,0.8781,yolo/images/test/RECHERCHE-015_x095232_y007680.jpg,segmentation/masks/test/RECHERCHE-015_x095232_y007680.png,yolo/labels/test/RECHERCHE-015_x095232_y007680.txt
RECHERCHE-015_x096768_y007680,RECHERCHE-015,test,fold_0,96768,7680,2048,1024,True,2,1.0,yolo/images/test/RECHERCHE-015_x096768_y007680.jpg,segmentation/masks/test/RECHERCHE-015_x096768_y007680.png,yolo/labels/test/RECHERCHE-015_x096768_y007680.txt
RECHERCHE-015_x098304_y007680,RECHERCHE-015,test,fold_0,98304,7680,2048,1024,True,1,1.0,yolo/images/test/RECHERCHE-015_x098304_y007680.jpg,segmentation/masks/test/RECHERCHE-015_x098304_y007680.png,yolo/labels/test/RECHERCHE-015_x098304_y007680.txt
RECHERCHE-015_x095232_y009216,RECHERCHE-015,test,fold_0,95232,9216,2048,1024,True,1,1.0,yolo/images/test/RECHERCHE-015_x095232_y009216.jpg,segmentation/masks/test/RECHERCHE-015_x095232_y009216.png,yolo/labels/test/RECHERCHE-015_x095232_y009216.txt
RECHERCHE-015_x096768_y009216,RECHERCHE-015,test,fold_0,96768,9216,2048,1024,True,2,0.9584,yolo/images/test/RECHERCHE-015_x096768_y009216.jpg,segmentation/masks/test/RECHERCHE-015_x096768_y009216.png,yolo/labels/test/RECHERCHE-015_x096768_y009216.txt
RECHERCHE-015_x098304_y009216,RECHERCHE-015,test,fold_0,98304,9216,2048,1024,True,1,0.5928,yolo/images/test/RECHERCHE-015_x098304_y009216.jpg,segmentation/masks/test/RECHERCHE-015_x098304_y009216.png,yolo/labels/test/RECHERCHE-015_x098304_y009216.txt
RECHERCHE-015_x061440_y010752,RECHERCHE-015,test,fold_0,61440,10752,2048,1024,True,3,0.2493,yolo/images/test/RECHERCHE-015_x061440_y010752.jpg,segmentation/masks/test/RECHERCHE-015_x061440_y010752.png,yolo/labels/test/RECHERCHE-015_x061440_y010752.txt
RECHERCHE-015_x062976_y010752,RECHERCHE-015,test,fold_0,62976,10752,2048,1024,True,3,0.5734,yolo/images/test/RECHERCHE-015_x062976_y010752.jpg,segmentation/masks/test/RECHERCHE-015_x062976_y010752.png,yolo/labels/test/RECHERCHE-015_x062976_y010752.txt
RECHERCHE-015_x061440_y012288,RECHERCHE-015,test,fold_0,61440,12288,2048,1024,True,2,0.8842,yolo/images/test/RECHERCHE-015_x061440_y012288.jpg,segmentation/masks/test/RECHERCHE-015_x061440_y012288.png,yolo/labels/test/RECHERCHE-015_x061440_y012288.txt
RECHERCHE-015_x062976_y012288,RECHERCHE-015,test,fold_0,62976,12288,2048,1024,True,2,1.0,yolo/images/test/RECHERCHE-015_x062976_y012288.jpg,segmentation/masks/test/RECHERCHE-015_x062976_y012288.png,yolo/labels/test/RECHERCHE-015_x062976_y012288.txt
RECHERCHE-015_x019968_y013824,RECHERCHE-015,test,fold_0,19968,13824,2048,1024,True,2,0.3684,yolo/images/test/RECHERCHE-015_x019968_y013824.jpg,segmentation/masks/test/RECHERCHE-015_x019968_y013824.png,yolo/labels/test/RECHERCHE-015_x019968_y013824.txt
RECHERCHE-015_x021504_y013824,RECHERCHE-015,test,fold_0,21504,13824,2048,1024,True,3,0.7237,yolo/images/test/RECHERCHE-015_x021504_y013824.jpg,segmentation/masks/test/RECHERCHE-015_x021504_y013824.png,yolo/labels/test/RECHERCHE-015_x021504_y013824.txt
RECHERCHE-015_x058368_y013824,RECHERCHE-015,test,fold_0,58368,13824,2048,1024,True,1,0.723,yolo/images/test/RECHERCHE-015_x058368_y013824.jpg,segmentation/masks/test/RECHERCHE-015_x058368_y013824.png,yolo/labels/test/RECHERCHE-015_x058368_y013824.txt
RECHERCHE-015_x087552_y013824,RECHERCHE-015,test,fold_0,87552,13824,2048,1024,True,1,0.1524,yolo/images/test/RECHERCHE-015_x087552_y013824.jpg,segmentation/masks/test/RECHERCHE-015_x087552_y013824.png,yolo/labels/test/RECHERCHE-015_x087552_y013824.txt
RECHERCHE-015_x089088_y013824,RECHERCHE-015,test,fold_0,89088,13824,2048,1024,True,2,0.6233,yolo/images/test/RECHERCHE-015_x089088_y013824.jpg,segmentation/masks/test/RECHERCHE-015_x089088_y013824.png,yolo/labels/test/RECHERCHE-015_x089088_y013824.txt
RECHERCHE-015_x090624_y013824,RECHERCHE-015,test,fold_0,90624,13824,2048,1024,True,1,0.9834,yolo/images/test/RECHERCHE-015_x090624_y013824.jpg,segmentation/masks/test/RECHERCHE-015_x090624_y013824.png,yolo/labels/test/RECHERCHE-015_x090624_y013824.txt
RECHERCHE-015_x016896_y015360,RECHERCHE-015,test,fold_0,16896,15360,2048,1024,True,1,0.3789,yolo/images/test/RECHERCHE-015_x016896_y015360.jpg,segmentation/masks/test/RECHERCHE-015_x016896_y015360.png,yolo/labels/test/RECHERCHE-015_x016896_y015360.txt
RECHERCHE-015_x019968_y015360,RECHERCHE-015,test,fold_0,19968,15360,2048,1024,True,1,0.9391,yolo/images/test/RECHERCHE-015_x019968_y015360.jpg,segmentation/masks/test/RECHERCHE-015_x019968_y015360.png,yolo/labels/test/RECHERCHE-015_x019968_y015360.txt
RECHERCHE-015_x021504_y015360,RECHERCHE-015,test,fold_0,21504,15360,2048,1024,True,1,1.0,yolo/images/test/RECHERCHE-015_x021504_y015360.jpg,segmentation/masks/test/RECHERCHE-015_x021504_y015360.png,yolo/labels/test/RECHERCHE-015_x021504_y015360.txt
RECHERCHE-015_x055296_y015360,RECHERCHE-015,test,fold_0,55296,15360,2048,1024,True,1,0.6454,yolo/images/test/RECHERCHE-015_x055296_y015360.jpg,segmentation/masks/test/RECHERCHE-015_x055296_y015360.png,yolo/labels/test/RECHERCHE-015_x055296_y015360.txt
RECHERCHE-015_x087552_y015360,RECHERCHE-015,test,fold_0,87552,15360,2048,1024,True,1,0.2493,yolo/images/test/RECHERCHE-015_x087552_y015360.jpg,segmentation/masks/test/RECHERCHE-015_x087552_y015360.png,yolo/labels/test/RECHERCHE-015_x087552_y015360.txt
RECHERCHE-015_x090624_y015360,RECHERCHE-015,test,fold_0,90624,15360,2048,1024,True,1,0.3795,yolo/images/test/RECHERCHE-015_x090624_y015360.jpg,segmentation/masks/test/RECHERCHE-015_x090624_y015360.png,yolo/labels/test/RECHERCHE-015_x090624_y015360.txt
RECHERCHE-015_x013824_y016896,RECHERCHE-015,test,fold_0,13824,16896,2048,1024,True,1,0.5474,yolo/images/test/RECHERCHE-015_x013824_y016896.jpg,segmentation/masks/test/RECHERCHE-015_x013824_y016896.png,yolo/labels/test/RECHERCHE-015_x013824_y016896.txt
RECHERCHE-015_x016896_y016896,RECHERCHE-015,test,fold_0,16896,16896,2048,1024,True,1,0.99,yolo/images/test/RECHERCHE-015_x016896_y016896.jpg,segmentation/masks/test/RECHERCHE-015_x016896_y016896.png,yolo/labels/test/RECHERCHE-015_x016896_y016896.txt
RECHERCHE-015_x055296_y016896,RECHERCHE-015,test,fold_0,55296,16896,2048,1024,True,1,0.9947,yolo/images/test/RECHERCHE-015_x055296_y016896.jpg,segmentation/masks/test/RECHERCHE-015_x055296_y016896.png,yolo/labels/test/RECHERCHE-015_x055296_y016896.txt
RECHERCHE-015_x056832_y016896,RECHERCHE-015,test,fold_0,56832,16896,2048,1024,True,2,1.0,yolo/images/test/RECHERCHE-015_x056832_y016896.jpg,segmentation/masks/test/RECHERCHE-015_x056832_y016896.png,yolo/labels/test/RECHERCHE-015_x056832_y016896.txt
RECHERCHE-015_x058368_y016896,RECHERCHE-015,test,fold_0,58368,16896,2048,1024,True,1,0.8447,yolo/images/test/RECHERCHE-015_x058368_y016896.jpg,segmentation/masks/test/RECHERCHE-015_x058368_y016896.png,yolo/labels/test/RECHERCHE-015_x058368_y016896.txt
RECHERCHE-015_x013824_y018432,RECHERCHE-015,test,fold_0,13824,18432,2048,1024,True,1,0.9945,yolo/images/test/RECHERCHE-015_x013824_y018432.jpg,segmentation/masks/test/RECHERCHE-015_x013824_y018432.png,yolo/labels/test/RECHERCHE-015_x013824_y018432.txt
RECHERCHE-015_x015360_y018432,RECHERCHE-015,test,fold_0,15360,18432,2048,1024,True,2,1.0,yolo/images/test/RECHERCHE-015_x015360_y018432.jpg,segmentation/masks/test/RECHERCHE-015_x015360_y018432.png,yolo/labels/test/RECHERCHE-015_x015360_y018432.txt
RECHERCHE-015_x013824_y019968,RECHERCHE-015,test,fold_0,13824,19968,2048,1024,True,1,0.9972,yolo/images/test/RECHERCHE-015_x013824_y019968.jpg,segmentation/masks/test/RECHERCHE-015_x013824_y019968.png,yolo/labels/test/RECHERCHE-015_x013824_y019968.txt
RECHERCHE-015_x015360_y019968,RECHERCHE-015,test,fold_0,15360,19968,2048,1024,True,2,0.795,yolo/images/test/RECHERCHE-015_x015360_y019968.jpg,segmentation/masks/test/RECHERCHE-015_x015360_y019968.png,yolo/labels/test/RECHERCHE-015_x015360_y019968.txt
RECHERCHE-015_x049152_y019968,RECHERCHE-015,test,fold_0,49152,19968,2048,1024,True,1,0.446,yolo/images/test/RECHERCHE-015_x049152_y019968.jpg,segmentation/masks/test/RECHERCHE-015_x049152_y019968.png,yolo/labels/test/RECHERCHE-015_x049152_y019968.txt
RECHERCHE-015_x047616_y021504,RECHERCHE-015,test,fold_0,47616,21504,2048,1024,True,1,0.5014,yolo/images/test/RECHERCHE-015_x047616_y021504.jpg,segmentation/masks/test/RECHERCHE-015_x047616_y021504.png,yolo/labels/test/RECHERCHE-015_x047616_y021504.txt
RECHERCHE-015_x049152_y021504,RECHERCHE-015,test,fold_0,49152,21504,2048,1024,True,1,0.795,yolo/images/test/RECHERCHE-015_x049152_y021504.jpg,segmentation/masks/test/RECHERCHE-015_x049152_y021504.png,yolo/labels/test/RECHERCHE-015_x049152_y021504.txt
RECHERCHE-015_x004608_y023040,RECHERCHE-015,test,fold_0,4608,23040,2048,1024,True,1,0.3518,yolo/images/test/RECHERCHE-015_x004608_y023040.jpg,segmentation/masks/test/RECHERCHE-015_x004608_y023040.png,yolo/labels/test/RECHERCHE-015_x004608_y023040.txt
RECHERCHE-015_x006144_y023040,RECHERCHE-015,test,fold_0,6144,23040,2048,1024,True,2,0.8809,yolo/images/test/RECHERCHE-015_x006144_y023040.jpg,segmentation/masks/test/RECHERCHE-015_x006144_y023040.png,yolo/labels/test/RECHERCHE-015_x006144_y023040.txt
RECHERCHE-015_x007680_y023040,RECHERCHE-015,test,fold_0,7680,23040,2048,1024,True,1,0.8698,yolo/images/test/RECHERCHE-015_x007680_y023040.jpg,segmentation/masks/test/RECHERCHE-015_x007680_y023040.png,yolo/labels/test/RECHERCHE-015_x007680_y023040.txt
RECHERCHE-015_x052224_y016896,RECHERCHE-015,test,fold_0,52224,16896,2048,1024,False,0,0.2316,yolo/images/test/RECHERCHE-015_x052224_y016896.jpg,segmentation/masks/test/RECHERCHE-015_x052224_y016896.png,yolo/labels/test/RECHERCHE-015_x052224_y016896.txt
RECHERCHE-015_x101376_y004608,RECHERCHE-015,test,fold_0,101376,4608,2048,1024,False,0,1.0,yolo/images/test/RECHERCHE-015_x101376_y004608.jpg,segmentation/masks/test/RECHERCHE-015_x101376_y004608.png,yolo/labels/test/RECHERCHE-015_x101376_y004608.txt
RECHERCHE-015_x009216_y023040,RECHERCHE-015,test,fold_0,9216,23040,2048,1024,False,0,0.687,yolo/images/test/RECHERCHE-015_x009216_y023040.jpg,segmentation/masks/test/RECHERCHE-015_x009216_y023040.png,yolo/labels/test/RECHERCHE-015_x009216_y023040.txt
RECHERCHE-015_x104448_y003072,RECHERCHE-015,test,fold_0,104448,3072,2048,1024,False,0,0.5042,yolo/images/test/RECHERCHE-015_x104448_y003072.jpg,segmentation/masks/test/RECHERCHE-015_x104448_y003072.png,yolo/labels/test/RECHERCHE-015_x104448_y003072.txt
RECHERCHE-015_x021504_y016896,RECHERCHE-015,test,fold_0,21504,16896,2048,1024,False,0,0.7225,yolo/images/test/RECHERCHE-015_x021504_y016896.jpg,segmentation/masks/test/RECHERCHE-015_x021504_y016896.png,yolo/labels/test/RECHERCHE-015_x021504_y016896.txt
RECHERCHE-015_x013824_y021504,RECHERCHE-015,test,fold_0,13824,21504,2048,1024,False,0,0.5679,yolo/images/test/RECHERCHE-015_x013824_y021504.jpg,segmentation/masks/test/RECHERCHE-015_x013824_y021504.png,yolo/labels/test/RECHERCHE-015_x013824_y021504.txt
RECHERCHE-015_x009216_y021504,RECHERCHE-015,test,fold_0,9216,21504,2048,1024,False,0,0.9945,yolo/images/test/RECHERCHE-015_x009216_y021504.jpg,segmentation/masks/test/RECHERCHE-015_x009216_y021504.png,yolo/labels/test/RECHERCHE-015_x009216_y021504.txt
RECHERCHE-015_x101376_y007680,RECHERCHE-015,test,fold_0,101376,7680,2048,1024,False,0,0.205,yolo/images/test/RECHERCHE-015_x101376_y007680.jpg,segmentation/masks/test/RECHERCHE-015_x101376_y007680.png,yolo/labels/test/RECHERCHE-015_x101376_y007680.txt
RECHERCHE-015_x023040_y015360,RECHERCHE-015,test,fold_0,23040,15360,2048,1024,False,0,0.7285,yolo/images/test/RECHERCHE-015_x023040_y015360.jpg,segmentation/masks/test/RECHERCHE-015_x023040_y015360.png,yolo/labels/test/RECHERCHE-015_x023040_y015360.txt
RECHERCHE-015_x053760_y018432,RECHERCHE-015,test,fold_0,53760,18432,2048,1024,False,0,1.0,yolo/images/test/RECHERCHE-015_x053760_y018432.jpg,segmentation/masks/test/RECHERCHE-015_x053760_y018432.png,yolo/labels/test/RECHERCHE-015_x053760_y018432.txt
RECHERCHE-015_x093696_y013824,RECHERCHE-015,test,fold_0,93696,13824,2048,1024,False,0,0.205,yolo/images/test/RECHERCHE-015_x093696_y013824.jpg,segmentation/masks/test/RECHERCHE-015_x093696_y013824.png,yolo/labels/test/RECHERCHE-015_x093696_y013824.txt
RECHERCHE-015_x062976_y015360,RECHERCHE-015,test,fold_0,62976,15360,2048,1024,False,0,0.1745,yolo/images/test/RECHERCHE-015_x062976_y015360.jpg,segmentation/masks/test/RECHERCHE-015_x062976_y015360.png,yolo/labels/test/RECHERCHE-015_x062976_y015360.txt
RECHERCHE-015_x095232_y012288,RECHERCHE-015,test,fold_0,95232,12288,2048,1024,False,0,0.3816,yolo/images/test/RECHERCHE-015_x095232_y012288.jpg,segmentation/masks/test/RECHERCHE-015_x095232_y012288.png,yolo/labels/test/RECHERCHE-015_x095232_y012288.txt
RECHERCHE-015_x059904_y015360,RECHERCHE-015,test,fold_0,59904,15360,2048,1024,False,0,0.9842,yolo/images/test/RECHERCHE-015_x059904_y015360.jpg,segmentation/masks/test/RECHERCHE-015_x059904_y015360.png,yolo/labels/test/RECHERCHE-015_x059904_y015360.txt
RECHERCHE-015_x004608_y027648,RECHERCHE-015,test,fold_0,4608,27648,2048,1024,False,0,0.4515,yolo/images/test/RECHERCHE-015_x004608_y027648.jpg,segmentation/masks/test/RECHERCHE-015_x004608_y027648.png,yolo/labels/test/RECHERCHE-015_x004608_y027648.txt
RECHERCHE-015_x012288_y019968,RECHERCHE-015,test,fold_0,12288,19968,2048,1024,False,0,1.0,yolo/images/test/RECHERCHE-015_x012288_y019968.jpg,segmentation/masks/test/RECHERCHE-015_x012288_y019968.png,yolo/labels/test/RECHERCHE-015_x012288_y019968.txt
RECHERCHE-015_x092160_y012288,RECHERCHE-015,test,fold_0,92160,12288,2048,1024,False,0,1.0,yolo/images/test/RECHERCHE-015_x092160_y012288.jpg,segmentation/masks/test/RECHERCHE-015_x092160_y012288.png,yolo/labels/test/RECHERCHE-015_x092160_y012288.txt
RECHERCHE-015_x102912_y006144,RECHERCHE-015,test,fold_0,102912,6144,2048,1024,False,0,0.2684,yolo/images/test/RECHERCHE-015_x102912_y006144.jpg,segmentation/masks/test/RECHERCHE-015_x102912_y006144.png,yolo/labels/test/RECHERCHE-015_x102912_y006144.txt
RECHERCHE-015_x066048_y010752,RECHERCHE-015,test,fold_0,66048,10752,2048,1024,False,0,0.2521,yolo/images/test/RECHERCHE-015_x066048_y010752.jpg,segmentation/masks/test/RECHERCHE-015_x066048_y010752.png,yolo/labels/test/RECHERCHE-015_x066048_y010752.txt
RECHERCHE-015_x061440_y015360,RECHERCHE-015,test,fold_0,61440,15360,2048,1024,False,0,0.6454,yolo/images/test/RECHERCHE-015_x061440_y015360.jpg,segmentation/masks/test/RECHERCHE-015_x061440_y015360.png,yolo/labels/test/RECHERCHE-015_x061440_y015360.txt
RECHERCHE-015_x099840_y004608,RECHERCHE-015,test,fold_0,99840,4608,2048,1024,False,0,0.856,yolo/images/test/RECHERCHE-015_x099840_y004608.jpg,segmentation/masks/test/RECHERCHE-015_x099840_y004608.png,yolo/labels/test/RECHERCHE-015_x099840_y004608.txt
RECHERCHE-015_x053760_y019968,RECHERCHE-015,test,fold_0,53760,19968,2048,1024,False,0,0.7784,yolo/images/test/RECHERCHE-015_x053760_y019968.jpg,segmentation/masks/test/RECHERCHE-015_x053760_y019968.png,yolo/labels/test/RECHERCHE-015_x053760_y019968.txt
RECHERCHE-015_x010752_y019968,RECHERCHE-015,test,fold_0,10752,19968,2048,1024,False,0,0.8975,yolo/images/test/RECHERCHE-015_x010752_y019968.jpg,segmentation/masks/test/RECHERCHE-015_x010752_y019968.png,yolo/labels/test/RECHERCHE-015_x010752_y019968.txt
RECHERCHE-015_x047616_y026112,RECHERCHE-015,test,fold_0,47616,26112,2048,1024,False,0,0.4211,yolo/images/test/RECHERCHE-015_x047616_y026112.jpg,segmentation/masks/test/RECHERCHE-015_x047616_y026112.png,yolo/labels/test/RECHERCHE-015_x047616_y026112.txt
RECHERCHE-015_x099840_y006144,RECHERCHE-015,test,fold_0,99840,6144,2048,1024,False,0,1.0,yolo/images/test/RECHERCHE-015_x099840_y006144.jpg,segmentation/masks/test/RECHERCHE-015_x099840_y006144.png,yolo/labels/test/RECHERCHE-015_x099840_y006144.txt
RECHERCHE-015_x024576_y013824,RECHERCHE-015,test,fold_0,24576,13824,2048,1024,False,0,0.4155,yolo/images/test/RECHERCHE-015_x024576_y013824.jpg,segmentation/masks/test/RECHERCHE-015_x024576_y013824.png,yolo/labels/test/RECHERCHE-015_x024576_y013824.txt
RECHERCHE-015_x052224_y019968,RECHERCHE-015,test,fold_0,52224,19968,2048,1024,False,0,0.9972,yolo/images/test/RECHERCHE-015_x052224_y019968.jpg,segmentation/masks/test/RECHERCHE-015_x052224_y019968.png,yolo/labels/test/RECHERCHE-015_x052224_y019968.txt
RECHERCHE-015_x090624_y012288,RECHERCHE-015,test,fold_0,90624,12288,2048,1024,False,0,0.6658,yolo/images/test/RECHERCHE-015_x090624_y012288.jpg,segmentation/masks/test/RECHERCHE-015_x090624_y012288.png,yolo/labels/test/RECHERCHE-015_x090624_y012288.txt
RECHERCHE-015_x006144_y024576,RECHERCHE-015,test,fold_0,6144,24576,2048,1024,False,0,0.2382,yolo/images/test/RECHERCHE-015_x006144_y024576.jpg,segmentation/masks/test/RECHERCHE-015_x006144_y024576.png,yolo/labels/test/RECHERCHE-015_x006144_y024576.txt
RECHERCHE-015_x019968_y018432,RECHERCHE-015,test,fold_0,19968,18432,2048,1024,False,0,0.3934,yolo/images/test/RECHERCHE-015_x019968_y018432.jpg,segmentation/masks/test/RECHERCHE-015_x019968_y018432.png,yolo/labels/test/RECHERCHE-015_x019968_y018432.txt
RECHERCHE-015_x096768_y010752,RECHERCHE-015,test,fold_0,96768,10752,2048,1024,False,0,0.5235,yolo/images/test/RECHERCHE-015_x096768_y010752.jpg,segmentation/masks/test/RECHERCHE-015_x096768_y010752.png,yolo/labels/test/RECHERCHE-015_x096768_y010752.txt
RECHERCHE-015_x009216_y019968,RECHERCHE-015,test,fold_0,9216,19968,2048,1024,False,0,0.4681,yolo/images/test/RECHERCHE-015_x009216_y019968.jpg,segmentation/masks/test/RECHERCHE-015_x009216_y019968.png,yolo/labels/test/RECHERCHE-015_x009216_y019968.txt
RECHERCHE-015_x092160_y013824,RECHERCHE-015,test,fold_0,92160,13824,2048,1024,False,0,0.7341,yolo/images/test/RECHERCHE-015_x092160_y013824.jpg,segmentation/masks/test/RECHERCHE-015_x092160_y013824.png,yolo/labels/test/RECHERCHE-015_x092160_y013824.txt
RECHERCHE-015_x050688_y018432,RECHERCHE-015,test,fold_0,50688,18432,2048,1024,False,0,0.3213,yolo/images/test/RECHERCHE-015_x050688_y018432.jpg,segmentation/masks/test/RECHERCHE-015_x050688_y018432.png,yolo/labels/test/RECHERCHE-015_x050688_y018432.txt
RECHERCHE-015_x023040_y013824,RECHERCHE-015,test,fold_0,23040,13824,2048,1024,False,0,0.6316,yolo/images/test/RECHERCHE-015_x023040_y013824.jpg,segmentation/masks/test/RECHERCHE-015_x023040_y013824.png,yolo/labels/test/RECHERCHE-015_x023040_y013824.txt
RECHERCHE-015_x052224_y021504,RECHERCHE-015,test,fold_0,52224,21504,2048,1024,False,0,0.3657,yolo/images/test/RECHERCHE-015_x052224_y021504.jpg,segmentation/masks/test/RECHERCHE-015_x052224_y021504.png,yolo/labels/test/RECHERCHE-015_x052224_y021504.txt
RECHERCHE-015_x102912_y004608,RECHERCHE-015,test,fold_0,102912,4608,2048,1024,False,0,0.8395,yolo/images/test/RECHERCHE-015_x102912_y004608.jpg,segmentation/masks/test/RECHERCHE-015_x102912_y004608.png,yolo/labels/test/RECHERCHE-015_x102912_y004608.txt
RECHERCHE-015_x018432_y015360,RECHERCHE-015,test,fold_0,18432,15360,2048,1024,False,0,0.6399,yolo/images/test/RECHERCHE-015_x018432_y015360.jpg,segmentation/masks/test/RECHERCHE-015_x018432_y015360.png,yolo/labels/test/RECHERCHE-015_x018432_y015360.txt
RECHERCHE-015_x056832_y013824,RECHERCHE-015,test,fold_0,56832,13824,2048,1024,False,0,0.3629,yolo/images/test/RECHERCHE-015_x056832_y013824.jpg,segmentation/masks/test/RECHERCHE-015_x056832_y013824.png,yolo/labels/test/RECHERCHE-015_x056832_y013824.txt
RECHERCHE-015_x089088_y019968,RECHERCHE-015,test,fold_0,89088,19968,2048,1024,False,0,0.4792,yolo/images/test/RECHERCHE-015_x089088_y019968.jpg,segmentation/masks/test/RECHERCHE-015_x089088_y019968.png,yolo/labels/test/RECHERCHE-015_x089088_y019968.txt
RECHERCHE-015_x093696_y009216,RECHERCHE-015,test,fold_0,93696,9216,2048,1024,False,0,0.7839,yolo/images/test/RECHERCHE-015_x093696_y009216.jpg,segmentation/masks/test/RECHERCHE-015_x093696_y009216.png,yolo/labels/test/RECHERCHE-015_x093696_y009216.txt
RECHERCHE-015_x055296_y019968,RECHERCHE-015,test,fold_0,55296,19968,2048,1024,False,0,0.446,yolo/images/test/RECHERCHE-015_x055296_y019968.jpg,segmentation/masks/test/RECHERCHE-015_x055296_y019968.png,yolo/labels/test/RECHERCHE-015_x055296_y019968.txt
RECHERCHE-015_x010752_y023040,RECHERCHE-015,test,fold_0,10752,23040,2048,1024,False,0,0.4211,yolo/images/test/RECHERCHE-015_x010752_y023040.jpg,segmentation/masks/test/RECHERCHE-015_x010752_y023040.png,yolo/labels/test/RECHERCHE-015_x010752_y023040.txt
RECHERCHE-015_x052224_y018432,RECHERCHE-015,test,fold_0,52224,18432,2048,1024,False,0,0.867,yolo/images/test/RECHERCHE-015_x052224_y018432.jpg,segmentation/masks/test/RECHERCHE-015_x052224_y018432.png,yolo/labels/test/RECHERCHE-015_x052224_y018432.txt
RECHERCHE-015_x047616_y027648,RECHERCHE-015,test,fold_0,47616,27648,2048,1024,False,0,0.1773,yolo/images/test/RECHERCHE-015_x047616_y027648.jpg,segmentation/masks/test/RECHERCHE-015_x047616_y027648.png,yolo/labels/test/RECHERCHE-015_x047616_y027648.txt
RECHERCHE-016_x132096_y001536,RECHERCHE-016,val,fold_2,132096,1536,2048,1024,True,2,0.3733,yolo/images/val/RECHERCHE-016_x132096_y001536.jpg,segmentation/masks/val/RECHERCHE-016_x132096_y001536.png,yolo/labels/val/RECHERCHE-016_x132096_y001536.txt
RECHERCHE-016_x133632_y001536,RECHERCHE-016,val,fold_2,133632,1536,2048,1024,True,1,0.5378,yolo/images/val/RECHERCHE-016_x133632_y001536.jpg,segmentation/masks/val/RECHERCHE-016_x133632_y001536.png,yolo/labels/val/RECHERCHE-016_x133632_y001536.txt
RECHERCHE-016_x132096_y003072,RECHERCHE-016,val,fold_2,132096,3072,2048,1024,True,3,0.9956,yolo/images/val/RECHERCHE-016_x132096_y003072.jpg,segmentation/masks/val/RECHERCHE-016_x132096_y003072.png,yolo/labels/val/RECHERCHE-016_x132096_y003072.txt
RECHERCHE-016_x133632_y003072,RECHERCHE-016,val,fold_2,133632,3072,2048,1024,True,2,1.0,yolo/images/val/RECHERCHE-016_x133632_y003072.jpg,segmentation/masks/val/RECHERCHE-016_x133632_y003072.png,yolo/labels/val/RECHERCHE-016_x133632_y003072.txt
RECHERCHE-016_x124416_y007680,RECHERCHE-016,val,fold_2,124416,7680,2048,1024,True,2,0.3956,yolo/images/val/RECHERCHE-016_x124416_y007680.jpg,segmentation/masks/val/RECHERCHE-016_x124416_y007680.png,yolo/labels/val/RECHERCHE-016_x124416_y007680.txt
RECHERCHE-016_x125952_y007680,RECHERCHE-016,val,fold_2,125952,7680,2048,1024,True,1,0.9111,yolo/images/val/RECHERCHE-016_x125952_y007680.jpg,segmentation/masks/val/RECHERCHE-016_x125952_y007680.png,yolo/labels/val/RECHERCHE-016_x125952_y007680.txt
RECHERCHE-016_x127488_y007680,RECHERCHE-016,val,fold_2,127488,7680,2048,1024,True,1,1.0,yolo/images/val/RECHERCHE-016_x127488_y007680.jpg,segmentation/masks/val/RECHERCHE-016_x127488_y007680.png,yolo/labels/val/RECHERCHE-016_x127488_y007680.txt
RECHERCHE-016_x129024_y007680,RECHERCHE-016,val,fold_2,129024,7680,2048,1024,True,2,1.0,yolo/images/val/RECHERCHE-016_x129024_y007680.jpg,segmentation/masks/val/RECHERCHE-016_x129024_y007680.png,yolo/labels/val/RECHERCHE-016_x129024_y007680.txt
RECHERCHE-016_x092160_y009216,RECHERCHE-016,val,fold_2,92160,9216,2048,1024,True,1,0.2933,yolo/images/val/RECHERCHE-016_x092160_y009216.jpg,segmentation/masks/val/RECHERCHE-016_x092160_y009216.png,yolo/labels/val/RECHERCHE-016_x092160_y009216.txt
RECHERCHE-016_x122880_y009216,RECHERCHE-016,val,fold_2,122880,9216,2048,1024,True,2,0.3467,yolo/images/val/RECHERCHE-016_x122880_y009216.jpg,segmentation/masks/val/RECHERCHE-016_x122880_y009216.png,yolo/labels/val/RECHERCHE-016_x122880_y009216.txt
RECHERCHE-016_x124416_y009216,RECHERCHE-016,val,fold_2,124416,9216,2048,1024,True,1,0.9022,yolo/images/val/RECHERCHE-016_x124416_y009216.jpg,segmentation/masks/val/RECHERCHE-016_x124416_y009216.png,yolo/labels/val/RECHERCHE-016_x124416_y009216.txt
RECHERCHE-016_x090624_y010752,RECHERCHE-016,val,fold_2,90624,10752,2048,1024,True,3,0.8578,yolo/images/val/RECHERCHE-016_x090624_y010752.jpg,segmentation/masks/val/RECHERCHE-016_x090624_y010752.png,yolo/labels/val/RECHERCHE-016_x090624_y010752.txt
RECHERCHE-016_x092160_y010752,RECHERCHE-016,val,fold_2,92160,10752,2048,1024,True,2,0.9867,yolo/images/val/RECHERCHE-016_x092160_y010752.jpg,segmentation/masks/val/RECHERCHE-016_x092160_y010752.png,yolo/labels/val/RECHERCHE-016_x092160_y010752.txt
RECHERCHE-016_x121344_y010752,RECHERCHE-016,val,fold_2,121344,10752,2048,1024,True,2,0.3422,yolo/images/val/RECHERCHE-016_x121344_y010752.jpg,segmentation/masks/val/RECHERCHE-016_x121344_y010752.png,yolo/labels/val/RECHERCHE-016_x121344_y010752.txt
RECHERCHE-016_x122880_y010752,RECHERCHE-016,val,fold_2,122880,10752,2048,1024,True,3,0.9156,yolo/images/val/RECHERCHE-016_x122880_y010752.jpg,segmentation/masks/val/RECHERCHE-016_x122880_y010752.png,yolo/labels/val/RECHERCHE-016_x122880_y010752.txt
RECHERCHE-016_x124416_y010752,RECHERCHE-016,val,fold_2,124416,10752,2048,1024,True,1,1.0,yolo/images/val/RECHERCHE-016_x124416_y010752.jpg,segmentation/masks/val/RECHERCHE-016_x124416_y010752.png,yolo/labels/val/RECHERCHE-016_x124416_y010752.txt
RECHERCHE-016_x125952_y010752,RECHERCHE-016,val,fold_2,125952,10752,2048,1024,True,1,1.0,yolo/images/val/RECHERCHE-016_x125952_y010752.jpg,segmentation/masks/val/RECHERCHE-016_x125952_y010752.png,yolo/labels/val/RECHERCHE-016_x125952_y010752.txt
RECHERCHE-016_x090624_y012288,RECHERCHE-016,val,fold_2,90624,12288,2048,1024,True,1,1.0,yolo/images/val/RECHERCHE-016_x090624_y012288.jpg,segmentation/masks/val/RECHERCHE-016_x090624_y012288.png,yolo/labels/val/RECHERCHE-016_x090624_y012288.txt
RECHERCHE-016_x092160_y012288,RECHERCHE-016,val,fold_2,92160,12288,2048,1024,True,1,0.9867,yolo/images/val/RECHERCHE-016_x092160_y012288.jpg,segmentation/masks/val/RECHERCHE-016_x092160_y012288.png,yolo/labels/val/RECHERCHE-016_x092160_y012288.txt
RECHERCHE-016_x121344_y012288,RECHERCHE-016,val,fold_2,121344,12288,2048,1024,True,2,0.9467,yolo/images/val/RECHERCHE-016_x121344_y012288.jpg,segmentation/masks/val/RECHERCHE-016_x121344_y012288.png,yolo/labels/val/RECHERCHE-016_x121344_y012288.txt
RECHERCHE-016_x122880_y012288,RECHERCHE-016,val,fold_2,122880,12288,2048,1024,True,2,1.0,yolo/images/val/RECHERCHE-016_x122880_y012288.jpg,segmentation/masks/val/RECHERCHE-016_x122880_y012288.png,yolo/labels/val/RECHERCHE-016_x122880_y012288.txt
RECHERCHE-016_x124416_y012288,RECHERCHE-016,val,fold_2,124416,12288,2048,1024,True,1,1.0,yolo/images/val/RECHERCHE-016_x124416_y012288.jpg,segmentation/masks/val/RECHERCHE-016_x124416_y012288.png,yolo/labels/val/RECHERCHE-016_x124416_y012288.txt
RECHERCHE-016_x125952_y012288,RECHERCHE-016,val,fold_2,125952,12288,2048,1024,True,1,0.8044,yolo/images/val/RECHERCHE-016_x125952_y012288.jpg,segmentation/masks/val/RECHERCHE-016_x125952_y012288.png,yolo/labels/val/RECHERCHE-016_x125952_y012288.txt
RECHERCHE-016_x119808_y013824,RECHERCHE-016,val,fold_2,119808,13824,2048,1024,True,1,0.8756,yolo/images/val/RECHERCHE-016_x119808_y013824.jpg,segmentation/masks/val/RECHERCHE-016_x119808_y013824.png,yolo/labels/val/RECHERCHE-016_x119808_y013824.txt
RECHERCHE-016_x121344_y013824,RECHERCHE-016,val,fold_2,121344,13824,2048,1024,True,1,1.0,yolo/images/val/RECHERCHE-016_x121344_y013824.jpg,segmentation/masks/val/RECHERCHE-016_x121344_y013824.png,yolo/labels/val/RECHERCHE-016_x121344_y013824.txt
RECHERCHE-016_x082944_y015360,RECHERCHE-016,val,fold_2,82944,15360,2048,1024,True,2,0.2489,yolo/images/val/RECHERCHE-016_x082944_y015360.jpg,segmentation/masks/val/RECHERCHE-016_x082944_y015360.png,yolo/labels/val/RECHERCHE-016_x082944_y015360.txt
RECHERCHE-016_x084480_y015360,RECHERCHE-016,val,fold_2,84480,15360,2048,1024,True,1,0.8044,yolo/images/val/RECHERCHE-016_x084480_y015360.jpg,segmentation/masks/val/RECHERCHE-016_x084480_y015360.png,yolo/labels/val/RECHERCHE-016_x084480_y015360.txt
RECHERCHE-016_x086016_y015360,RECHERCHE-016,val,fold_2,86016,15360,2048,1024,True,1,1.0,yolo/images/val/RECHERCHE-016_x086016_y015360.jpg,segmentation/masks/val/RECHERCHE-016_x086016_y015360.png,yolo/labels/val/RECHERCHE-016_x086016_y015360.txt
RECHERCHE-016_x087552_y015360,RECHERCHE-016,val,fold_2,87552,15360,2048,1024,True,2,1.0,yolo/images/val/RECHERCHE-016_x087552_y015360.jpg,segmentation/masks/val/RECHERCHE-016_x087552_y015360.png,yolo/labels/val/RECHERCHE-016_x087552_y015360.txt
RECHERCHE-016_x116736_y015360,RECHERCHE-016,val,fold_2,116736,15360,2048,1024,True,1,0.6756,yolo/images/val/RECHERCHE-016_x116736_y015360.jpg,segmentation/masks/val/RECHERCHE-016_x116736_y015360.png,yolo/labels/val/RECHERCHE-016_x116736_y015360.txt
RECHERCHE-016_x119808_y015360,RECHERCHE-016,val,fold_2,119808,15360,2048,1024,True,2,0.9911,yolo/images/val/RECHERCHE-016_x119808_y015360.jpg,segmentation/masks/val/RECHERCHE-016_x119808_y015360.png,yolo/labels/val/RECHERCHE-016_x119808_y015360.txt
RECHERCHE-016_x121344_y015360,RECHERCHE-016,val,fold_2,121344,15360,2048,1024,True,1,0.7733,yolo/images/val/RECHERCHE-016_x121344_y015360.jpg,segmentation/masks/val/RECHERCHE-016_x121344_y015360.png,yolo/labels/val/RECHERCHE-016_x121344_y015360.txt
RECHERCHE-016_x081408_y016896,RECHERCHE-016,val,fold_2,81408,16896,2048,1024,True,1,0.2133,yolo/images/val/RECHERCHE-016_x081408_y016896.jpg,segmentation/masks/val/RECHERCHE-016_x081408_y016896.png,yolo/labels/val/RECHERCHE-016_x081408_y016896.txt
RECHERCHE-016_x082944_y016896,RECHERCHE-016,val,fold_2,82944,16896,2048,1024,True,1,0.8444,yolo/images/val/RECHERCHE-016_x082944_y016896.jpg,segmentation/masks/val/RECHERCHE-016_x082944_y016896.png,yolo/labels/val/RECHERCHE-016_x082944_y016896.txt
RECHERCHE-016_x086016_y016896,RECHERCHE-016,val,fold_2,86016,16896,2048,1024,True,1,1.0,yolo/images/val/RECHERCHE-016_x086016_y016896.jpg,segmentation/masks/val/RECHERCHE-016_x086016_y016896.png,yolo/labels/val/RECHERCHE-016_x086016_y016896.txt
RECHERCHE-016_x119808_y016896,RECHERCHE-016,val,fold_2,119808,16896,2048,1024,True,1,0.3022,yolo/images/val/RECHERCHE-016_x119808_y016896.jpg,segmentation/masks/val/RECHERCHE-016_x119808_y016896.png,yolo/labels/val/RECHERCHE-016_x119808_y016896.txt
RECHERCHE-016_x079872_y018432,RECHERCHE-016,val,fold_2,79872,18432,2048,1024,True,1,0.2133,yolo/images/val/RECHERCHE-016_x079872_y018432.jpg,segmentation/masks/val/RECHERCHE-016_x079872_y018432.png,yolo/labels/val/RECHERCHE-016_x079872_y018432.txt
RECHERCHE-016_x081408_y018432,RECHERCHE-016,val,fold_2,81408,18432,2048,1024,True,2,0.84,yolo/images/val/RECHERCHE-016_x081408_y018432.jpg,segmentation/masks/val/RECHERCHE-016_x081408_y018432.png,yolo/labels/val/RECHERCHE-016_x081408_y018432.txt
RECHERCHE-016_x082944_y018432,RECHERCHE-016,val,fold_2,82944,18432,2048,1024,True,1,1.0,yolo/images/val/RECHERCHE-016_x082944_y018432.jpg,segmentation/masks/val/RECHERCHE-016_x082944_y018432.png,yolo/labels/val/RECHERCHE-016_x082944_y018432.txt
RECHERCHE-016_x084480_y018432,RECHERCHE-016,val,fold_2,84480,18432,2048,1024,True,1,1.0,yolo/images/val/RECHERCHE-016_x084480_y018432.jpg,segmentation/masks/val/RECHERCHE-016_x084480_y018432.png,yolo/labels/val/RECHERCHE-016_x084480_y018432.txt
RECHERCHE-016_x052224_y019968,RECHERCHE-016,val,fold_2,52224,19968,2048,1024,True,1,0.4933,yolo/images/val/RECHERCHE-016_x052224_y019968.jpg,segmentation/masks/val/RECHERCHE-016_x052224_y019968.png,yolo/labels/val/RECHERCHE-016_x052224_y019968.txt
RECHERCHE-016_x079872_y019968,RECHERCHE-016,val,fold_2,79872,19968,2048,1024,True,2,0.8044,yolo/images/val/RECHERCHE-016_x079872_y019968.jpg,segmentation/masks/val/RECHERCHE-016_x079872_y019968.png,yolo/labels/val/RECHERCHE-016_x079872_y019968.txt
RECHERCHE-016_x081408_y019968,RECHERCHE-016,val,fold_2,81408,19968,2048,1024,True,3,1.0,yolo/images/val/RECHERCHE-016_x081408_y019968.jpg,segmentation/masks/val/RECHERCHE-016_x081408_y019968.png,yolo/labels/val/RECHERCHE-016_x081408_y019968.txt
RECHERCHE-016_x082944_y019968,RECHERCHE-016,val,fold_2,82944,19968,2048,1024,True,2,1.0,yolo/images/val/RECHERCHE-016_x082944_y019968.jpg,segmentation/masks/val/RECHERCHE-016_x082944_y019968.png,yolo/labels/val/RECHERCHE-016_x082944_y019968.txt
RECHERCHE-016_x084480_y019968,RECHERCHE-016,val,fold_2,84480,19968,2048,1024,True,1,0.8978,yolo/images/val/RECHERCHE-016_x084480_y019968.jpg,segmentation/masks/val/RECHERCHE-016_x084480_y019968.png,yolo/labels/val/RECHERCHE-016_x084480_y019968.txt
RECHERCHE-016_x116736_y019968,RECHERCHE-016,val,fold_2,116736,19968,2048,1024,True,1,0.5822,yolo/images/val/RECHERCHE-016_x116736_y019968.jpg,segmentation/masks/val/RECHERCHE-016_x116736_y019968.png,yolo/labels/val/RECHERCHE-016_x116736_y019968.txt
RECHERCHE-016_x118272_y019968,RECHERCHE-016,val,fold_2,118272,19968,2048,1024,True,1,0.44,yolo/images/val/RECHERCHE-016_x118272_y019968.jpg,segmentation/masks/val/RECHERCHE-016_x118272_y019968.png,yolo/labels/val/RECHERCHE-016_x118272_y019968.txt
RECHERCHE-016_x050688_y021504,RECHERCHE-016,val,fold_2,50688,21504,2048,1024,True,1,0.6311,yolo/images/val/RECHERCHE-016_x050688_y021504.jpg,segmentation/masks/val/RECHERCHE-016_x050688_y021504.png,yolo/labels/val/RECHERCHE-016_x050688_y021504.txt
RECHERCHE-016_x052224_y021504,RECHERCHE-016,val,fold_2,52224,21504,2048,1024,True,2,0.9911,yolo/images/val/RECHERCHE-016_x052224_y021504.jpg,segmentation/masks/val/RECHERCHE-016_x052224_y021504.png,yolo/labels/val/RECHERCHE-016_x052224_y021504.txt
RECHERCHE-016_x053760_y021504,RECHERCHE-016,val,fold_2,53760,21504,2048,1024,True,1,1.0,yolo/images/val/RECHERCHE-016_x053760_y021504.jpg,segmentation/masks/val/RECHERCHE-016_x053760_y021504.png,yolo/labels/val/RECHERCHE-016_x053760_y021504.txt
RECHERCHE-016_x081408_y021504,RECHERCHE-016,val,fold_2,81408,21504,2048,1024,True,1,0.9867,yolo/images/val/RECHERCHE-016_x081408_y021504.jpg,segmentation/masks/val/RECHERCHE-016_x081408_y021504.png,yolo/labels/val/RECHERCHE-016_x081408_y021504.txt
RECHERCHE-016_x082944_y021504,RECHERCHE-016,val,fold_2,82944,21504,2048,1024,True,1,0.7022,yolo/images/val/RECHERCHE-016_x082944_y021504.jpg,segmentation/masks/val/RECHERCHE-016_x082944_y021504.png,yolo/labels/val/RECHERCHE-016_x082944_y021504.txt
RECHERCHE-016_x075264_y023040,RECHERCHE-016,val,fold_2,75264,23040,2048,1024,True,1,0.2444,yolo/images/val/RECHERCHE-016_x075264_y023040.jpg,segmentation/masks/val/RECHERCHE-016_x075264_y023040.png,yolo/labels/val/RECHERCHE-016_x075264_y023040.txt
RECHERCHE-016_x076800_y023040,RECHERCHE-016,val,fold_2,76800,23040,2048,1024,True,1,0.8167,yolo/images/val/RECHERCHE-016_x076800_y023040.jpg,segmentation/masks/val/RECHERCHE-016_x076800_y023040.png,yolo/labels/val/RECHERCHE-016_x076800_y023040.txt
RECHERCHE-016_x078336_y023040,RECHERCHE-016,val,fold_2,78336,23040,2048,1024,True,1,1.0,yolo/images/val/RECHERCHE-016_x078336_y023040.jpg,segmentation/masks/val/RECHERCHE-016_x078336_y023040.png,yolo/labels/val/RECHERCHE-016_x078336_y023040.txt
RECHERCHE-016_x079872_y023040,RECHERCHE-016,val,fold_2,79872,23040,2048,1024,True,2,0.9733,yolo/images/val/RECHERCHE-016_x079872_y023040.jpg,segmentation/masks/val/RECHERCHE-016_x079872_y023040.png,yolo/labels/val/RECHERCHE-016_x079872_y023040.txt
RECHERCHE-016_x075264_y024576,RECHERCHE-016,val,fold_2,75264,24576,2048,1024,True,1,0.28,yolo/images/val/RECHERCHE-016_x075264_y024576.jpg,segmentation/masks/val/RECHERCHE-016_x075264_y024576.png,yolo/labels/val/RECHERCHE-016_x075264_y024576.txt
RECHERCHE-016_x078336_y024576,RECHERCHE-016,val,fold_2,78336,24576,2048,1024,True,1,0.5556,yolo/images/val/RECHERCHE-016_x078336_y024576.jpg,segmentation/masks/val/RECHERCHE-016_x078336_y024576.png,yolo/labels/val/RECHERCHE-016_x078336_y024576.txt
RECHERCHE-016_x079872_y024576,RECHERCHE-016,val,fold_2,79872,24576,2048,1024,True,1,0.3244,yolo/images/val/RECHERCHE-016_x079872_y024576.jpg,segmentation/masks/val/RECHERCHE-016_x079872_y024576.png,yolo/labels/val/RECHERCHE-016_x079872_y024576.txt
RECHERCHE-016_x046080_y026112,RECHERCHE-016,val,fold_2,46080,26112,2048,1024,True,1,0.1867,yolo/images/val/RECHERCHE-016_x046080_y026112.jpg,segmentation/masks/val/RECHERCHE-016_x046080_y026112.png,yolo/labels/val/RECHERCHE-016_x046080_y026112.txt
RECHERCHE-016_x049152_y026112,RECHERCHE-016,val,fold_2,49152,26112,2048,1024,True,2,1.0,yolo/images/val/RECHERCHE-016_x049152_y026112.jpg,segmentation/masks/val/RECHERCHE-016_x049152_y026112.png,yolo/labels/val/RECHERCHE-016_x049152_y026112.txt
RECHERCHE-016_x050688_y026112,RECHERCHE-016,val,fold_2,50688,26112,2048,1024,True,1,0.9778,yolo/images/val/RECHERCHE-016_x050688_y026112.jpg,segmentation/masks/val/RECHERCHE-016_x050688_y026112.png,yolo/labels/val/RECHERCHE-016_x050688_y026112.txt
RECHERCHE-016_x019968_y027648,RECHERCHE-016,val,fold_2,19968,27648,2048,1024,True,1,0.5289,yolo/images/val/RECHERCHE-016_x019968_y027648.jpg,segmentation/masks/val/RECHERCHE-016_x019968_y027648.png,yolo/labels/val/RECHERCHE-016_x019968_y027648.txt
RECHERCHE-016_x046080_y027648,RECHERCHE-016,val,fold_2,46080,27648,2048,1024,True,2,0.7556,yolo/images/val/RECHERCHE-016_x046080_y027648.jpg,segmentation/masks/val/RECHERCHE-016_x046080_y027648.png,yolo/labels/val/RECHERCHE-016_x046080_y027648.txt
RECHERCHE-016_x049152_y027648,RECHERCHE-016,val,fold_2,49152,27648,2048,1024,True,1,1.0,yolo/images/val/RECHERCHE-016_x049152_y027648.jpg,segmentation/masks/val/RECHERCHE-016_x049152_y027648.png,yolo/labels/val/RECHERCHE-016_x049152_y027648.txt
RECHERCHE-016_x076800_y027648,RECHERCHE-016,val,fold_2,76800,27648,2048,1024,True,1,0.5083,yolo/images/val/RECHERCHE-016_x076800_y027648.jpg,segmentation/masks/val/RECHERCHE-016_x076800_y027648.png,yolo/labels/val/RECHERCHE-016_x076800_y027648.txt
RECHERCHE-016_x019968_y029184,RECHERCHE-016,val,fold_2,19968,29184,2048,1024,True,2,1.0,yolo/images/val/RECHERCHE-016_x019968_y029184.jpg,segmentation/masks/val/RECHERCHE-016_x019968_y029184.png,yolo/labels/val/RECHERCHE-016_x019968_y029184.txt
RECHERCHE-016_x021504_y029184,RECHERCHE-016,val,fold_2,21504,29184,2048,1024,True,1,0.9822,yolo/images/val/RECHERCHE-016_x021504_y029184.jpg,segmentation/masks/val/RECHERCHE-016_x021504_y029184.png,yolo/labels/val/RECHERCHE-016_x021504_y029184.txt
RECHERCHE-016_x044544_y029184,RECHERCHE-016,val,fold_2,44544,29184,2048,1024,True,2,0.4889,yolo/images/val/RECHERCHE-016_x044544_y029184.jpg,segmentation/masks/val/RECHERCHE-016_x044544_y029184.png,yolo/labels/val/RECHERCHE-016_x044544_y029184.txt
RECHERCHE-016_x046080_y029184,RECHERCHE-016,val,fold_2,46080,29184,2048,1024,True,1,0.9956,yolo/images/val/RECHERCHE-016_x046080_y029184.jpg,segmentation/masks/val/RECHERCHE-016_x046080_y029184.png,yolo/labels/val/RECHERCHE-016_x046080_y029184.txt
RECHERCHE-016_x044544_y030720,RECHERCHE-016,val,fold_2,44544,30720,2048,1024,True,3,0.9022,yolo/images/val/RECHERCHE-016_x044544_y030720.jpg,segmentation/masks/val/RECHERCHE-016_x044544_y030720.png,yolo/labels/val/RECHERCHE-016_x044544_y030720.txt
RECHERCHE-016_x046080_y030720,RECHERCHE-016,val,fold_2,46080,30720,2048,1024,True,2,1.0,yolo/images/val/RECHERCHE-016_x046080_y030720.jpg,segmentation/masks/val/RECHERCHE-016_x046080_y030720.png,yolo/labels/val/RECHERCHE-016_x046080_y030720.txt
RECHERCHE-016_x047616_y030720,RECHERCHE-016,val,fold_2,47616,30720,2048,1024,True,1,0.9956,yolo/images/val/RECHERCHE-016_x047616_y030720.jpg,segmentation/masks/val/RECHERCHE-016_x047616_y030720.png,yolo/labels/val/RECHERCHE-016_x047616_y030720.txt
RECHERCHE-016_x010752_y032256,RECHERCHE-016,val,fold_2,10752,32256,2048,1024,True,1,0.2756,yolo/images/val/RECHERCHE-016_x010752_y032256.jpg,segmentation/masks/val/RECHERCHE-016_x010752_y032256.png,yolo/labels/val/RECHERCHE-016_x010752_y032256.txt
RECHERCHE-016_x012288_y032256,RECHERCHE-016,val,fold_2,12288,32256,2048,1024,True,2,0.8222,yolo/images/val/RECHERCHE-016_x012288_y032256.jpg,segmentation/masks/val/RECHERCHE-016_x012288_y032256.png,yolo/labels/val/RECHERCHE-016_x012288_y032256.txt
RECHERCHE-016_x015360_y032256,RECHERCHE-016,val,fold_2,15360,32256,2048,1024,True,2,1.0,yolo/images/val/RECHERCHE-016_x015360_y032256.jpg,segmentation/masks/val/RECHERCHE-016_x015360_y032256.png,yolo/labels/val/RECHERCHE-016_x015360_y032256.txt
RECHERCHE-016_x016896_y032256,RECHERCHE-016,val,fold_2,16896,32256,2048,1024,True,1,1.0,yolo/images/val/RECHERCHE-016_x016896_y032256.jpg,segmentation/masks/val/RECHERCHE-016_x016896_y032256.png,yolo/labels/val/RECHERCHE-016_x016896_y032256.txt
RECHERCHE-016_x043008_y032256,RECHERCHE-016,val,fold_2,43008,32256,2048,1024,True,1,0.5689,yolo/images/val/RECHERCHE-016_x043008_y032256.jpg,segmentation/masks/val/RECHERCHE-016_x043008_y032256.png,yolo/labels/val/RECHERCHE-016_x043008_y032256.txt
RECHERCHE-016_x044544_y032256,RECHERCHE-016,val,fold_2,44544,32256,2048,1024,True,3,1.0,yolo/images/val/RECHERCHE-016_x044544_y032256.jpg,segmentation/masks/val/RECHERCHE-016_x044544_y032256.png,yolo/labels/val/RECHERCHE-016_x044544_y032256.txt
RECHERCHE-016_x046080_y032256,RECHERCHE-016,val,fold_2,46080,32256,2048,1024,True,2,1.0,yolo/images/val/RECHERCHE-016_x046080_y032256.jpg,segmentation/masks/val/RECHERCHE-016_x046080_y032256.png,yolo/labels/val/RECHERCHE-016_x046080_y032256.txt
RECHERCHE-016_x007680_y033792,RECHERCHE-016,val,fold_2,7680,33792,2048,1024,True,1,0.2667,yolo/images/val/RECHERCHE-016_x007680_y033792.jpg,segmentation/masks/val/RECHERCHE-016_x007680_y033792.png,yolo/labels/val/RECHERCHE-016_x007680_y033792.txt
RECHERCHE-016_x009216_y033792,RECHERCHE-016,val,fold_2,9216,33792,2048,1024,True,1,0.6311,yolo/images/val/RECHERCHE-016_x009216_y033792.jpg,segmentation/masks/val/RECHERCHE-016_x009216_y033792.png,yolo/labels/val/RECHERCHE-016_x009216_y033792.txt
RECHERCHE-016_x010752_y033792,RECHERCHE-016,val,fold_2,10752,33792,2048,1024,True,1,0.9511,yolo/images/val/RECHERCHE-016_x010752_y033792.jpg,segmentation/masks/val/RECHERCHE-016_x010752_y033792.png,yolo/labels/val/RECHERCHE-016_x010752_y033792.txt
RECHERCHE-016_x003072_y035328,RECHERCHE-016,val,fold_2,3072,35328,2048,1024,True,1,0.28,yolo/images/val/RECHERCHE-016_x003072_y035328.jpg,segmentation/masks/val/RECHERCHE-016_x003072_y035328.png,yolo/labels/val/RECHERCHE-016_x003072_y035328.txt
RECHERCHE-016_x007680_y035328,RECHERCHE-016,val,fold_2,7680,35328,2048,1024,True,1,0.9378,yolo/images/val/RECHERCHE-016_x007680_y035328.jpg,segmentation/masks/val/RECHERCHE-016_x007680_y035328.png,yolo/labels/val/RECHERCHE-016_x007680_y035328.txt
RECHERCHE-016_x009216_y035328,RECHERCHE-016,val,fold_2,9216,35328,2048,1024,True,3,1.0,yolo/images/val/RECHERCHE-016_x009216_y035328.jpg,segmentation/masks/val/RECHERCHE-016_x009216_y035328.png,yolo/labels/val/RECHERCHE-016_x009216_y035328.txt
RECHERCHE-016_x010752_y035328,RECHERCHE-016,val,fold_2,10752,35328,2048,1024,True,3,1.0,yolo/images/val/RECHERCHE-016_x010752_y035328.jpg,segmentation/masks/val/RECHERCHE-016_x010752_y035328.png,yolo/labels/val/RECHERCHE-016_x010752_y035328.txt
RECHERCHE-016_x012288_y035328,RECHERCHE-016,val,fold_2,12288,35328,2048,1024,True,1,1.0,yolo/images/val/RECHERCHE-016_x012288_y035328.jpg,segmentation/masks/val/RECHERCHE-016_x012288_y035328.png,yolo/labels/val/RECHERCHE-016_x012288_y035328.txt
RECHERCHE-016_x039936_y035328,RECHERCHE-016,val,fold_2,39936,35328,2048,1024,True,1,0.2533,yolo/images/val/RECHERCHE-016_x039936_y035328.jpg,segmentation/masks/val/RECHERCHE-016_x039936_y035328.png,yolo/labels/val/RECHERCHE-016_x039936_y035328.txt
RECHERCHE-016_x043008_y035328,RECHERCHE-016,val,fold_2,43008,35328,2048,1024,True,2,1.0,yolo/images/val/RECHERCHE-016_x043008_y035328.jpg,segmentation/masks/val/RECHERCHE-016_x043008_y035328.png,yolo/labels/val/RECHERCHE-016_x043008_y035328.txt
RECHERCHE-016_x044544_y035328,RECHERCHE-016,val,fold_2,44544,35328,2048,1024,True,1,0.7778,yolo/images/val/RECHERCHE-016_x044544_y035328.jpg,segmentation/masks/val/RECHERCHE-016_x044544_y035328.png,yolo/labels/val/RECHERCHE-016_x044544_y035328.txt
RECHERCHE-016_x003072_y036864,RECHERCHE-016,val,fold_2,3072,36864,2048,1024,True,1,0.7111,yolo/images/val/RECHERCHE-016_x003072_y036864.jpg,segmentation/masks/val/RECHERCHE-016_x003072_y036864.png,yolo/labels/val/RECHERCHE-016_x003072_y036864.txt
RECHERCHE-016_x006144_y036864,RECHERCHE-016,val,fold_2,6144,36864,2048,1024,True,1,1.0,yolo/images/val/RECHERCHE-016_x006144_y036864.jpg,segmentation/masks/val/RECHERCHE-016_x006144_y036864.png,yolo/labels/val/RECHERCHE-016_x006144_y036864.txt
RECHERCHE-016_x007680_y036864,RECHERCHE-016,val,fold_2,7680,36864,2048,1024,True,1,1.0,yolo/images/val/RECHERCHE-016_x007680_y036864.jpg,segmentation/masks/val/RECHERCHE-016_x007680_y036864.png,yolo/labels/val/RECHERCHE-016_x007680_y036864.txt
RECHERCHE-016_x009216_y036864,RECHERCHE-016,val,fold_2,9216,36864,2048,1024,True,1,0.9778,yolo/images/val/RECHERCHE-016_x009216_y036864.jpg,segmentation/masks/val/RECHERCHE-016_x009216_y036864.png,yolo/labels/val/RECHERCHE-016_x009216_y036864.txt
RECHERCHE-016_x010752_y036864,RECHERCHE-016,val,fold_2,10752,36864,2048,1024,True,1,0.9156,yolo/images/val/RECHERCHE-016_x010752_y036864.jpg,segmentation/masks/val/RECHERCHE-016_x010752_y036864.png,yolo/labels/val/RECHERCHE-016_x010752_y036864.txt
RECHERCHE-016_x039936_y036864,RECHERCHE-016,val,fold_2,39936,36864,2048,1024,True,1,0.5244,yolo/images/val/RECHERCHE-016_x039936_y036864.jpg,segmentation/masks/val/RECHERCHE-016_x039936_y036864.png,yolo/labels/val/RECHERCHE-016_x039936_y036864.txt
RECHERCHE-016_x043008_y036864,RECHERCHE-016,val,fold_2,43008,36864,2048,1024,True,1,0.6133,yolo/images/val/RECHERCHE-016_x043008_y036864.jpg,segmentation/masks/val/RECHERCHE-016_x043008_y036864.png,yolo/labels/val/RECHERCHE-016_x043008_y036864.txt
RECHERCHE-016_x044544_y036864,RECHERCHE-016,val,fold_2,44544,36864,2048,1024,True,1,0.2089,yolo/images/val/RECHERCHE-016_x044544_y036864.jpg,segmentation/masks/val/RECHERCHE-016_x044544_y036864.png,yolo/labels/val/RECHERCHE-016_x044544_y036864.txt
RECHERCHE-016_x004608_y038400,RECHERCHE-016,val,fold_2,4608,38400,2048,1024,True,1,0.4125,yolo/images/val/RECHERCHE-016_x004608_y038400.jpg,segmentation/masks/val/RECHERCHE-016_x004608_y038400.png,yolo/labels/val/RECHERCHE-016_x004608_y038400.txt
RECHERCHE-016_x006144_y038400,RECHERCHE-016,val,fold_2,6144,38400,2048,1024,True,2,0.5167,yolo/images/val/RECHERCHE-016_x006144_y038400.jpg,segmentation/masks/val/RECHERCHE-016_x006144_y038400.png,yolo/labels/val/RECHERCHE-016_x006144_y038400.txt
RECHERCHE-016_x007680_y038400,RECHERCHE-016,val,fold_2,7680,38400,2048,1024,True,1,0.4625,yolo/images/val/RECHERCHE-016_x007680_y038400.jpg,segmentation/masks/val/RECHERCHE-016_x007680_y038400.png,yolo/labels/val/RECHERCHE-016_x007680_y038400.txt
RECHERCHE-016_x001536_y039936,RECHERCHE-016,val,fold_2,1536,39936,2048,1024,True,1,0.2311,yolo/images/val/RECHERCHE-016_x001536_y039936.jpg,segmentation/masks/val/RECHERCHE-016_x001536_y039936.png,yolo/labels/val/RECHERCHE-016_x001536_y039936.txt
RECHERCHE-016_x003072_y039936,RECHERCHE-016,val,fold_2,3072,39936,2048,1024,True,1,0.3111,yolo/images/val/RECHERCHE-016_x003072_y039936.jpg,segmentation/masks/val/RECHERCHE-016_x003072_y039936.png,yolo/labels/val/RECHERCHE-016_x003072_y039936.txt
RECHERCHE-016_x041472_y039936,RECHERCHE-016,val,fold_2,41472,39936,2048,1024,True,1,0.3289,yolo/images/val/RECHERCHE-016_x041472_y039936.jpg,segmentation/masks/val/RECHERCHE-016_x041472_y039936.png,yolo/labels/val/RECHERCHE-016_x041472_y039936.txt
RECHERCHE-016_x001536_y041472,RECHERCHE-016,val,fold_2,1536,41472,2048,1024,True,1,0.3111,yolo/images/val/RECHERCHE-016_x001536_y041472.jpg,segmentation/masks/val/RECHERCHE-016_x001536_y041472.png,yolo/labels/val/RECHERCHE-016_x001536_y041472.txt
RECHERCHE-016_x003072_y041472,RECHERCHE-016,val,fold_2,3072,41472,2048,1024,True,2,0.8222,yolo/images/val/RECHERCHE-016_x003072_y041472.jpg,segmentation/masks/val/RECHERCHE-016_x003072_y041472.png,yolo/labels/val/RECHERCHE-016_x003072_y041472.txt
RECHERCHE-016_x041472_y041472,RECHERCHE-016,val,fold_2,41472,41472,2048,1024,True,2,0.7111,yolo/images/val/RECHERCHE-016_x041472_y041472.jpg,segmentation/masks/val/RECHERCHE-016_x041472_y041472.png,yolo/labels/val/RECHERCHE-016_x041472_y041472.txt
RECHERCHE-016_x043008_y041472,RECHERCHE-016,val,fold_2,43008,41472,2048,1024,True,1,0.5556,yolo/images/val/RECHERCHE-016_x043008_y041472.jpg,segmentation/masks/val/RECHERCHE-016_x043008_y041472.png,yolo/labels/val/RECHERCHE-016_x043008_y041472.txt
RECHERCHE-016_x135168_y001536,RECHERCHE-016,val,fold_2,135168,1536,2048,1024,False,0,0.4,yolo/images/val/RECHERCHE-016_x135168_y001536.jpg,segmentation/masks/val/RECHERCHE-016_x135168_y001536.png,yolo/labels/val/RECHERCHE-016_x135168_y001536.txt
RECHERCHE-016_x130560_y003072,RECHERCHE-016,val,fold_2,130560,3072,2048,1024,False,0,0.5689,yolo/images/val/RECHERCHE-016_x130560_y003072.jpg,segmentation/masks/val/RECHERCHE-016_x130560_y003072.png,yolo/labels/val/RECHERCHE-016_x130560_y003072.txt
RECHERCHE-016_x135168_y003072,RECHERCHE-016,val,fold_2,135168,3072,2048,1024,False,0,0.7689,yolo/images/val/RECHERCHE-016_x135168_y003072.jpg,segmentation/masks/val/RECHERCHE-016_x135168_y003072.png,yolo/labels/val/RECHERCHE-016_x135168_y003072.txt
RECHERCHE-016_x129024_y004608,RECHERCHE-016,val,fold_2,129024,4608,2048,1024,False,0,0.4667,yolo/images/val/RECHERCHE-016_x129024_y004608.jpg,segmentation/masks/val/RECHERCHE-016_x129024_y004608.png,yolo/labels/val/RECHERCHE-016_x129024_y004608.txt
RECHERCHE-016_x130560_y004608,RECHERCHE-016,val,fold_2,130560,4608,2048,1024,False,0,0.9289,yolo/images/val/RECHERCHE-016_x130560_y004608.jpg,segmentation/masks/val/RECHERCHE-016_x130560_y004608.png,yolo/labels/val/RECHERCHE-016_x130560_y004608.txt
RECHERCHE-016_x132096_y004608,RECHERCHE-016,val,fold_2,132096,4608,2048,1024,False,0,1.0,yolo/images/val/RECHERCHE-016_x132096_y004608.jpg,segmentation/masks/val/RECHERCHE-016_x132096_y004608.png,yolo/labels/val/RECHERCHE-016_x132096_y004608.txt
RECHERCHE-016_x133632_y004608,RECHERCHE-016,val,fold_2,133632,4608,2048,1024,False,0,0.9422,yolo/images/val/RECHERCHE-016_x133632_y004608.jpg,segmentation/masks/val/RECHERCHE-016_x133632_y004608.png,yolo/labels/val/RECHERCHE-016_x133632_y004608.txt
RECHERCHE-016_x135168_y004608,RECHERCHE-016,val,fold_2,135168,4608,2048,1024,False,0,0.2844,yolo/images/val/RECHERCHE-016_x135168_y004608.jpg,segmentation/masks/val/RECHERCHE-016_x135168_y004608.png,yolo/labels/val/RECHERCHE-016_x135168_y004608.txt
RECHERCHE-016_x125952_y006144,RECHERCHE-016,val,fold_2,125952,6144,2048,1024,False,0,0.28,yolo/images/val/RECHERCHE-016_x125952_y006144.jpg,segmentation/masks/val/RECHERCHE-016_x125952_y006144.png,yolo/labels/val/RECHERCHE-016_x125952_y006144.txt
RECHERCHE-016_x127488_y006144,RECHERCHE-016,val,fold_2,127488,6144,2048,1024,False,0,0.8178,yolo/images/val/RECHERCHE-016_x127488_y006144.jpg,segmentation/masks/val/RECHERCHE-016_x127488_y006144.png,yolo/labels/val/RECHERCHE-016_x127488_y006144.txt
RECHERCHE-016_x130560_y006144,RECHERCHE-016,val,fold_2,130560,6144,2048,1024,False,0,1.0,yolo/images/val/RECHERCHE-016_x130560_y006144.jpg,segmentation/masks/val/RECHERCHE-016_x130560_y006144.png,yolo/labels/val/RECHERCHE-016_x130560_y006144.txt
RECHERCHE-016_x132096_y006144,RECHERCHE-016,val,fold_2,132096,6144,2048,1024,False,0,0.9289,yolo/images/val/RECHERCHE-016_x132096_y006144.jpg,segmentation/masks/val/RECHERCHE-016_x132096_y006144.png,yolo/labels/val/RECHERCHE-016_x132096_y006144.txt
RECHERCHE-016_x133632_y006144,RECHERCHE-016,val,fold_2,133632,6144,2048,1024,False,0,0.4133,yolo/images/val/RECHERCHE-016_x133632_y006144.jpg,segmentation/masks/val/RECHERCHE-016_x133632_y006144.png,yolo/labels/val/RECHERCHE-016_x133632_y006144.txt
RECHERCHE-016_x130560_y007680,RECHERCHE-016,val,fold_2,130560,7680,2048,1024,False,0,0.9511,yolo/images/val/RECHERCHE-016_x130560_y007680.jpg,segmentation/masks/val/RECHERCHE-016_x130560_y007680.png,yolo/labels/val/RECHERCHE-016_x130560_y007680.txt
RECHERCHE-016_x132096_y007680,RECHERCHE-016,val,fold_2,132096,7680,2048,1024,False,0,0.3733,yolo/images/val/RECHERCHE-016_x132096_y007680.jpg,segmentation/masks/val/RECHERCHE-016_x132096_y007680.png,yolo/labels/val/RECHERCHE-016_x132096_y007680.txt
RECHERCHE-016_x125952_y009216,RECHERCHE-016,val,fold_2,125952,9216,2048,1024,False,0,1.0,yolo/images/val/RECHERCHE-016_x125952_y009216.jpg,segmentation/masks/val/RECHERCHE-016_x125952_y009216.png,yolo/labels/val/RECHERCHE-016_x125952_y009216.txt
RECHERCHE-016_x130560_y009216,RECHERCHE-016,val,fold_2,130560,9216,2048,1024,False,0,0.3689,yolo/images/val/RECHERCHE-016_x130560_y009216.jpg,segmentation/masks/val/RECHERCHE-016_x130560_y009216.png,yolo/labels/val/RECHERCHE-016_x130560_y009216.txt
RECHERCHE-016_x089088_y010752,RECHERCHE-016,val,fold_2,89088,10752,2048,1024,False,0,0.3822,yolo/images/val/RECHERCHE-016_x089088_y010752.jpg,segmentation/masks/val/RECHERCHE-016_x089088_y010752.png,yolo/labels/val/RECHERCHE-016_x089088_y010752.txt
RECHERCHE-016_x093696_y010752,RECHERCHE-016,val,fold_2,93696,10752,2048,1024,False,0,0.7378,yolo/images/val/RECHERCHE-016_x093696_y010752.jpg,segmentation/masks/val/RECHERCHE-016_x093696_y010752.png,yolo/labels/val/RECHERCHE-016_x093696_y010752.txt
RECHERCHE-016_x127488_y010752,RECHERCHE-016,val,fold_2,127488,10752,2048,1024,False,0,0.72,yolo/images/val/RECHERCHE-016_x127488_y010752.jpg,segmentation/masks/val/RECHERCHE-016_x127488_y010752.png,yolo/labels/val/RECHERCHE-016_x127488_y010752.txt
RECHERCHE-016_x129024_y010752,RECHERCHE-016,val,fold_2,129024,10752,2048,1024,False,0,0.1822,yolo/images/val/RECHERCHE-016_x129024_y010752.jpg,segmentation/masks/val/RECHERCHE-016_x129024_y010752.png,yolo/labels/val/RECHERCHE-016_x129024_y010752.txt
RECHERCHE-016_x087552_y012288,RECHERCHE-016,val,fold_2,87552,12288,2048,1024,False,0,0.3067,yolo/images/val/RECHERCHE-016_x087552_y012288.jpg,segmentation/masks/val/RECHERCHE-016_x087552_y012288.png,yolo/labels/val/RECHERCHE-016_x087552_y012288.txt
RECHERCHE-016_x089088_y012288,RECHERCHE-016,val,fold_2,89088,12288,2048,1024,False,0,0.8933,yolo/images/val/RECHERCHE-016_x089088_y012288.jpg,segmentation/masks/val/RECHERCHE-016_x089088_y012288.png,yolo/labels/val/RECHERCHE-016_x089088_y012288.txt
RECHERCHE-016_x093696_y012288,RECHERCHE-016,val,fold_2,93696,12288,2048,1024,False,0,0.3822,yolo/images/val/RECHERCHE-016_x093696_y012288.jpg,segmentation/masks/val/RECHERCHE-016_x093696_y012288.png,yolo/labels/val/RECHERCHE-016_x093696_y012288.txt
RECHERCHE-016_x127488_y012288,RECHERCHE-016,val,fold_2,127488,12288,2048,1024,False,0,0.1644,yolo/images/val/RECHERCHE-016_x127488_y012288.jpg,segmentation/masks/val/RECHERCHE-016_x127488_y012288.png,yolo/labels/val/RECHERCHE-016_x127488_y012288.txt
RECHERCHE-016_x086016_y013824,RECHERCHE-016,val,fold_2,86016,13824,2048,1024,False,0,0.5956,yolo/images/val/RECHERCHE-016_x086016_y013824.jpg,segmentation/masks/val/RECHERCHE-016_x086016_y013824.png,yolo/labels/val/RECHERCHE-016_x086016_y013824.txt
RECHERCHE-016_x087552_y013824,RECHERCHE-016,val,fold_2,87552,13824,2048,1024,False,0,0.9333,yolo/images/val/RECHERCHE-016_x087552_y013824.jpg,segmentation/masks/val/RECHERCHE-016_x087552_y013824.png,yolo/labels/val/RECHERCHE-016_x087552_y013824.txt
RECHERCHE-016_x089088_y013824,RECHERCHE-016,val,fold_2,89088,13824,2048,1024,False,0,1.0,yolo/images/val/RECHERCHE-016_x089088_y013824.jpg,segmentation/masks/val/RECHERCHE-016_x089088_y013824.png,yolo/labels/val/RECHERCHE-016_x089088_y013824.txt
RECHERCHE-016_x090624_y013824,RECHERCHE-016,val,fold_2,90624,13824,2048,1024,False,0,0.9956,yolo/images/val/RECHERCHE-016_x090624_y013824.jpg,segmentation/masks/val/RECHERCHE-016_x090624_y013824.png,yolo/labels/val/RECHERCHE-016_x090624_y013824.txt
RECHERCHE-016_x092160_y013824,RECHERCHE-016,val,fold_2,92160,13824,2048,1024,False,0,0.6533,yolo/images/val/RECHERCHE-016_x092160_y013824.jpg,segmentation/masks/val/RECHERCHE-016_x092160_y013824.png,yolo/labels/val/RECHERCHE-016_x092160_y013824.txt
RECHERCHE-016_x118272_y013824,RECHERCHE-016,val,fold_2,118272,13824,2048,1024,False,0,0.4756,yolo/images/val/RECHERCHE-016_x118272_y013824.jpg,segmentation/masks/val/RECHERCHE-016_x118272_y013824.png,yolo/labels/val/RECHERCHE-016_x118272_y013824.txt
RECHERCHE-016_x122880_y013824,RECHERCHE-016,val,fold_2,122880,13824,2048,1024,False,0,0.9022,yolo/images/val/RECHERCHE-016_x122880_y013824.jpg,segmentation/masks/val/RECHERCHE-016_x122880_y013824.png,yolo/labels/val/RECHERCHE-016_x122880_y013824.txt
RECHERCHE-016_x124416_y013824,RECHERCHE-016,val,fold_2,124416,13824,2048,1024,False,0,0.5467,yolo/images/val/RECHERCHE-016_x124416_y013824.jpg,segmentation/masks/val/RECHERCHE-016_x124416_y013824.png,yolo/labels/val/RECHERCHE-016_x124416_y013824.txt
RECHERCHE-016_x089088_y015360,RECHERCHE-016,val,fold_2,89088,15360,2048,1024,False,0,0.9911,yolo/images/val/RECHERCHE-016_x089088_y015360.jpg,segmentation/masks/val/RECHERCHE-016_x089088_y015360.png,yolo/labels/val/RECHERCHE-016_x089088_y015360.txt
RECHERCHE-016_x090624_y015360,RECHERCHE-016,val,fold_2,90624,15360,2048,1024,False,0,0.6,yolo/images/val/RECHERCHE-016_x090624_y015360.jpg,segmentation/masks/val/RECHERCHE-016_x090624_y015360.png,yolo/labels/val/RECHERCHE-016_x090624_y015360.txt
RECHERCHE-016_x118272_y015360,RECHERCHE-016,val,fold_2,118272,15360,2048,1024,False,0,0.9822,yolo/images/val/RECHERCHE-016_x118272_y015360.jpg,segmentation/masks/val/RECHERCHE-016_x118272_y015360.png,yolo/labels/val/RECHERCHE-016_x118272_y015360.txt
RECHERCHE-016_x122880_y015360,RECHERCHE-016,val,fold_2,122880,15360,2048,1024,False,0,0.2267,yolo/images/val/RECHERCHE-016_x122880_y015360.jpg,segmentation/masks/val/RECHERCHE-016_x122880_y015360.png,yolo/labels/val/RECHERCHE-016_x122880_y015360.txt
RECHERCHE-016_x089088_y016896,RECHERCHE-016,val,fold_2,89088,16896,2048,1024,False,0,0.4667,yolo/images/val/RECHERCHE-016_x089088_y016896.jpg,segmentation/masks/val/RECHERCHE-016_x089088_y016896.png,yolo/labels/val/RECHERCHE-016_x089088_y016896.txt
RECHERCHE-016_x116736_y016896,RECHERCHE-016,val,fold_2,116736,16896,2048,1024,False,0,0.3244,yolo/images/val/RECHERCHE-016_x116736_y016896.jpg,segmentation/masks/val/RECHERCHE-016_x116736_y016896.png,yolo/labels/val/RECHERCHE-016_x116736_y016896.txt
RECHERCHE-016_x118272_y016896,RECHERCHE-016,val,fold_2,118272,16896,2048,1024,False,0,0.4622,yolo/images/val/RECHERCHE-016_x118272_y016896.jpg,segmentation/masks/val/RECHERCHE-016_x118272_y016896.png,yolo/labels/val/RECHERCHE-016_x118272_y016896.txt
RECHERCHE-016_x086016_y018432,RECHERCHE-016,val,fold_2,86016,18432,2048,1024,False,0,0.7556,yolo/images/val/RECHERCHE-016_x086016_y018432.jpg,segmentation/masks/val/RECHERCHE-016_x086016_y018432.png,yolo/labels/val/RECHERCHE-016_x086016_y018432.txt
RECHERCHE-016_x087552_y018432,RECHERCHE-016,val,fold_2,87552,18432,2048,1024,False,0,0.2489,yolo/images/val/RECHERCHE-016_x087552_y018432.jpg,segmentation/masks/val/RECHERCHE-016_x087552_y018432.png,yolo/labels/val/RECHERCHE-016_x087552_y018432.txt
RECHERCHE-016_x053760_y019968,RECHERCHE-016,val,fold_2,53760,19968,2048,1024,False,0,0.68,yolo/images/val/RECHERCHE-016_x053760_y019968.jpg,segmentation/masks/val/RECHERCHE-016_x053760_y019968.png,yolo/labels/val/RECHERCHE-016_x053760_y019968.txt
RECHERCHE-016_x055296_y019968,RECHERCHE-016,val,fold_2,55296,19968,2048,1024,False,0,0.3556,yolo/images/val/RECHERCHE-016_x055296_y019968.jpg,segmentation/masks/val/RECHERCHE-016_x055296_y019968.png,yolo/labels/val/RECHERCHE-016_x055296_y019968.txt
RECHERCHE-016_x078336_y019968,RECHERCHE-016,val,fold_2,78336,19968,2048,1024,False,0,0.1733,yolo/images/val/RECHERCHE-016_x078336_y019968.jpg,segmentation/masks/val/RECHERCHE-016_x078336_y019968.png,yolo/labels/val/RECHERCHE-016_x078336_y019968.txt
RECHERCHE-016_x086016_y019968,RECHERCHE-016,val,fold_2,86016,19968,2048,1024,False,0,0.2933,yolo/images/val/RECHERCHE-016_x086016_y019968.jpg,segmentation/masks/val/RECHERCHE-016_x086016_y019968.png,yolo/labels/val/RECHERCHE-016_x086016_y019968.txt
RECHERCHE-016_x055296_y021504,RECHERCHE-016,val,fold_2,55296,21504,2048,1024,False,0,0.3644,yolo/images/val/RECHERCHE-016_x055296_y021504.jpg,segmentation/masks/val/RECHERCHE-016_x055296_y021504.png,yolo/labels/val/RECHERCHE-016_x055296_y021504.txt
RECHERCHE-016_x078336_y021504,RECHERCHE-016,val,fold_2,78336,21504,2048,1024,False,0,0.6711,yolo/images/val/RECHERCHE-016_x078336_y021504.jpg,segmentation/masks/val/RECHERCHE-016_x078336_y021504.png,yolo/labels/val/RECHERCHE-016_x078336_y021504.txt
RECHERCHE-016_x084480_y021504,RECHERCHE-016,val,fold_2,84480,21504,2048,1024,False,0,0.2533,yolo/images/val/RECHERCHE-016_x084480_y021504.jpg,segmentation/masks/val/RECHERCHE-016_x084480_y021504.png,yolo/labels/val/RECHERCHE-016_x084480_y021504.txt
RECHERCHE-016_x116736_y021504,RECHERCHE-016,val,fold_2,116736,21504,2048,1024,False,0,0.3156,yolo/images/val/RECHERCHE-016_x116736_y021504.jpg,segmentation/masks/val/RECHERCHE-016_x116736_y021504.png,yolo/labels/val/RECHERCHE-016_x116736_y021504.txt
RECHERCHE-016_x118272_y021504,RECHERCHE-016,val,fold_2,118272,21504,2048,1024,False,0,0.7778,yolo/images/val/RECHERCHE-016_x118272_y021504.jpg,segmentation/masks/val/RECHERCHE-016_x118272_y021504.png,yolo/labels/val/RECHERCHE-016_x118272_y021504.txt
RECHERCHE-016_x049152_y023040,RECHERCHE-016,val,fold_2,49152,23040,2048,1024,False,0,0.2489,yolo/images/val/RECHERCHE-016_x049152_y023040.jpg,segmentation/masks/val/RECHERCHE-016_x049152_y023040.png,yolo/labels/val/RECHERCHE-016_x049152_y023040.txt
RECHERCHE-016_x050688_y023040,RECHERCHE-016,val,fold_2,50688,23040,2048,1024,False,0,0.9422,yolo/images/val/RECHERCHE-016_x050688_y023040.jpg,segmentation/masks/val/RECHERCHE-016_x050688_y023040.png,yolo/labels/val/RECHERCHE-016_x050688_y023040.txt
RECHERCHE-016_x052224_y023040,RECHERCHE-016,val,fold_2,52224,23040,2048,1024,False,0,1.0,yolo/images/val/RECHERCHE-016_x052224_y023040.jpg,segmentation/masks/val/RECHERCHE-016_x052224_y023040.png,yolo/labels/val/RECHERCHE-016_x052224_y023040.txt
RECHERCHE-016_x053760_y023040,RECHERCHE-016,val,fold_2,53760,23040,2048,1024,False,0,0.8667,yolo/images/val/RECHERCHE-016_x053760_y023040.jpg,segmentation/masks/val/RECHERCHE-016_x053760_y023040.png,yolo/labels/val/RECHERCHE-016_x053760_y023040.txt
RECHERCHE-016_x081408_y023040,RECHERCHE-016,val,fold_2,81408,23040,2048,1024,False,0,0.4844,yolo/images/val/RECHERCHE-016_x081408_y023040.jpg,segmentation/masks/val/RECHERCHE-016_x081408_y023040.png,yolo/labels/val/RECHERCHE-016_x081408_y023040.txt
RECHERCHE-016_x118272_y023040,RECHERCHE-016,val,fold_2,118272,23040,2048,1024,False,0,0.44,yolo/images/val/RECHERCHE-016_x118272_y023040.jpg,segmentation/masks/val/RECHERCHE-016_x118272_y023040.png,yolo/labels/val/RECHERCHE-016_x118272_y023040.txt
RECHERCHE-016_x047616_y024576,RECHERCHE-016,val,fold_2,47616,24576,2048,1024,False,0,0.24,yolo/images/val/RECHERCHE-016_x047616_y024576.jpg,segmentation/masks/val/RECHERCHE-016_x047616_y024576.png,yolo/labels/val/RECHERCHE-016_x047616_y024576.txt
RECHERCHE-016_x049152_y024576,RECHERCHE-016,val,fold_2,49152,24576,2048,1024,False,0,0.8133,yolo/images/val/RECHERCHE-016_x049152_y024576.jpg,segmentation/masks/val/RECHERCHE-016_x049152_y024576.png,yolo/labels/val/RECHERCHE-016_x049152_y024576.txt
RECHERCHE-016_x050688_y024576,RECHERCHE-016,val,fold_2,50688,24576,2048,1024,False,0,1.0,yolo/images/val/RECHERCHE-016_x050688_y024576.jpg,segmentation/masks/val/RECHERCHE-016_x050688_y024576.png,yolo/labels/val/RECHERCHE-016_x050688_y024576.txt
RECHERCHE-016_x052224_y024576,RECHERCHE-016,val,fold_2,52224,24576,2048,1024,False,0,0.9689,yolo/images/val/RECHERCHE-016_x052224_y024576.jpg,segmentation/masks/val/RECHERCHE-016_x052224_y024576.png,yolo/labels/val/RECHERCHE-016_x052224_y024576.txt
RECHERCHE-016_x053760_y024576,RECHERCHE-016,val,fold_2,53760,24576,2048,1024,False,0,0.44,yolo/images/val/RECHERCHE-016_x053760_y024576.jpg,segmentation/masks/val/RECHERCHE-016_x053760_y024576.png,yolo/labels/val/RECHERCHE-016_x053760_y024576.txt
RECHERCHE-016_x052224_y026112,RECHERCHE-016,val,fold_2,52224,26112,2048,1024,False,0,0.5333,yolo/images/val/RECHERCHE-016_x052224_y026112.jpg,segmentation/masks/val/RECHERCHE-016_x052224_y026112.png,yolo/labels/val/RECHERCHE-016_x052224_y026112.txt
RECHERCHE-016_x018432_y027648,RECHERCHE-016,val,fold_2,18432,27648,2048,1024,False,0,0.2444,yolo/images/val/RECHERCHE-016_x018432_y027648.jpg,segmentation/masks/val/RECHERCHE-016_x018432_y027648.png,yolo/labels/val/RECHERCHE-016_x018432_y027648.txt
RECHERCHE-016_x021504_y027648,RECHERCHE-016,val,fold_2,21504,27648,2048,1024,False,0,0.4311,yolo/images/val/RECHERCHE-016_x021504_y027648.jpg,segmentation/masks/val/RECHERCHE-016_x021504_y027648.png,yolo/labels/val/RECHERCHE-016_x021504_y027648.txt
RECHERCHE-016_x050688_y027648,RECHERCHE-016,val,fold_2,50688,27648,2048,1024,False,0,0.6533,yolo/images/val/RECHERCHE-016_x050688_y027648.jpg,segmentation/masks/val/RECHERCHE-016_x050688_y027648.png,yolo/labels/val/RECHERCHE-016_x050688_y027648.txt
RECHERCHE-016_x016896_y029184,RECHERCHE-016,val,fold_2,16896,29184,2048,1024,False,0,0.3733,yolo/images/val/RECHERCHE-016_x016896_y029184.jpg,segmentation/masks/val/RECHERCHE-016_x016896_y029184.png,yolo/labels/val/RECHERCHE-016_x016896_y029184.txt
RECHERCHE-016_x018432_y029184,RECHERCHE-016,val,fold_2,18432,29184,2048,1024,False,0,0.8533,yolo/images/val/RECHERCHE-016_x018432_y029184.jpg,segmentation/masks/val/RECHERCHE-016_x018432_y029184.png,yolo/labels/val/RECHERCHE-016_x018432_y029184.txt
RECHERCHE-016_x023040_y029184,RECHERCHE-016,val,fold_2,23040,29184,2048,1024,False,0,0.4044,yolo/images/val/RECHERCHE-016_x023040_y029184.jpg,segmentation/masks/val/RECHERCHE-016_x023040_y029184.png,yolo/labels/val/RECHERCHE-016_x023040_y029184.txt
RECHERCHE-016_x047616_y029184,RECHERCHE-016,val,fold_2,47616,29184,2048,1024,False,0,1.0,yolo/images/val/RECHERCHE-016_x047616_y029184.jpg,segmentation/masks/val/RECHERCHE-016_x047616_y029184.png,yolo/labels/val/RECHERCHE-016_x047616_y029184.txt
RECHERCHE-016_x049152_y029184,RECHERCHE-016,val,fold_2,49152,29184,2048,1024,False,0,0.8311,yolo/images/val/RECHERCHE-016_x049152_y029184.jpg,segmentation/masks/val/RECHERCHE-016_x049152_y029184.png,yolo/labels/val/RECHERCHE-016_x049152_y029184.txt
RECHERCHE-016_x050688_y029184,RECHERCHE-016,val,fold_2,50688,29184,2048,1024,False,0,0.1556,yolo/images/val/RECHERCHE-016_x050688_y029184.jpg,segmentation/masks/val/RECHERCHE-016_x050688_y029184.png,yolo/labels/val/RECHERCHE-016_x050688_y029184.txt
RECHERCHE-016_x078336_y029184,RECHERCHE-016,val,fold_2,78336,29184,2048,1024,False,0,0.5067,yolo/images/val/RECHERCHE-016_x078336_y029184.jpg,segmentation/masks/val/RECHERCHE-016_x078336_y029184.png,yolo/labels/val/RECHERCHE-016_x078336_y029184.txt
RECHERCHE-016_x013824_y030720,RECHERCHE-016,val,fold_2,13824,30720,2048,1024,False,0,0.48,yolo/images/val/RECHERCHE-016_x013824_y030720.jpg,segmentation/masks/val/RECHERCHE-016_x013824_y030720.png,yolo/labels/val/RECHERCHE-016_x013824_y030720.txt
RECHERCHE-016_x015360_y030720,RECHERCHE-016,val,fold_2,15360,30720,2048,1024,False,0,0.7911,yolo/images/val/RECHERCHE-016_x015360_y030720.jpg,segmentation/masks/val/RECHERCHE-016_x015360_y030720.png,yolo/labels/val/RECHERCHE-016_x015360_y030720.txt
RECHERCHE-016_x016896_y030720,RECHERCHE-016,val,fold_2,16896,30720,2048,1024,False,0,0.9867,yolo/images/val/RECHERCHE-016_x016896_y030720.jpg,segmentation/masks/val/RECHERCHE-016_x016896_y030720.png,yolo/labels/val/RECHERCHE-016_x016896_y030720.txt
RECHERCHE-016_x018432_y030720,RECHERCHE-016,val,fold_2,18432,30720,2048,1024,False,0,1.0,yolo/images/val/RECHERCHE-016_x018432_y030720.jpg,segmentation/masks/val/RECHERCHE-016_x018432_y030720.png,yolo/labels/val/RECHERCHE-016_x018432_y030720.txt
RECHERCHE-016_x019968_y030720,RECHERCHE-016,val,fold_2,19968,30720,2048,1024,False,0,1.0,yolo/images/val/RECHERCHE-016_x019968_y030720.jpg,segmentation/masks/val/RECHERCHE-016_x019968_y030720.png,yolo/labels/val/RECHERCHE-016_x019968_y030720.txt
RECHERCHE-016_x021504_y030720,RECHERCHE-016,val,fold_2,21504,30720,2048,1024,False,0,0.7689,yolo/images/val/RECHERCHE-016_x021504_y030720.jpg,segmentation/masks/val/RECHERCHE-016_x021504_y030720.png,yolo/labels/val/RECHERCHE-016_x021504_y030720.txt
RECHERCHE-016_x023040_y030720,RECHERCHE-016,val,fold_2,23040,30720,2048,1024,False,0,0.1778,yolo/images/val/RECHERCHE-016_x023040_y030720.jpg,segmentation/masks/val/RECHERCHE-016_x023040_y030720.png,yolo/labels/val/RECHERCHE-016_x023040_y030720.txt
RECHERCHE-016_x049152_y030720,RECHERCHE-016,val,fold_2,49152,30720,2048,1024,False,0,0.4711,yolo/images/val/RECHERCHE-016_x049152_y030720.jpg,segmentation/masks/val/RECHERCHE-016_x049152_y030720.png,yolo/labels/val/RECHERCHE-016_x049152_y030720.txt
RECHERCHE-016_x076800_y030720,RECHERCHE-016,val,fold_2,76800,30720,2048,1024,False,0,0.325,yolo/images/val/RECHERCHE-016_x076800_y030720.jpg,segmentation/masks/val/RECHERCHE-016_x076800_y030720.png,yolo/labels/val/RECHERCHE-016_x076800_y030720.txt
RECHERCHE-016_x078336_y030720,RECHERCHE-016,val,fold_2,78336,30720,2048,1024,False,0,0.5244,yolo/images/val/RECHERCHE-016_x078336_y030720.jpg,segmentation/masks/val/RECHERCHE-016_x078336_y030720.png,yolo/labels/val/RECHERCHE-016_x078336_y030720.txt
RECHERCHE-016_x018432_y032256,RECHERCHE-016,val,fold_2,18432,32256,2048,1024,False,0,0.9733,yolo/images/val/RECHERCHE-016_x018432_y032256.jpg,segmentation/masks/val/RECHERCHE-016_x018432_y032256.png,yolo/labels/val/RECHERCHE-016_x018432_y032256.txt
RECHERCHE-016_x019968_y032256,RECHERCHE-016,val,fold_2,19968,32256,2048,1024,False,0,0.7067,yolo/images/val/RECHERCHE-016_x019968_y032256.jpg,segmentation/masks/val/RECHERCHE-016_x019968_y032256.png,yolo/labels/val/RECHERCHE-016_x019968_y032256.txt
RECHERCHE-016_x021504_y032256,RECHERCHE-016,val,fold_2,21504,32256,2048,1024,False,0,0.2222,yolo/images/val/RECHERCHE-016_x021504_y032256.jpg,segmentation/masks/val/RECHERCHE-016_x021504_y032256.png,yolo/labels/val/RECHERCHE-016_x021504_y032256.txt
RECHERCHE-016_x047616_y032256,RECHERCHE-016,val,fold_2,47616,32256,2048,1024,False,0,0.6978,yolo/images/val/RECHERCHE-016_x047616_y032256.jpg,segmentation/masks/val/RECHERCHE-016_x047616_y032256.png,yolo/labels/val/RECHERCHE-016_x047616_y032256.txt
RECHERCHE-016_x016896_y033792,RECHERCHE-016,val,fold_2,16896,33792,2048,1024,False,0,0.7244,yolo/images/val/RECHERCHE-016_x016896_y033792.jpg,segmentation/masks/val/RECHERCHE-016_x016896_y033792.png,yolo/labels/val/RECHERCHE-016_x016896_y033792.txt
RECHERCHE-016_x018432_y033792,RECHERCHE-016,val,fold_2,18432,33792,2048,1024,False,0,0.3556,yolo/images/val/RECHERCHE-016_x018432_y033792.jpg,segmentation/masks/val/RECHERCHE-016_x018432_y033792.png,yolo/labels/val/RECHERCHE-016_x018432_y033792.txt
RECHERCHE-016_x041472_y033792,RECHERCHE-016,val,fold_2,41472,33792,2048,1024,False,0,0.2356,yolo/images/val/RECHERCHE-016_x041472_y033792.jpg,segmentation/masks/val/RECHERCHE-016_x041472_y033792.png,yolo/labels/val/RECHERCHE-016_x041472_y033792.txt
RECHERCHE-016_x043008_y033792,RECHERCHE-016,val,fold_2,43008,33792,2048,1024,False,0,0.8844,yolo/images/val/RECHERCHE-016_x043008_y033792.jpg,segmentation/masks/val/RECHERCHE-016_x043008_y033792.png,yolo/labels/val/RECHERCHE-016_x043008_y033792.txt
RECHERCHE-016_x004608_y035328,RECHERCHE-016,val,fold_2,4608,35328,2048,1024,False,0,0.4844,yolo/images/val/RECHERCHE-016_x004608_y035328.jpg,segmentation/masks/val/RECHERCHE-016_x004608_y035328.png,yolo/labels/val/RECHERCHE-016_x004608_y035328.txt
RECHERCHE-016_x006144_y035328,RECHERCHE-016,val,fold_2,6144,35328,2048,1024,False,0,0.6311,yolo/images/val/RECHERCHE-016_x006144_y035328.jpg,segmentation/masks/val/RECHERCHE-016_x006144_y035328.png,yolo/labels/val/RECHERCHE-016_x006144_y035328.txt
RECHERCHE-016_x013824_y035328,RECHERCHE-016,val,fold_2,13824,35328,2048,1024,False,0,0.7822,yolo/images/val/RECHERCHE-016_x013824_y035328.jpg,segmentation/masks/val/RECHERCHE-016_x013824_y035328.png,yolo/labels/val/RECHERCHE-016_x013824_y035328.txt
RECHERCHE-016_x015360_y035328,RECHERCHE-016,val,fold_2,15360,35328,2048,1024,False,0,0.32,yolo/images/val/RECHERCHE-016_x015360_y035328.jpg,segmentation/masks/val/RECHERCHE-016_x015360_y035328.png,yolo/labels/val/RECHERCHE-016_x015360_y035328.txt
RECHERCHE-016_x012288_y036864,RECHERCHE-016,val,fold_2,12288,36864,2048,1024,False,0,0.6711,yolo/images/val/RECHERCHE-016_x012288_y036864.jpg,segmentation/masks/val/RECHERCHE-016_x012288_y036864.png,yolo/labels/val/RECHERCHE-016_x012288_y036864.txt
RECHERCHE-016_x013824_y036864,RECHERCHE-016,val,fold_2,13824,36864,2048,1024,False,0,0.2089,yolo/images/val/RECHERCHE-016_x013824_y036864.jpg,segmentation/masks/val/RECHERCHE-016_x013824_y036864.png,yolo/labels/val/RECHERCHE-016_x013824_y036864.txt
RECHERCHE-016_x003072_y038400,RECHERCHE-016,val,fold_2,3072,38400,2048,1024,False,0,0.1583,yolo/images/val/RECHERCHE-016_x003072_y038400.jpg,segmentation/masks/val/RECHERCHE-016_x003072_y038400.png,yolo/labels/val/RECHERCHE-016_x003072_y038400.txt
RECHERCHE-016_x009216_y038400,RECHERCHE-016,val,fold_2,9216,38400,2048,1024,False,0,0.2625,yolo/images/val/RECHERCHE-016_x009216_y038400.jpg,segmentation/masks/val/RECHERCHE-016_x009216_y038400.png,yolo/labels/val/RECHERCHE-016_x009216_y038400.txt
RECHERCHE-016_x010752_y038400,RECHERCHE-016,val,fold_2,10752,38400,2048,1024,False,0,0.1708,yolo/images/val/RECHERCHE-016_x010752_y038400.jpg,segmentation/masks/val/RECHERCHE-016_x010752_y038400.png,yolo/labels/val/RECHERCHE-016_x010752_y038400.txt
RECHERCHE-016_x004608_y043008,RECHERCHE-016,val,fold_2,4608,43008,2048,1024,False,0,0.1733,yolo/images/val/RECHERCHE-016_x004608_y043008.jpg,segmentation/masks/val/RECHERCHE-016_x004608_y043008.png,yolo/labels/val/RECHERCHE-016_x004608_y043008.txt
RECHERCHE-016_x043008_y043008,RECHERCHE-016,val,fold_2,43008,43008,2048,1024,False,0,0.6889,yolo/images/val/RECHERCHE-016_x043008_y043008.jpg,segmentation/masks/val/RECHERCHE-016_x043008_y043008.png,yolo/labels/val/RECHERCHE-016_x043008_y043008.txt
RECHERCHE-016_x003072_y044544,RECHERCHE-016,val,fold_2,3072,44544,2048,1024,False,0,0.3067,yolo/images/val/RECHERCHE-016_x003072_y044544.jpg,segmentation/masks/val/RECHERCHE-016_x003072_y044544.png,yolo/labels/val/RECHERCHE-016_x003072_y044544.txt
RECHERCHE-016_x043008_y044544,RECHERCHE-016,val,fold_2,43008,44544,2048,1024,False,0,0.2533,yolo/images/val/RECHERCHE-016_x043008_y044544.jpg,segmentation/masks/val/RECHERCHE-016_x043008_y044544.png,yolo/labels/val/RECHERCHE-016_x043008_y044544.txt
RECHERCHE-017_x013824_y003072,RECHERCHE-017,test,fold_1,13824,3072,2048,1024,True,1,0.4543,yolo/images/test/RECHERCHE-017_x013824_y003072.jpg,segmentation/masks/test/RECHERCHE-017_x013824_y003072.png,yolo/labels/test/RECHERCHE-017_x013824_y003072.txt
RECHERCHE-017_x016896_y003072,RECHERCHE-017,test,fold_1,16896,3072,2048,1024,True,1,0.6263,yolo/images/test/RECHERCHE-017_x016896_y003072.jpg,segmentation/masks/test/RECHERCHE-017_x016896_y003072.png,yolo/labels/test/RECHERCHE-017_x016896_y003072.txt
RECHERCHE-017_x019968_y003072,RECHERCHE-017,test,fold_1,19968,3072,2048,1024,True,1,0.615,yolo/images/test/RECHERCHE-017_x019968_y003072.jpg,segmentation/masks/test/RECHERCHE-017_x019968_y003072.png,yolo/labels/test/RECHERCHE-017_x019968_y003072.txt
RECHERCHE-017_x021504_y003072,RECHERCHE-017,test,fold_1,21504,3072,2048,1024,True,1,0.6368,yolo/images/test/RECHERCHE-017_x021504_y003072.jpg,segmentation/masks/test/RECHERCHE-017_x021504_y003072.png,yolo/labels/test/RECHERCHE-017_x021504_y003072.txt
RECHERCHE-017_x024576_y003072,RECHERCHE-017,test,fold_1,24576,3072,2048,1024,True,1,0.7452,yolo/images/test/RECHERCHE-017_x024576_y003072.jpg,segmentation/masks/test/RECHERCHE-017_x024576_y003072.png,yolo/labels/test/RECHERCHE-017_x024576_y003072.txt
RECHERCHE-017_x026112_y003072,RECHERCHE-017,test,fold_1,26112,3072,2048,1024,True,1,0.3657,yolo/images/test/RECHERCHE-017_x026112_y003072.jpg,segmentation/masks/test/RECHERCHE-017_x026112_y003072.png,yolo/labels/test/RECHERCHE-017_x026112_y003072.txt
RECHERCHE-017_x009216_y004608,RECHERCHE-017,test,fold_1,9216,4608,2048,1024,True,1,0.9446,yolo/images/test/RECHERCHE-017_x009216_y004608.jpg,segmentation/masks/test/RECHERCHE-017_x009216_y004608.png,yolo/labels/test/RECHERCHE-017_x009216_y004608.txt
RECHERCHE-017_x010752_y004608,RECHERCHE-017,test,fold_1,10752,4608,2048,1024,True,3,0.9917,yolo/images/test/RECHERCHE-017_x010752_y004608.jpg,segmentation/masks/test/RECHERCHE-017_x010752_y004608.png,yolo/labels/test/RECHERCHE-017_x010752_y004608.txt
RECHERCHE-017_x012288_y004608,RECHERCHE-017,test,fold_1,12288,4608,2048,1024,True,2,1.0,yolo/images/test/RECHERCHE-017_x012288_y004608.jpg,segmentation/masks/test/RECHERCHE-017_x012288_y004608.png,yolo/labels/test/RECHERCHE-017_x012288_y004608.txt
RECHERCHE-017_x013824_y004608,RECHERCHE-017,test,fold_1,13824,4608,2048,1024,True,2,1.0,yolo/images/test/RECHERCHE-017_x013824_y004608.jpg,segmentation/masks/test/RECHERCHE-017_x013824_y004608.png,yolo/labels/test/RECHERCHE-017_x013824_y004608.txt
RECHERCHE-017_x015360_y004608,RECHERCHE-017,test,fold_1,15360,4608,2048,1024,True,1,1.0,yolo/images/test/RECHERCHE-017_x015360_y004608.jpg,segmentation/masks/test/RECHERCHE-017_x015360_y004608.png,yolo/labels/test/RECHERCHE-017_x015360_y004608.txt
RECHERCHE-017_x018432_y004608,RECHERCHE-017,test,fold_1,18432,4608,2048,1024,True,1,1.0,yolo/images/test/RECHERCHE-017_x018432_y004608.jpg,segmentation/masks/test/RECHERCHE-017_x018432_y004608.png,yolo/labels/test/RECHERCHE-017_x018432_y004608.txt
RECHERCHE-017_x019968_y004608,RECHERCHE-017,test,fold_1,19968,4608,2048,1024,True,2,1.0,yolo/images/test/RECHERCHE-017_x019968_y004608.jpg,segmentation/masks/test/RECHERCHE-017_x019968_y004608.png,yolo/labels/test/RECHERCHE-017_x019968_y004608.txt
RECHERCHE-017_x021504_y004608,RECHERCHE-017,test,fold_1,21504,4608,2048,1024,True,1,1.0,yolo/images/test/RECHERCHE-017_x021504_y004608.jpg,segmentation/masks/test/RECHERCHE-017_x021504_y004608.png,yolo/labels/test/RECHERCHE-017_x021504_y004608.txt
RECHERCHE-017_x024576_y004608,RECHERCHE-017,test,fold_1,24576,4608,2048,1024,True,1,1.0,yolo/images/test/RECHERCHE-017_x024576_y004608.jpg,segmentation/masks/test/RECHERCHE-017_x024576_y004608.png,yolo/labels/test/RECHERCHE-017_x024576_y004608.txt
RECHERCHE-017_x026112_y004608,RECHERCHE-017,test,fold_1,26112,4608,2048,1024,True,1,0.9169,yolo/images/test/RECHERCHE-017_x026112_y004608.jpg,segmentation/masks/test/RECHERCHE-017_x026112_y004608.png,yolo/labels/test/RECHERCHE-017_x026112_y004608.txt
RECHERCHE-017_x009216_y006144,RECHERCHE-017,test,fold_1,9216,6144,2048,1024,True,1,0.9197,yolo/images/test/RECHERCHE-017_x009216_y006144.jpg,segmentation/masks/test/RECHERCHE-017_x009216_y006144.png,yolo/labels/test/RECHERCHE-017_x009216_y006144.txt
RECHERCHE-017_x010752_y006144,RECHERCHE-017,test,fold_1,10752,6144,2048,1024,True,2,0.9501,yolo/images/test/RECHERCHE-017_x010752_y006144.jpg,segmentation/masks/test/RECHERCHE-017_x010752_y006144.png,yolo/labels/test/RECHERCHE-017_x010752_y006144.txt
RECHERCHE-017_x012288_y006144,RECHERCHE-017,test,fold_1,12288,6144,2048,1024,True,1,0.9889,yolo/images/test/RECHERCHE-017_x012288_y006144.jpg,segmentation/masks/test/RECHERCHE-017_x012288_y006144.png,yolo/labels/test/RECHERCHE-017_x012288_y006144.txt
RECHERCHE-017_x013824_y006144,RECHERCHE-017,test,fold_1,13824,6144,2048,1024,True,1,1.0,yolo/images/test/RECHERCHE-017_x013824_y006144.jpg,segmentation/masks/test/RECHERCHE-017_x013824_y006144.png,yolo/labels/test/RECHERCHE-017_x013824_y006144.txt
RECHERCHE-017_x018432_y006144,RECHERCHE-017,test,fold_1,18432,6144,2048,1024,True,1,0.8892,yolo/images/test/RECHERCHE-017_x018432_y006144.jpg,segmentation/masks/test/RECHERCHE-017_x018432_y006144.png,yolo/labels/test/RECHERCHE-017_x018432_y006144.txt
RECHERCHE-017_x019968_y006144,RECHERCHE-017,test,fold_1,19968,6144,2048,1024,True,1,0.9141,yolo/images/test/RECHERCHE-017_x019968_y006144.jpg,segmentation/masks/test/RECHERCHE-017_x019968_y006144.png,yolo/labels/test/RECHERCHE-017_x019968_y006144.txt
RECHERCHE-017_x003072_y007680,RECHERCHE-017,test,fold_1,3072,7680,2048,1024,True,1,0.5512,yolo/images/test/RECHERCHE-017_x003072_y007680.jpg,segmentation/masks/test/RECHERCHE-017_x003072_y007680.png,yolo/labels/test/RECHERCHE-017_x003072_y007680.txt
RECHERCHE-017_x003072_y009216,RECHERCHE-017,test,fold_1,3072,9216,2048,1024,True,2,0.6842,yolo/images/test/RECHERCHE-017_x003072_y009216.jpg,segmentation/masks/test/RECHERCHE-017_x003072_y009216.png,yolo/labels/test/RECHERCHE-017_x003072_y009216.txt
RECHERCHE-017_x004608_y009216,RECHERCHE-017,test,fold_1,4608,9216,2048,1024,True,2,0.6011,yolo/images/test/RECHERCHE-017_x004608_y009216.jpg,segmentation/masks/test/RECHERCHE-017_x004608_y009216.png,yolo/labels/test/RECHERCHE-017_x004608_y009216.txt
RECHERCHE-017_x003072_y010752,RECHERCHE-017,test,fold_1,3072,10752,2048,1024,True,2,0.8532,yolo/images/test/RECHERCHE-017_x003072_y010752.jpg,segmentation/masks/test/RECHERCHE-017_x003072_y010752.png,yolo/labels/test/RECHERCHE-017_x003072_y010752.txt
RECHERCHE-017_x004608_y010752,RECHERCHE-017,test,fold_1,4608,10752,2048,1024,True,1,0.4488,yolo/images/test/RECHERCHE-017_x004608_y010752.jpg,segmentation/masks/test/RECHERCHE-017_x004608_y010752.png,yolo/labels/test/RECHERCHE-017_x004608_y010752.txt
RECHERCHE-017_x055296_y023040,RECHERCHE-017,test,fold_1,55296,23040,2048,1024,True,1,0.169,yolo/images/test/RECHERCHE-017_x055296_y023040.jpg,segmentation/masks/test/RECHERCHE-017_x055296_y023040.png,yolo/labels/test/RECHERCHE-017_x055296_y023040.txt
RECHERCHE-017_x050688_y024576,RECHERCHE-017,test,fold_1,50688,24576,2048,1024,True,1,0.6898,yolo/images/test/RECHERCHE-017_x050688_y024576.jpg,segmentation/masks/test/RECHERCHE-017_x050688_y024576.png,yolo/labels/test/RECHERCHE-017_x050688_y024576.txt
RECHERCHE-017_x052224_y024576,RECHERCHE-017,test,fold_1,52224,24576,2048,1024,True,1,0.7701,yolo/images/test/RECHERCHE-017_x052224_y024576.jpg,segmentation/masks/test/RECHERCHE-017_x052224_y024576.png,yolo/labels/test/RECHERCHE-017_x052224_y024576.txt
RECHERCHE-017_x053760_y024576,RECHERCHE-017,test,fold_1,53760,24576,2048,1024,True,1,0.8421,yolo/images/test/RECHERCHE-017_x053760_y024576.jpg,segmentation/masks/test/RECHERCHE-017_x053760_y024576.png,yolo/labels/test/RECHERCHE-017_x053760_y024576.txt
RECHERCHE-017_x055296_y024576,RECHERCHE-017,test,fold_1,55296,24576,2048,1024,True,1,0.9058,yolo/images/test/RECHERCHE-017_x055296_y024576.jpg,segmentation/masks/test/RECHERCHE-017_x055296_y024576.png,yolo/labels/test/RECHERCHE-017_x055296_y024576.txt
RECHERCHE-017_x056832_y024576,RECHERCHE-017,test,fold_1,56832,24576,2048,1024,True,1,0.9335,yolo/images/test/RECHERCHE-017_x056832_y024576.jpg,segmentation/masks/test/RECHERCHE-017_x056832_y024576.png,yolo/labels/test/RECHERCHE-017_x056832_y024576.txt
RECHERCHE-017_x058368_y024576,RECHERCHE-017,test,fold_1,58368,24576,2048,1024,True,2,0.892,yolo/images/test/RECHERCHE-017_x058368_y024576.jpg,segmentation/masks/test/RECHERCHE-017_x058368_y024576.png,yolo/labels/test/RECHERCHE-017_x058368_y024576.txt
RECHERCHE-017_x059904_y024576,RECHERCHE-017,test,fold_1,59904,24576,2048,1024,True,1,0.8947,yolo/images/test/RECHERCHE-017_x059904_y024576.jpg,segmentation/masks/test/RECHERCHE-017_x059904_y024576.png,yolo/labels/test/RECHERCHE-017_x059904_y024576.txt
RECHERCHE-017_x062976_y024576,RECHERCHE-017,test,fold_1,62976,24576,2048,1024,True,1,0.9751,yolo/images/test/RECHERCHE-017_x062976_y024576.jpg,segmentation/masks/test/RECHERCHE-017_x062976_y024576.png,yolo/labels/test/RECHERCHE-017_x062976_y024576.txt
RECHERCHE-017_x064512_y024576,RECHERCHE-017,test,fold_1,64512,24576,2048,1024,True,1,0.6711,yolo/images/test/RECHERCHE-017_x064512_y024576.jpg,segmentation/masks/test/RECHERCHE-017_x064512_y024576.png,yolo/labels/test/RECHERCHE-017_x064512_y024576.txt
RECHERCHE-017_x047616_y026112,RECHERCHE-017,test,fold_1,47616,26112,2048,1024,True,2,1.0,yolo/images/test/RECHERCHE-017_x047616_y026112.jpg,segmentation/masks/test/RECHERCHE-017_x047616_y026112.png,yolo/labels/test/RECHERCHE-017_x047616_y026112.txt
RECHERCHE-017_x049152_y026112,RECHERCHE-017,test,fold_1,49152,26112,2048,1024,True,4,1.0,yolo/images/test/RECHERCHE-017_x049152_y026112.jpg,segmentation/masks/test/RECHERCHE-017_x049152_y026112.png,yolo/labels/test/RECHERCHE-017_x049152_y026112.txt
RECHERCHE-017_x050688_y026112,RECHERCHE-017,test,fold_1,50688,26112,2048,1024,True,2,1.0,yolo/images/test/RECHERCHE-017_x050688_y026112.jpg,segmentation/masks/test/RECHERCHE-017_x050688_y026112.png,yolo/labels/test/RECHERCHE-017_x050688_y026112.txt
RECHERCHE-017_x052224_y026112,RECHERCHE-017,test,fold_1,52224,26112,2048,1024,True,1,1.0,yolo/images/test/RECHERCHE-017_x052224_y026112.jpg,segmentation/masks/test/RECHERCHE-017_x052224_y026112.png,yolo/labels/test/RECHERCHE-017_x052224_y026112.txt
RECHERCHE-017_x053760_y026112,RECHERCHE-017,test,fold_1,53760,26112,2048,1024,True,1,1.0,yolo/images/test/RECHERCHE-017_x053760_y026112.jpg,segmentation/masks/test/RECHERCHE-017_x053760_y026112.png,yolo/labels/test/RECHERCHE-017_x053760_y026112.txt
RECHERCHE-017_x056832_y026112,RECHERCHE-017,test,fold_1,56832,26112,2048,1024,True,2,1.0,yolo/images/test/RECHERCHE-017_x056832_y026112.jpg,segmentation/masks/test/RECHERCHE-017_x056832_y026112.png,yolo/labels/test/RECHERCHE-017_x056832_y026112.txt
RECHERCHE-017_x058368_y026112,RECHERCHE-017,test,fold_1,58368,26112,2048,1024,True,2,1.0,yolo/images/test/RECHERCHE-017_x058368_y026112.jpg,segmentation/masks/test/RECHERCHE-017_x058368_y026112.png,yolo/labels/test/RECHERCHE-017_x058368_y026112.txt
RECHERCHE-017_x047616_y027648,RECHERCHE-017,test,fold_1,47616,27648,2048,1024,True,1,0.5568,yolo/images/test/RECHERCHE-017_x047616_y027648.jpg,segmentation/masks/test/RECHERCHE-017_x047616_y027648.png,yolo/labels/test/RECHERCHE-017_x047616_y027648.txt
RECHERCHE-017_x041472_y029184,RECHERCHE-017,test,fold_1,41472,29184,2048,1024,True,1,0.5105,yolo/images/test/RECHERCHE-017_x041472_y029184.jpg,segmentation/masks/test/RECHERCHE-017_x041472_y029184.png,yolo/labels/test/RECHERCHE-017_x041472_y029184.txt
RECHERCHE-017_x043008_y029184,RECHERCHE-017,test,fold_1,43008,29184,2048,1024,True,1,0.6875,yolo/images/test/RECHERCHE-017_x043008_y029184.jpg,segmentation/masks/test/RECHERCHE-017_x043008_y029184.png,yolo/labels/test/RECHERCHE-017_x043008_y029184.txt
RECHERCHE-017_x041472_y030720,RECHERCHE-017,test,fold_1,41472,30720,2048,1024,True,2,0.6205,yolo/images/test/RECHERCHE-017_x041472_y030720.jpg,segmentation/masks/test/RECHERCHE-017_x041472_y030720.png,yolo/labels/test/RECHERCHE-017_x041472_y030720.txt
RECHERCHE-017_x043008_y030720,RECHERCHE-017,test,fold_1,43008,30720,2048,1024,True,2,0.6974,yolo/images/test/RECHERCHE-017_x043008_y030720.jpg,segmentation/masks/test/RECHERCHE-017_x043008_y030720.png,yolo/labels/test/RECHERCHE-017_x043008_y030720.txt
RECHERCHE-017_x041472_y032256,RECHERCHE-017,test,fold_1,41472,32256,2048,1024,True,1,0.6039,yolo/images/test/RECHERCHE-017_x041472_y032256.jpg,segmentation/masks/test/RECHERCHE-017_x041472_y032256.png,yolo/labels/test/RECHERCHE-017_x041472_y032256.txt
RECHERCHE-017_x043008_y032256,RECHERCHE-017,test,fold_1,43008,32256,2048,1024,True,1,0.3395,yolo/images/test/RECHERCHE-017_x043008_y032256.jpg,segmentation/masks/test/RECHERCHE-017_x043008_y032256.png,yolo/labels/test/RECHERCHE-017_x043008_y032256.txt
RECHERCHE-017_x092160_y043008,RECHERCHE-017,test,fold_1,92160,43008,2048,1024,True,1,0.3047,yolo/images/test/RECHERCHE-017_x092160_y043008.jpg,segmentation/masks/test/RECHERCHE-017_x092160_y043008.png,yolo/labels/test/RECHERCHE-017_x092160_y043008.txt
RECHERCHE-017_x098304_y043008,RECHERCHE-017,test,fold_1,98304,43008,2048,1024,True,1,0.5762,yolo/images/test/RECHERCHE-017_x098304_y043008.jpg,segmentation/masks/test/RECHERCHE-017_x098304_y043008.png,yolo/labels/test/RECHERCHE-017_x098304_y043008.txt
RECHERCHE-017_x099840_y043008,RECHERCHE-017,test,fold_1,99840,43008,2048,1024,True,1,0.6454,yolo/images/test/RECHERCHE-017_x099840_y043008.jpg,segmentation/masks/test/RECHERCHE-017_x099840_y043008.png,yolo/labels/test/RECHERCHE-017_x099840_y043008.txt
RECHERCHE-017_x102912_y043008,RECHERCHE-017,test,fold_1,102912,43008,2048,1024,True,1,0.8342,yolo/images/test/RECHERCHE-017_x102912_y043008.jpg,segmentation/masks/test/RECHERCHE-017_x102912_y043008.png,yolo/labels/test/RECHERCHE-017_x102912_y043008.txt
RECHERCHE-017_x104448_y043008,RECHERCHE-017,test,fold_1,104448,43008,2048,1024,True,1,0.6648,yolo/images/test/RECHERCHE-017_x104448_y043008.jpg,segmentation/masks/test/RECHERCHE-017_x104448_y043008.png,yolo/labels/test/RECHERCHE-017_x104448_y043008.txt
RECHERCHE-017_x087552_y044544,RECHERCHE-017,test,fold_1,87552,44544,2048,1024,True,1,0.6898,yolo/images/test/RECHERCHE-017_x087552_y044544.jpg,segmentation/masks/test/RECHERCHE-017_x087552_y044544.png,yolo/labels/test/RECHERCHE-017_x087552_y044544.txt
RECHERCHE-017_x089088_y044544,RECHERCHE-017,test,fold_1,89088,44544,2048,1024,True,1,0.8283,yolo/images/test/RECHERCHE-017_x089088_y044544.jpg,segmentation/masks/test/RECHERCHE-017_x089088_y044544.png,yolo/labels/test/RECHERCHE-017_x089088_y044544.txt
RECHERCHE-017_x090624_y044544,RECHERCHE-017,test,fold_1,90624,44544,2048,1024,True,2,0.9529,yolo/images/test/RECHERCHE-017_x090624_y044544.jpg,segmentation/masks/test/RECHERCHE-017_x090624_y044544.png,yolo/labels/test/RECHERCHE-017_x090624_y044544.txt
RECHERCHE-017_x092160_y044544,RECHERCHE-017,test,fold_1,92160,44544,2048,1024,True,2,0.9917,yolo/images/test/RECHERCHE-017_x092160_y044544.jpg,segmentation/masks/test/RECHERCHE-017_x092160_y044544.png,yolo/labels/test/RECHERCHE-017_x092160_y044544.txt
RECHERCHE-017_x096768_y044544,RECHERCHE-017,test,fold_1,96768,44544,2048,1024,True,2,1.0,yolo/images/test/RECHERCHE-017_x096768_y044544.jpg,segmentation/masks/test/RECHERCHE-017_x096768_y044544.png,yolo/labels/test/RECHERCHE-017_x096768_y044544.txt
RECHERCHE-017_x098304_y044544,RECHERCHE-017,test,fold_1,98304,44544,2048,1024,True,3,1.0,yolo/images/test/RECHERCHE-017_x098304_y044544.jpg,segmentation/masks/test/RECHERCHE-017_x098304_y044544.png,yolo/labels/test/RECHERCHE-017_x098304_y044544.txt
RECHERCHE-017_x099840_y044544,RECHERCHE-017,test,fold_1,99840,44544,2048,1024,True,1,1.0,yolo/images/test/RECHERCHE-017_x099840_y044544.jpg,segmentation/masks/test/RECHERCHE-017_x099840_y044544.png,yolo/labels/test/RECHERCHE-017_x099840_y044544.txt
RECHERCHE-017_x102912_y044544,RECHERCHE-017,test,fold_1,102912,44544,2048,1024,True,1,1.0,yolo/images/test/RECHERCHE-017_x102912_y044544.jpg,segmentation/masks/test/RECHERCHE-017_x102912_y044544.png,yolo/labels/test/RECHERCHE-017_x102912_y044544.txt
RECHERCHE-017_x104448_y044544,RECHERCHE-017,test,fold_1,104448,44544,2048,1024,True,1,1.0,yolo/images/test/RECHERCHE-017_x104448_y044544.jpg,segmentation/masks/test/RECHERCHE-017_x104448_y044544.png,yolo/labels/test/RECHERCHE-017_x104448_y044544.txt
RECHERCHE-017_x087552_y046080,RECHERCHE-017,test,fold_1,87552,46080,2048,1024,True,3,1.0,yolo/images/test/RECHERCHE-017_x087552_y046080.jpg,segmentation/masks/test/RECHERCHE-017_x087552_y046080.png,yolo/labels/test/RECHERCHE-017_x087552_y046080.txt
RECHERCHE-017_x089088_y046080,RECHERCHE-017,test,fold_1,89088,46080,2048,1024,True,3,1.0,yolo/images/test/RECHERCHE-017_x089088_y046080.jpg,segmentation/masks/test/RECHERCHE-017_x089088_y046080.png,yolo/labels/test/RECHERCHE-017_x089088_y046080.txt
RECHERCHE-017_x090624_y046080,RECHERCHE-017,test,fold_1,90624,46080,2048,1024,True,2,1.0,yolo/images/test/RECHERCHE-017_x090624_y046080.jpg,segmentation/masks/test/RECHERCHE-017_x090624_y046080.png,yolo/labels/test/RECHERCHE-017_x090624_y046080.txt
RECHERCHE-017_x092160_y046080,RECHERCHE-017,test,fold_1,92160,46080,2048,1024,True,1,1.0,yolo/images/test/RECHERCHE-017_x092160_y046080.jpg,segmentation/masks/test/RECHERCHE-017_x092160_y046080.png,yolo/labels/test/RECHERCHE-017_x092160_y046080.txt
RECHERCHE-017_x096768_y046080,RECHERCHE-017,test,fold_1,96768,46080,2048,1024,True,2,1.0,yolo/images/test/RECHERCHE-017_x096768_y046080.jpg,segmentation/masks/test/RECHERCHE-017_x096768_y046080.png,yolo/labels/test/RECHERCHE-017_x096768_y046080.txt
RECHERCHE-017_x098304_y046080,RECHERCHE-017,test,fold_1,98304,46080,2048,1024,True,1,1.0,yolo/images/test/RECHERCHE-017_x098304_y046080.jpg,segmentation/masks/test/RECHERCHE-017_x098304_y046080.png,yolo/labels/test/RECHERCHE-017_x098304_y046080.txt
RECHERCHE-017_x087552_y047616,RECHERCHE-017,test,fold_1,87552,47616,2048,1024,True,1,0.5485,yolo/images/test/RECHERCHE-017_x087552_y047616.jpg,segmentation/masks/test/RECHERCHE-017_x087552_y047616.png,yolo/labels/test/RECHERCHE-017_x087552_y047616.txt
RECHERCHE-017_x081408_y049152,RECHERCHE-017,test,fold_1,81408,49152,2048,1024,True,1,0.9368,yolo/images/test/RECHERCHE-017_x081408_y049152.jpg,segmentation/masks/test/RECHERCHE-017_x081408_y049152.png,yolo/labels/test/RECHERCHE-017_x081408_y049152.txt
RECHERCHE-017_x079872_y050688,RECHERCHE-017,test,fold_1,79872,50688,2048,1024,True,1,0.3518,yolo/images/test/RECHERCHE-017_x079872_y050688.jpg,segmentation/masks/test/RECHERCHE-017_x079872_y050688.png,yolo/labels/test/RECHERCHE-017_x079872_y050688.txt
RECHERCHE-017_x081408_y050688,RECHERCHE-017,test,fold_1,81408,50688,2048,1024,True,2,0.8553,yolo/images/test/RECHERCHE-017_x081408_y050688.jpg,segmentation/masks/test/RECHERCHE-017_x081408_y050688.png,yolo/labels/test/RECHERCHE-017_x081408_y050688.txt
RECHERCHE-017_x079872_y052224,RECHERCHE-017,test,fold_1,79872,52224,2048,1024,True,1,0.2964,yolo/images/test/RECHERCHE-017_x079872_y052224.jpg,segmentation/masks/test/RECHERCHE-017_x079872_y052224.png,yolo/labels/test/RECHERCHE-017_x079872_y052224.txt
RECHERCHE-017_x081408_y052224,RECHERCHE-017,test,fold_1,81408,52224,2048,1024,True,1,0.3868,yolo/images/test/RECHERCHE-017_x081408_y052224.jpg,segmentation/masks/test/RECHERCHE-017_x081408_y052224.png,yolo/labels/test/RECHERCHE-017_x081408_y052224.txt
RECHERCHE-017_x059904_y026112,RECHERCHE-017,test,fold_1,59904,26112,2048,1024,False,0,1.0,yolo/images/test/RECHERCHE-017_x059904_y026112.jpg,segmentation/masks/test/RECHERCHE-017_x059904_y026112.png,yolo/labels/test/RECHERCHE-017_x059904_y026112.txt
RECHERCHE-017_x044544_y026112,RECHERCHE-017,test,fold_1,44544,26112,2048,1024,False,0,0.3629,yolo/images/test/RECHERCHE-017_x044544_y026112.jpg,segmentation/masks/test/RECHERCHE-017_x044544_y026112.png,yolo/labels/test/RECHERCHE-017_x044544_y026112.txt
RECHERCHE-017_x018432_y007680,RECHERCHE-017,test,fold_1,18432,7680,2048,1024,False,0,0.1524,yolo/images/test/RECHERCHE-017_x018432_y007680.jpg,segmentation/masks/test/RECHERCHE-017_x018432_y007680.png,yolo/labels/test/RECHERCHE-017_x018432_y007680.txt
RECHERCHE-017_x044544_y024576,RECHERCHE-017,test,fold_1,44544,24576,2048,1024,False,0,0.5291,yolo/images/test/RECHERCHE-017_x044544_y024576.jpg,segmentation/masks/test/RECHERCHE-017_x044544_y024576.png,yolo/labels/test/RECHERCHE-017_x044544_y024576.txt
RECHERCHE-017_x093696_y044544,RECHERCHE-017,test,fold_1,93696,44544,2048,1024,False,0,1.0,yolo/images/test/RECHERCHE-017_x093696_y044544.jpg,segmentation/masks/test/RECHERCHE-017_x093696_y044544.png,yolo/labels/test/RECHERCHE-017_x093696_y044544.txt
RECHERCHE-017_x105984_y044544,RECHERCHE-017,test,fold_1,105984,44544,2048,1024,False,0,0.59,yolo/images/test/RECHERCHE-017_x105984_y044544.jpg,segmentation/masks/test/RECHERCHE-017_x105984_y044544.png,yolo/labels/test/RECHERCHE-017_x105984_y044544.txt
RECHERCHE-017_x062976_y027648,RECHERCHE-017,test,fold_1,62976,27648,2048,1024,False,0,0.4211,yolo/images/test/RECHERCHE-017_x062976_y027648.jpg,segmentation/masks/test/RECHERCHE-017_x062976_y027648.png,yolo/labels/test/RECHERCHE-017_x062976_y027648.txt
RECHERCHE-017_x026112_y006144,RECHERCHE-017,test,fold_1,26112,6144,2048,1024,False,0,0.3573,yolo/images/test/RECHERCHE-017_x026112_y006144.jpg,segmentation/masks/test/RECHERCHE-017_x026112_y006144.png,yolo/labels/test/RECHERCHE-017_x026112_y006144.txt
RECHERCHE-017_x102912_y046080,RECHERCHE-017,test,fold_1,102912,46080,2048,1024,False,0,0.725,yolo/images/test/RECHERCHE-017_x102912_y046080.jpg,segmentation/masks/test/RECHERCHE-017_x102912_y046080.png,yolo/labels/test/RECHERCHE-017_x102912_y046080.txt
RECHERCHE-017_x021504_y006144,RECHERCHE-017,test,fold_1,21504,6144,2048,1024,False,0,0.8632,yolo/images/test/RECHERCHE-017_x021504_y006144.jpg,segmentation/masks/test/RECHERCHE-017_x021504_y006144.png,yolo/labels/test/RECHERCHE-017_x021504_y006144.txt
RECHERCHE-017_x066048_y026112,RECHERCHE-017,test,fold_1,66048,26112,2048,1024,False,0,0.3075,yolo/images/test/RECHERCHE-017_x066048_y026112.jpg,segmentation/masks/test/RECHERCHE-017_x066048_y026112.png,yolo/labels/test/RECHERCHE-017_x066048_y026112.txt
RECHERCHE-017_x015360_y003072,RECHERCHE-017,test,fold_1,15360,3072,2048,1024,False,0,0.5485,yolo/images/test/RECHERCHE-017_x015360_y003072.jpg,segmentation/masks/test/RECHERCHE-017_x015360_y003072.png,yolo/labels/test/RECHERCHE-017_x015360_y003072.txt
RECHERCHE-017_x101376_y046080,RECHERCHE-017,test,fold_1,101376,46080,2048,1024,False,0,0.85,yolo/images/test/RECHERCHE-017_x101376_y046080.jpg,segmentation/masks/test/RECHERCHE-017_x101376_y046080.png,yolo/labels/test/RECHERCHE-017_x101376_y046080.txt
RECHERCHE-017_x101376_y043008,RECHERCHE-017,test,fold_1,101376,43008,2048,1024,False,0,0.7313,yolo/images/test/RECHERCHE-017_x101376_y043008.jpg,segmentation/masks/test/RECHERCHE-017_x101376_y043008.png,yolo/labels/test/RECHERCHE-017_x101376_y043008.txt
RECHERCHE-017_x089088_y047616,RECHERCHE-017,test,fold_1,89088,47616,2048,1024,False,0,0.4903,yolo/images/test/RECHERCHE-017_x089088_y047616.jpg,segmentation/masks/test/RECHERCHE-017_x089088_y047616.png,yolo/labels/test/RECHERCHE-017_x089088_y047616.txt
RECHERCHE-017_x006144_y004608,RECHERCHE-017,test,fold_1,6144,4608,2048,1024,False,0,0.8366,yolo/images/test/RECHERCHE-017_x006144_y004608.jpg,segmentation/masks/test/RECHERCHE-017_x006144_y004608.png,yolo/labels/test/RECHERCHE-017_x006144_y004608.txt
RECHERCHE-017_x099840_y046080,RECHERCHE-017,test,fold_1,99840,46080,2048,1024,False,0,0.9789,yolo/images/test/RECHERCHE-017_x099840_y046080.jpg,segmentation/masks/test/RECHERCHE-017_x099840_y046080.png,yolo/labels/test/RECHERCHE-017_x099840_y046080.txt
RECHERCHE-017_x095232_y046080,RECHERCHE-017,test,fold_1,95232,46080,2048,1024,False,0,1.0,yolo/images/test/RECHERCHE-017_x095232_y046080.jpg,segmentation/masks/test/RECHERCHE-017_x095232_y046080.png,yolo/labels/test/RECHERCHE-017_x095232_y046080.txt
RECHERCHE-017_x043008_y027648,RECHERCHE-017,test,fold_1,43008,27648,2048,1024,False,0,0.3553,yolo/images/test/RECHERCHE-017_x043008_y027648.jpg,segmentation/masks/test/RECHERCHE-017_x043008_y027648.png,yolo/labels/test/RECHERCHE-017_x043008_y027648.txt
RECHERCHE-017_x061440_y023040,RECHERCHE-017,test,fold_1,61440,23040,2048,1024,False,0,0.1994,yolo/images/test/RECHERCHE-017_x061440_y023040.jpg,segmentation/masks/test/RECHERCHE-017_x061440_y023040.png,yolo/labels/test/RECHERCHE-017_x061440_y023040.txt
RECHERCHE-017_x095232_y047616,RECHERCHE-017,test,fold_1,95232,47616,2048,1024,False,0,0.3546,yolo/images/test/RECHERCHE-017_x095232_y047616.jpg,segmentation/masks/test/RECHERCHE-017_x095232_y047616.png,yolo/labels/test/RECHERCHE-017_x095232_y047616.txt
RECHERCHE-017_x090624_y043008,RECHERCHE-017,test,fold_1,90624,43008,2048,1024,False,0,0.2216,yolo/images/test/RECHERCHE-017_x090624_y043008.jpg,segmentation/masks/test/RECHERCHE-017_x090624_y043008.png,yolo/labels/test/RECHERCHE-017_x090624_y043008.txt
RECHERCHE-017_x059904_y027648,RECHERCHE-017,test,fold_1,59904,27648,2048,1024,False,0,0.6053,yolo/images/test/RECHERCHE-017_x059904_y027648.jpg,segmentation/masks/test/RECHERCHE-017_x059904_y027648.png,yolo/labels/test/RECHERCHE-017_x059904_y027648.txt
RECHERCHE-017_x101376_y044544,RECHERCHE-017,test,fold_1,101376,44544,2048,1024,False,0,1.0,yolo/images/test/RECHERCHE-017_x101376_y044544.jpg,segmentation/masks/test/RECHERCHE-017_x101376_y044544.png,yolo/labels/test/RECHERCHE-017_x101376_y044544.txt
RECHERCHE-017_x012288_y007680,RECHERCHE-017,test,fold_1,12288,7680,2048,1024,False,0,0.2825,yolo/images/test/RECHERCHE-017_x012288_y007680.jpg,segmentation/masks/test/RECHERCHE-017_x012288_y007680.png,yolo/labels/test/RECHERCHE-017_x012288_y007680.txt
RECHERCHE-017_x046080_y026112,RECHERCHE-017,test,fold_1,46080,26112,2048,1024,False,0,0.8089,yolo/images/test/RECHERCHE-017_x046080_y026112.jpg,segmentation/masks/test/RECHERCHE-017_x046080_y026112.png,yolo/labels/test/RECHERCHE-017_x046080_y026112.txt
RECHERCHE-017_x093696_y047616,RECHERCHE-017,test,fold_1,93696,47616,2048,1024,False,0,0.5845,yolo/images/test/RECHERCHE-017_x093696_y047616.jpg,segmentation/masks/test/RECHERCHE-017_x093696_y047616.png,yolo/labels/test/RECHERCHE-017_x093696_y047616.txt
RECHERCHE-017_x016896_y004608,RECHERCHE-017,test,fold_1,16896,4608,2048,1024,False,0,1.0,yolo/images/test/RECHERCHE-017_x016896_y004608.jpg,segmentation/masks/test/RECHERCHE-017_x016896_y004608.png,yolo/labels/test/RECHERCHE-017_x016896_y004608.txt
RECHERCHE-017_x013824_y007680,RECHERCHE-017,test,fold_1,13824,7680,2048,1024,False,0,0.3435,yolo/images/test/RECHERCHE-017_x013824_y007680.jpg,segmentation/masks/test/RECHERCHE-017_x013824_y007680.png,yolo/labels/test/RECHERCHE-017_x013824_y007680.txt
RECHERCHE-017_x009216_y007680,RECHERCHE-017,test,fold_1,9216,7680,2048,1024,False,0,0.2188,yolo/images/test/RECHERCHE-017_x009216_y007680.jpg,segmentation/masks/test/RECHERCHE-017_x009216_y007680.png,yolo/labels/test/RECHERCHE-017_x009216_y007680.txt
RECHERCHE-017_x055296_y026112,RECHERCHE-017,test,fold_1,55296,26112,2048,1024,False,0,1.0,yolo/images/test/RECHERCHE-017_x055296_y026112.jpg,segmentation/masks/test/RECHERCHE-017_x055296_y026112.png,yolo/labels/test/RECHERCHE-017_x055296_y026112.txt
RECHERCHE-017_x095232_y043008,RECHERCHE-017,test,fold_1,95232,43008,2048,1024,False,0,0.5235,yolo/images/test/RECHERCHE-017_x095232_y043008.jpg,segmentation/masks/test/RECHERCHE-017_x095232_y043008.png,yolo/labels/test/RECHERCHE-017_x095232_y043008.txt
RECHERCHE-017_x090624_y047616,RECHERCHE-017,test,fold_1,90624,47616,2048,1024,False,0,0.5734,yolo/images/test/RECHERCHE-017_x090624_y047616.jpg,segmentation/masks/test/RECHERCHE-017_x090624_y047616.png,yolo/labels/test/RECHERCHE-017_x090624_y047616.txt
RECHERCHE-017_x010752_y007680,RECHERCHE-017,test,fold_1,10752,7680,2048,1024,False,0,0.2244,yolo/images/test/RECHERCHE-017_x010752_y007680.jpg,segmentation/masks/test/RECHERCHE-017_x010752_y007680.png,yolo/labels/test/RECHERCHE-017_x010752_y007680.txt
RECHERCHE-017_x027648_y004608,RECHERCHE-017,test,fold_1,27648,4608,2048,1024,False,0,0.2188,yolo/images/test/RECHERCHE-017_x027648_y004608.jpg,segmentation/masks/test/RECHERCHE-017_x027648_y004608.png,yolo/labels/test/RECHERCHE-017_x027648_y004608.txt
RECHERCHE-017_x010752_y003072,RECHERCHE-017,test,fold_1,10752,3072,2048,1024,False,0,0.2632,yolo/images/test/RECHERCHE-017_x010752_y003072.jpg,segmentation/masks/test/RECHERCHE-017_x010752_y003072.png,yolo/labels/test/RECHERCHE-017_x010752_y003072.txt
RECHERCHE-017_x006144_y006144,RECHERCHE-017,test,fold_1,6144,6144,2048,1024,False,0,0.1911,yolo/images/test/RECHERCHE-017_x006144_y006144.jpg,segmentation/masks/test/RECHERCHE-017_x006144_y006144.png,yolo/labels/test/RECHERCHE-017_x006144_y006144.txt
RECHERCHE-017_x023040_y003072,RECHERCHE-017,test,fold_1,23040,3072,2048,1024,False,0,0.723,yolo/images/test/RECHERCHE-017_x023040_y003072.jpg,segmentation/masks/test/RECHERCHE-017_x023040_y003072.png,yolo/labels/test/RECHERCHE-017_x023040_y003072.txt
RECHERCHE-017_x058368_y023040,RECHERCHE-017,test,fold_1,58368,23040,2048,1024,False,0,0.1551,yolo/images/test/RECHERCHE-017_x058368_y023040.jpg,segmentation/masks/test/RECHERCHE-017_x058368_y023040.png,yolo/labels/test/RECHERCHE-017_x058368_y023040.txt
RECHERCHE-017_x105984_y046080,RECHERCHE-017,test,fold_1,105984,46080,2048,1024,False,0,0.2289,yolo/images/test/RECHERCHE-017_x105984_y046080.jpg,segmentation/masks/test/RECHERCHE-017_x105984_y046080.png,yolo/labels/test/RECHERCHE-017_x105984_y046080.txt
RECHERCHE-017_x016896_y007680,RECHERCHE-017,test,fold_1,16896,7680,2048,1024,False,0,0.1553,yolo/images/test/RECHERCHE-017_x016896_y007680.jpg,segmentation/masks/test/RECHERCHE-017_x016896_y007680.png,yolo/labels/test/RECHERCHE-017_x016896_y007680.txt
RECHERCHE-017_x093696_y046080,RECHERCHE-017,test,fold_1,93696,46080,2048,1024,False,0,1.0,yolo/images/test/RECHERCHE-017_x093696_y046080.jpg,segmentation/masks/test/RECHERCHE-017_x093696_y046080.png,yolo/labels/test/RECHERCHE-017_x093696_y046080.txt
RECHERCHE-017_x061440_y026112,RECHERCHE-017,test,fold_1,61440,26112,2048,1024,False,0,1.0,yolo/images/test/RECHERCHE-017_x061440_y026112.jpg,segmentation/masks/test/RECHERCHE-017_x061440_y026112.png,yolo/labels/test/RECHERCHE-017_x061440_y026112.txt
RECHERCHE-017_x015360_y006144,RECHERCHE-017,test,fold_1,15360,6144,2048,1024,False,0,0.9945,yolo/images/test/RECHERCHE-017_x015360_y006144.jpg,segmentation/masks/test/RECHERCHE-017_x015360_y006144.png,yolo/labels/test/RECHERCHE-017_x015360_y006144.txt
RECHERCHE-017_x064512_y027648,RECHERCHE-017,test,fold_1,64512,27648,2048,1024,False,0,0.1842,yolo/images/test/RECHERCHE-017_x064512_y027648.jpg,segmentation/masks/test/RECHERCHE-017_x064512_y027648.png,yolo/labels/test/RECHERCHE-017_x064512_y027648.txt
RECHERCHE-017_x056832_y023040,RECHERCHE-017,test,fold_1,56832,23040,2048,1024,False,0,0.1967,yolo/images/test/RECHERCHE-017_x056832_y023040.jpg,segmentation/masks/test/RECHERCHE-017_x056832_y023040.png,yolo/labels/test/RECHERCHE-017_x056832_y023040.txt
RECHERCHE-017_x096768_y047616,RECHERCHE-017,test,fold_1,96768,47616,2048,1024,False,0,0.2992,yolo/images/test/RECHERCHE-017_x096768_y047616.jpg,segmentation/masks/test/RECHERCHE-017_x096768_y047616.png,yolo/labels/test/RECHERCHE-017_x096768_y047616.txt
RECHERCHE-017_x050688_y027648,RECHERCHE-017,test,fold_1,50688,27648,2048,1024,False,0,0.651,yolo/images/test/RECHERCHE-017_x050688_y027648.jpg,segmentation/masks/test/RECHERCHE-017_x050688_y027648.png,yolo/labels/test/RECHERCHE-017_x050688_y027648.txt
RECHERCHE-017_x095232_y044544,RECHERCHE-017,test,fold_1,95232,44544,2048,1024,False,0,1.0,yolo/images/test/RECHERCHE-017_x095232_y044544.jpg,segmentation/masks/test/RECHERCHE-017_x095232_y044544.png,yolo/labels/test/RECHERCHE-017_x095232_y044544.txt
RECHERCHE-017_x053760_y027648,RECHERCHE-017,test,fold_1,53760,27648,2048,1024,False,0,0.7812,yolo/images/test/RECHERCHE-017_x053760_y027648.jpg,segmentation/masks/test/RECHERCHE-017_x053760_y027648.png,yolo/labels/test/RECHERCHE-017_x053760_y027648.txt
RECHERCHE-017_x006144_y003072,RECHERCHE-017,test,fold_1,6144,3072,2048,1024,False,0,0.2632,yolo/images/test/RECHERCHE-017_x006144_y003072.jpg,segmentation/masks/test/RECHERCHE-017_x006144_y003072.png,yolo/labels/test/RECHERCHE-017_x006144_y003072.txt
RECHERCHE-017_x056832_y027648,RECHERCHE-017,test,fold_1,56832,27648,2048,1024,False,0,0.6066,yolo/images/test/RECHERCHE-017_x056832_y027648.jpg,segmentation/masks/test/RECHERCHE-017_x056832_y027648.png,yolo/labels/test/RECHERCHE-017_x056832_y027648.txt
RECHERCHE-017_x023040_y006144,RECHERCHE-017,test,fold_1,23040,6144,2048,1024,False,0,0.7396,yolo/images/test/RECHERCHE-017_x023040_y006144.jpg,segmentation/masks/test/RECHERCHE-017_x023040_y006144.png,yolo/labels/test/RECHERCHE-017_x023040_y006144.txt
RECHERCHE-017_x098304_y047616,RECHERCHE-017,test,fold_1,98304,47616,2048,1024,False,0,0.2992,yolo/images/test/RECHERCHE-017_x098304_y047616.jpg,segmentation/masks/test/RECHERCHE-017_x098304_y047616.png,yolo/labels/test/RECHERCHE-017_x098304_y047616.txt
RECHERCHE-017_x023040_y004608,RECHERCHE-017,test,fold_1,23040,4608,2048,1024,False,0,1.0,yolo/images/test/RECHERCHE-017_x023040_y004608.jpg,segmentation/masks/test/RECHERCHE-017_x023040_y004608.png,yolo/labels/test/RECHERCHE-017_x023040_y004608.txt
RECHERCHE-017_x009216_y003072,RECHERCHE-017,test,fold_1,9216,3072,2048,1024,False,0,0.1551,yolo/images/test/RECHERCHE-017_x009216_y003072.jpg,segmentation/masks/test/RECHERCHE-017_x009216_y003072.png,yolo/labels/test/RECHERCHE-017_x009216_y003072.txt
RECHERCHE-017_x052224_y027648,RECHERCHE-017,test,fold_1,52224,27648,2048,1024,False,0,0.7424,yolo/images/test/RECHERCHE-017_x052224_y027648.jpg,segmentation/masks/test/RECHERCHE-017_x052224_y027648.png,yolo/labels/test/RECHERCHE-017_x052224_y027648.txt
RECHERCHE-017_x016896_y006144,RECHERCHE-017,test,fold_1,16896,6144,2048,1024,False,0,0.8895,yolo/images/test/RECHERCHE-017_x016896_y006144.jpg,segmentation/masks/test/RECHERCHE-017_x016896_y006144.png,yolo/labels/test/RECHERCHE-017_x016896_y006144.txt
RECHERCHE-017_x082944_y050688,RECHERCHE-017,test,fold_1,82944,50688,2048,1024,False,0,0.1745,yolo/images/test/RECHERCHE-017_x082944_y050688.jpg,segmentation/masks/test/RECHERCHE-017_x082944_y050688.png,yolo/labels/test/RECHERCHE-017_x082944_y050688.txt
RECHERCHE-017_x019968_y007680,RECHERCHE-017,test,fold_1,19968,7680,2048,1024,False,0,0.1773,yolo/images/test/RECHERCHE-017_x019968_y007680.jpg,segmentation/masks/test/RECHERCHE-017_x019968_y007680.png,yolo/labels/test/RECHERCHE-017_x019968_y007680.txt
RECHERCHE-017_x059904_y023040,RECHERCHE-017,test,fold_1,59904,23040,2048,1024,False,0,0.1579,yolo/images/test/RECHERCHE-017_x059904_y023040.jpg,segmentation/masks/test/RECHERCHE-017_x059904_y023040.png,yolo/labels/test/RECHERCHE-017_x059904_y023040.txt
RECHERCHE-017_x082944_y044544,RECHERCHE-017,test,fold_1,82944,44544,2048,1024,False,0,0.313,yolo/images/test/RECHERCHE-017_x082944_y044544.jpg,segmentation/masks/test/RECHERCHE-017_x082944_y044544.png,yolo/labels/test/RECHERCHE-017_x082944_y044544.txt
RECHERCHE-017_x104448_y046080,RECHERCHE-017,test,fold_1,104448,46080,2048,1024,False,0,0.4684,yolo/images/test/RECHERCHE-017_x104448_y046080.jpg,segmentation/masks/test/RECHERCHE-017_x104448_y046080.png,yolo/labels/test/RECHERCHE-017_x104448_y046080.txt
RECHERCHE-017_x046080_y024576,RECHERCHE-017,test,fold_1,46080,24576,2048,1024,False,0,0.626,yolo/images/test/RECHERCHE-017_x046080_y024576.jpg,segmentation/masks/test/RECHERCHE-017_x046080_y024576.png,yolo/labels/test/RECHERCHE-017_x046080_y024576.txt
RECHERCHE-017_x086016_y044544,RECHERCHE-017,test,fold_1,86016,44544,2048,1024,False,0,0.6974,yolo/images/test/RECHERCHE-017_x086016_y044544.jpg,segmentation/masks/test/RECHERCHE-017_x086016_y044544.png,yolo/labels/test/RECHERCHE-017_x086016_y044544.txt
RECHERCHE-017_x099840_y047616,RECHERCHE-017,test,fold_1,99840,47616,2048,1024,False,0,0.2632,yolo/images/test/RECHERCHE-017_x099840_y047616.jpg,segmentation/masks/test/RECHERCHE-017_x099840_y047616.png,yolo/labels/test/RECHERCHE-017_x099840_y047616.txt
RECHERCHE-017_x007680_y006144,RECHERCHE-017,test,fold_1,7680,6144,2048,1024,False,0,0.5457,yolo/images/test/RECHERCHE-017_x007680_y006144.jpg,segmentation/masks/test/RECHERCHE-017_x007680_y006144.png,yolo/labels/test/RECHERCHE-017_x007680_y006144.txt
RECHERCHE-017_x007680_y003072,RECHERCHE-017,test,fold_1,7680,3072,2048,1024,False,0,0.2105,yolo/images/test/RECHERCHE-017_x007680_y003072.jpg,segmentation/masks/test/RECHERCHE-017_x007680_y003072.png,yolo/labels/test/RECHERCHE-017_x007680_y003072.txt
RECHERCHE-017_x093696_y043008,RECHERCHE-017,test,fold_1,93696,43008,2048,1024,False,0,0.4294,yolo/images/test/RECHERCHE-017_x093696_y043008.jpg,segmentation/masks/test/RECHERCHE-017_x093696_y043008.png,yolo/labels/test/RECHERCHE-017_x093696_y043008.txt
RECHERCHE-017_x061440_y027648,RECHERCHE-017,test,fold_1,61440,27648,2048,1024,False,0,0.4958,yolo/images/test/RECHERCHE-017_x061440_y027648.jpg,segmentation/masks/test/RECHERCHE-017_x061440_y027648.png,yolo/labels/test/RECHERCHE-017_x061440_y027648.txt
RECHERCHE-017_x084480_y046080,RECHERCHE-017,test,fold_1,84480,46080,2048,1024,False,0,0.5605,yolo/images/test/RECHERCHE-017_x084480_y046080.jpg,segmentation/masks/test/RECHERCHE-017_x084480_y046080.png,yolo/labels/test/RECHERCHE-017_x084480_y046080.txt
RECHERCHE-017_x024576_y006144,RECHERCHE-017,test,fold_1,24576,6144,2048,1024,False,0,0.6316,yolo/images/test/RECHERCHE-017_x024576_y006144.jpg,segmentation/masks/test/RECHERCHE-017_x024576_y006144.png,yolo/labels/test/RECHERCHE-017_x024576_y006144.txt
RECHERCHE-017_x007680_y004608,RECHERCHE-017,test,fold_1,7680,4608,2048,1024,False,0,0.9861,yolo/images/test/RECHERCHE-017_x007680_y004608.jpg,segmentation/masks/test/RECHERCHE-017_x007680_y004608.png,yolo/labels/test/RECHERCHE-017_x007680_y004608.txt
RECHERCHE-017_x061440_y024576,RECHERCHE-017,test,fold_1,61440,24576,2048,1024,False,0,0.9335,yolo/images/test/RECHERCHE-017_x061440_y024576.jpg,segmentation/masks/test/RECHERCHE-017_x061440_y024576.png,yolo/labels/test/RECHERCHE-017_x061440_y024576.txt
RECHERCHE-017_x096768_y043008,RECHERCHE-017,test,fold_1,96768,43008,2048,1024,False,0,0.5706,yolo/images/test/RECHERCHE-017_x096768_y043008.jpg,segmentation/masks/test/RECHERCHE-017_x096768_y043008.png,yolo/labels/test/RECHERCHE-017_x096768_y043008.txt
RECHERCHE-017_x058368_y027648,RECHERCHE-017,test,fold_1,58368,27648,2048,1024,False,0,0.6454,yolo/images/test/RECHERCHE-017_x058368_y027648.jpg,segmentation/masks/test/RECHERCHE-017_x058368_y027648.png,yolo/labels/test/RECHERCHE-017_x058368_y027648.txt
RECHERCHE-017_x015360_y007680,RECHERCHE-017,test,fold_1,15360,7680,2048,1024,False,0,0.349,yolo/images/test/RECHERCHE-017_x015360_y007680.jpg,segmentation/masks/test/RECHERCHE-017_x015360_y007680.png,yolo/labels/test/RECHERCHE-017_x015360_y007680.txt
