patch_id,slide_id,split,bbox,glom_area_native,cluster_label,cluster_name,glom_area,glom_perimeter,circularity,solidity,extent,aspect_ratio,mean_intensity,mean_optical_density,stain_heterogeneity,red_green_ratio
RECHERCHE-003_x118272_y006144,RECHERCHE-003,train,"[903, 44, 1024, 378]",27178.0,0,Class 0 (Normal / Preserved),63475.0,1172.07,0.5806,0.9882,0.6748,0.5623,202.71,0.1105,39.18,1.1006
RECHERCHE-003_x119808_y006144,RECHERCHE-003,train,"[135, 44, 448, 378]",70477.0,0,Class 0 (Normal / Preserved),106076.0,1350.86,0.7305,0.9885,0.6736,0.9413,199.24,0.1174,37.52,1.115
RECHERCHE-003_x027648_y007680,RECHERCHE-003,train,"[383, 0, 671, 159]",32479.0,4,Class 4,91532.0,1329.53,0.6507,0.991,0.7127,1.3025,217.85,0.0724,27.38,1.0476
RECHERCHE-003_x075264_y007680,RECHERCHE-003,train,"[578, 400, 903, 716]",71698.5,0,Class 0 (Normal / Preserved),113802.5,1379.44,0.7515,0.9891,0.6974,1.0251,201.25,0.1127,37.21,1.1136
RECHERCHE-003_x019968_y015360,RECHERCHE-003,train,"[542, 621, 1024, 1024]",153184.5,3,Class 3 (Hypertrophic / Atypical),147105.0,1464.74,0.8616,0.9954,0.7886,1.1098,213.9,0.0806,26.81,1.0643
RECHERCHE-003_x067584_y015360,RECHERCHE-003,train,"[167, 649, 695, 1024]",159475.0,3,Class 3 (Hypertrophic / Atypical),122059.5,1350.73,0.8407,0.9949,0.8066,1.1054,201.76,0.1097,33.11,1.1118
RECHERCHE-003_x112128_y015360,RECHERCHE-003,train,"[860, 346, 1024, 734]",43056.5,0,Class 0 (Normal / Preserved),71946.5,1191.31,0.637,0.9908,0.6759,0.6302,200.3,0.112,31.08,1.1279
RECHERCHE-003_x113664_y015360,RECHERCHE-003,train,"[92, 311, 637, 768]",187919.0,3,Class 3 (Hypertrophic / Atypical),106104.0,1269.2,0.8277,0.994,0.7563,1.1924,201.45,0.1103,32.75,1.1131
RECHERCHE-003_x019968_y016896,RECHERCHE-003,train,"[0, 632, 466, 1024]",154270.5,4,Class 4,158428.5,1556.85,0.8214,0.9965,0.8433,1.1068,206.31,0.1,34.87,1.0936
RECHERCHE-003_x019968_y016896,RECHERCHE-003,train,"[546, 0, 1024, 268]",104836.5,4,Class 4,118163.5,1398.0,0.7598,0.9957,0.821,1.4322,214.35,0.0799,27.31,1.0602
RECHERCHE-003_x021504_y016896,RECHERCHE-003,train,"[0, 0, 273, 268]",62921.5,4,Class 4,177037.5,1727.75,0.7453,0.9957,0.8628,1.0133,217.86,0.0713,23.73,1.052
RECHERCHE-003_x066048_y016896,RECHERCHE-003,train,"[280, 597, 745, 1024]",166623.0,2,Class 2 (Global Sclerosis / Necrotic),148965.0,1489.03,0.8443,0.9958,0.8411,0.9446,193.93,0.1348,44.14,1.1383
RECHERCHE-003_x066048_y016896,RECHERCHE-003,train,"[935, 0, 1024, 229]",13962.0,5,Class 5,76148.0,1334.94,0.537,0.9887,0.6916,0.5319,203.33,0.1053,32.0,1.102
RECHERCHE-003_x067584_y016896,RECHERCHE-003,train,"[167, 0, 695, 341]",136153.5,4,Class 4,108279.0,1319.52,0.7815,0.9945,0.7564,1.1686,202.09,0.1092,33.62,1.1052
RECHERCHE-003_x112128_y016896,RECHERCHE-003,train,"[438, 456, 980, 992]",215011.0,2,Class 2 (Global Sclerosis / Necrotic),134771.0,1416.96,0.8435,0.9943,0.7392,0.986,196.37,0.127,41.29,1.1384
RECHERCHE-003_x113664_y016896,RECHERCHE-003,train,"[0, 477, 212, 977]",71249.5,5,Class 5,73474.0,1188.47,0.6537,0.9925,0.6728,0.619,186.7,0.1511,42.21,1.1803
RECHERCHE-003_x018432_y018432,RECHERCHE-003,train,"[5, 539, 259, 753]",40846.0,0,Class 0 (Normal / Preserved),116054.0,1441.75,0.7016,0.9881,0.7525,1.2957,215.13,0.0764,21.54,1.0772
RECHERCHE-003_x018432_y018432,RECHERCHE-003,train,"[726, 0, 1024, 378]",95398.0,4,Class 4,152982.0,1603.93,0.7473,0.9955,0.8472,0.8684,211.03,0.0891,33.41,1.0756
RECHERCHE-003_x019968_y018432,RECHERCHE-003,train,"[0, 0, 466, 378]",150741.0,4,Class 4,157428.5,1544.36,0.8295,0.9967,0.8545,1.1287,206.26,0.1001,34.9,1.0934
RECHERCHE-003_x064512_y018432,RECHERCHE-003,train,"[244, 426, 482, 625]",38977.5,0,Class 0 (Normal / Preserved),115842.5,1410.37,0.7318,0.9891,0.8258,1.1924,204.4,0.1016,27.68,1.1227
RECHERCHE-003_x066048_y018432,RECHERCHE-003,train,"[280, 0, 745, 358]",141018.5,4,Class 4,135583.0,1433.49,0.8291,0.9959,0.85,1.0487,193.73,0.1352,44.02,1.1401
RECHERCHE-003_x110592_y018432,RECHERCHE-003,train,"[580, 511, 866, 751]",47592.0,0,Class 0 (Normal / Preserved),97531.0,1306.69,0.7178,0.9889,0.6952,1.1924,214.76,0.0783,24.51,1.0778
RECHERCHE-003_x112128_y018432,RECHERCHE-003,train,"[0, 511, 98, 739]",11763.5,5,Class 5,56876.5,1242.52,0.463,0.9819,0.5308,0.6406,209.21,0.0898,25.05,1.077
RECHERCHE-003_x112128_y018432,RECHERCHE-003,train,"[458, 0, 969, 224]",82372.0,5,Class 5,79738.0,1214.72,0.6791,0.9927,0.7196,1.5543,197.74,0.1236,41.14,1.1322
RECHERCHE-003_x113664_y018432,RECHERCHE-003,train,"[850, 886, 1024, 1024]",20025.5,5,Class 5,151296.5,1650.89,0.6976,0.9941,0.8415,1.1465,203.96,0.1018,23.9,1.1374
RECHERCHE-003_x113664_y018432,RECHERCHE-003,train,"[0, 0, 201, 209]",28560.5,5,Class 5,139179.5,1716.23,0.5938,0.9925,0.6843,0.9781,188.31,0.1479,43.61,1.1667
RECHERCHE-003_x115200_y018432,RECHERCHE-003,train,"[82, 886, 302, 1024]",24916.5,0,Class 0 (Normal / Preserved),115376.5,1420.09,0.7189,0.9914,0.8248,1.1959,206.75,0.0956,24.06,1.1246
RECHERCHE-003_x016896_y019968,RECHERCHE-003,train,"[692, 410, 1024, 854]",119785.0,0,Class 0 (Normal / Preserved),127028.0,1399.92,0.8145,0.9918,0.813,0.934,223.57,0.0609,26.34,1.0404
RECHERCHE-003_x018432_y019968,RECHERCHE-003,train,"[0, 410, 329, 854]",114579.5,2,Class 2 (Global Sclerosis / Necrotic),122380.5,1393.48,0.792,0.9914,0.7833,0.934,221.18,0.0658,27.07,1.0469
RECHERCHE-003_x019968_y019968,RECHERCHE-003,train,"[870, 435, 1024, 634]",23971.0,4,Class 4,126166.0,1528.88,0.6783,0.9898,0.7869,0.9584,212.9,0.081,19.96,1.096
RECHERCHE-003_x021504_y019968,RECHERCHE-003,train,"[102, 435, 361, 638]",40536.5,3,Class 3 (Hypertrophic / Atypical),102115.5,1329.37,0.7261,0.9879,0.774,1.2804,216.7,0.0728,18.75,1.0774
RECHERCHE-003_x062976_y019968,RECHERCHE-003,train,"[813, 297, 1024, 721]",67306.5,0,Class 0 (Normal / Preserved),89883.5,1244.28,0.7295,0.9935,0.7552,0.7115,219.06,0.0736,34.08,1.0549
RECHERCHE-003_x064512_y019968,RECHERCHE-003,train,"[45, 282, 476, 721]",132329.5,2,Class 2 (Global Sclerosis / Necrotic),118057.5,1342.18,0.8235,0.9928,0.7006,1.0073,216.73,0.0783,34.24,1.063
RECHERCHE-003_x067584_y019968,RECHERCHE-003,train,"[287, 509, 536, 712]",37362.5,0,Class 0 (Normal / Preserved),101536.5,1332.28,0.7189,0.9875,0.7411,1.2209,202.39,0.1054,24.36,1.1442
RECHERCHE-003_x110592_y019968,RECHERCHE-003,train,"[609, 409, 1024, 869]",137985.5,2,Class 2 (Global Sclerosis / Necrotic),127223.0,1392.48,0.8245,0.9931,0.7216,1.0438,218.89,0.0721,30.56,1.0597
RECHERCHE-003_x112128_y019968,RECHERCHE-003,train,"[0, 409, 268, 869]",95896.5,2,Class 2 (Global Sclerosis / Necrotic),104003.0,1321.21,0.7487,0.9935,0.7762,0.7932,215.71,0.0785,30.66,1.0723
RECHERCHE-003_x113664_y019968,RECHERCHE-003,train,"[850, 118, 1024, 288]",24207.0,3,Class 3 (Hypertrophic / Atypical),149269.0,1635.22,0.7015,0.9909,0.824,1.1378,203.15,0.1036,23.95,1.1423
RECHERCHE-003_x115200_y019968,RECHERCHE-003,train,"[82, 118, 302, 288]",29803.5,3,Class 3 (Hypertrophic / Atypical),103698.5,1340.8,0.7249,0.9889,0.7998,1.2902,206.22,0.0968,24.32,1.1277
RECHERCHE-003_x015360_y021504,RECHERCHE-003,train,"[685, 747, 1024, 1024]",83019.0,4,Class 4,163075.0,1642.19,0.7599,0.9954,0.885,1.1235,191.71,0.1329,32.69,1.1887
RECHERCHE-003_x016896_y021504,RECHERCHE-003,train,"[577, 750, 1024, 1024]",104688.5,4,Class 4,130844.5,1462.6,0.7686,0.9961,0.8552,1.3472,210.61,0.0894,31.84,1.0736
RECHERCHE-003_x016896_y021504,RECHERCHE-003,train,"[0, 747, 361, 1024]",86906.5,4,Class 4,154343.5,1578.8,0.7781,0.9949,0.8701,1.1722,190.31,0.1359,32.09,1.1952
RECHERCHE-003_x016896_y021504,RECHERCHE-003,train,"[706, 0, 991, 86]",15497.5,4,Class 4,52597.5,1136.23,0.512,0.963,0.6383,2.06,211.24,0.0873,30.62,1.0774
RECHERCHE-003_x018432_y021504,RECHERCHE-003,train,"[0, 750, 421, 1024]",92957.5,4,Class 4,128584.5,1494.11,0.7238,0.9956,0.8074,1.3,204.59,0.1022,31.63,1.0947
RECHERCHE-003_x018432_y021504,RECHERCHE-003,train,"[618, 509, 1024, 999]",163385.5,4,Class 4,145920.0,1505.09,0.8095,0.9957,0.8222,0.9379,212.14,0.0856,30.73,1.074
RECHERCHE-003_x018432_y021504,RECHERCHE-003,train,"[0, 0, 223, 86]",12651.0,4,Class 4,73759.0,1332.59,0.522,0.9598,0.6699,1.8802,209.72,0.0907,30.73,1.0849
RECHERCHE-003_x019968_y021504,RECHERCHE-003,train,"[0, 509, 448, 999]",174327.0,4,Class 4,149837.0,1510.57,0.8252,0.9951,0.7955,0.9954,216.82,0.0757,30.2,1.0546
RECHERCHE-003_x061440_y021504,RECHERCHE-003,train,"[638, 532, 1024, 919]",120485.0,3,Class 3 (Hypertrophic / Atypical),150170.0,1522.15,0.8145,0.9941,0.8048,1.1046,174.1,0.1828,38.71,1.294
RECHERCHE-003_x062976_y021504,RECHERCHE-003,train,"[567, 626, 1024, 1024]",164762.5,2,Class 2 (Global Sclerosis / Necrotic),172985.5,1621.23,0.827,0.9975,0.9052,1.0833,202.62,0.1113,39.09,1.1014
RECHERCHE-003_x062976_y021504,RECHERCHE-003,train,"[0, 532, 370, 919]",115347.5,1,Class 1 (Segmental Sclerosis),146807.5,1522.65,0.7957,0.9896,0.8045,1.0803,173.33,0.1838,37.2,1.3003
RECHERCHE-003_x064512_y021504,RECHERCHE-003,train,"[0, 626, 456, 1024]",155337.5,4,Class 4,164139.5,1602.97,0.8027,0.9975,0.855,1.0831,196.43,0.1243,37.61,1.1261
RECHERCHE-003_x064512_y021504,RECHERCHE-003,train,"[616, 475, 1024, 938]",162311.5,4,Class 4,148830.5,1505.94,0.8247,0.9957,0.8603,1.0342,198.17,0.1212,38.55,1.1353
RECHERCHE-003_x066048_y021504,RECHERCHE-003,train,"[0, 475, 444, 938]",157479.0,4,Class 4,139573.5,1501.9,0.7776,0.9901,0.7669,1.088,204.52,0.1058,37.3,1.1045
RECHERCHE-003_x110592_y021504,RECHERCHE-003,train,"[72, 891, 505, 1024]",42817.0,4,Class 4,61547.0,1103.19,0.6355,0.9921,0.745,2.0248,181.72,0.1605,36.33,1.2461
RECHERCHE-003_x110592_y021504,RECHERCHE-003,train,"[752, 733, 1024, 1024]",65406.5,2,Class 2 (Global Sclerosis / Necrotic),164874.5,1703.26,0.7142,0.9952,0.8292,0.9604,207.59,0.0996,37.55,1.0837
RECHERCHE-003_x110592_y021504,RECHERCHE-003,train,"[652, 0, 974, 101]",19099.0,4,Class 4,49966.0,1129.24,0.4924,0.9849,0.5902,1.9951,216.35,0.0767,30.12,1.0577
RECHERCHE-003_x112128_y021504,RECHERCHE-003,train,"[0, 724, 575, 1024]",141369.0,4,Class 4,112347.5,1414.22,0.7059,0.9655,0.8185,1.515,200.74,0.114,36.71,1.1119
RECHERCHE-003_x112128_y021504,RECHERCHE-003,train,"[692, 373, 1024, 877]",132234.0,4,Class 4,114164.0,1352.47,0.7843,0.9941,0.7907,0.8631,197.71,0.122,38.08,1.1387
RECHERCHE-003_x112128_y021504,RECHERCHE-003,train,"[0, 0, 206, 101]",13803.5,4,Class 4,88434.5,1433.04,0.5411,0.9881,0.6725,1.5744,215.36,0.0789,30.4,1.0614
RECHERCHE-003_x113664_y021504,RECHERCHE-003,train,"[0, 373, 508, 877]",192311.5,0,Class 0 (Normal / Preserved),139057.5,1481.93,0.7957,0.9942,0.7526,1.1155,203.32,0.1078,36.04,1.1112
RECHERCHE-003_x015360_y023040,RECHERCHE-003,train,"[91, 826, 482, 1024]",60599.0,0,Class 0 (Normal / Preserved),94704.0,1291.53,0.7135,0.9856,0.7849,1.3864,209.93,0.0908,32.14,1.0773
RECHERCHE-003_x015360_y023040,RECHERCHE-003,train,"[684, 0, 1024, 371]",110261.5,3,Class 3 (Hypertrophic / Atypical),172551.5,1632.83,0.8133,0.9954,0.8739,0.9496,191.47,0.1332,32.19,1.1906
RECHERCHE-003_x016896_y023040,RECHERCHE-003,train,"[577, 0, 1024, 516]",193838.0,2,Class 2 (Global Sclerosis / Necrotic),160274.0,1562.06,0.8254,0.9961,0.8388,0.9189,213.19,0.0838,31.41,1.066
RECHERCHE-003_x016896_y023040,RECHERCHE-003,train,"[0, 0, 361, 371]",112561.5,3,Class 3 (Hypertrophic / Atypical),172237.5,1644.91,0.7999,0.9949,0.8412,0.9846,190.2,0.136,31.58,1.197
RECHERCHE-003_x018432_y023040,RECHERCHE-003,train,"[623, 0, 1024, 231]",73946.5,4,Class 4,117688.5,1450.32,0.7031,0.9946,0.7983,1.4043,217.16,0.0743,28.33,1.061
RECHERCHE-003_x018432_y023040,RECHERCHE-003,train,"[0, 0, 421, 516]",184911.0,4,Class 4,157040.5,1555.74,0.8154,0.996,0.8503,0.8882,210.27,0.09,31.48,1.076
RECHERCHE-003_x059904_y023040,RECHERCHE-003,train,"[770, 512, 1024, 880]",73228.0,0,Class 0 (Normal / Preserved),116852.0,1392.04,0.7578,0.9892,0.7849,0.89,189.06,0.1451,42.69,1.1589
RECHERCHE-003_x061440_y023040,RECHERCHE-003,train,"[2, 512, 368, 880]",96790.0,4,Class 4,132968.0,1462.6,0.7811,0.9888,0.7193,1.1051,192.76,0.136,42.48,1.1429
RECHERCHE-003_x061440_y023040,RECHERCHE-003,train,"[638, 0, 1024, 151]",43707.5,4,Class 4,83666.5,1285.63,0.6361,0.9935,0.7536,1.8648,173.89,0.1834,38.74,1.2939
RECHERCHE-003_x062976_y023040,RECHERCHE-003,train,"[567, 0, 1024, 383]",143742.5,4,Class 4,153777.5,1584.14,0.77,0.9969,0.8203,1.1044,205.57,0.1047,38.85,1.0922
RECHERCHE-003_x062976_y023040,RECHERCHE-003,train,"[0, 0, 328, 151]",38071.0,4,Class 4,97303.0,1379.99,0.6421,0.986,0.7703,1.6462,170.51,0.191,35.83,1.3308
RECHERCHE-003_x064512_y023040,RECHERCHE-003,train,"[616, 0, 1024, 170]",63797.5,0,Class 0 (Normal / Preserved),107412.5,1371.72,0.7174,0.9955,0.9222,1.7773,201.77,0.1124,37.45,1.1253
RECHERCHE-003_x064512_y023040,RECHERCHE-003,train,"[0, 0, 456, 383]",143920.0,4,Class 4,155034.0,1592.58,0.7681,0.9972,0.8252,1.1068,201.16,0.1146,39.06,1.1111
RECHERCHE-003_x109056_y023040,RECHERCHE-003,train,"[818, 124, 1024, 506]",59507.5,3,Class 3 (Hypertrophic / Atypical),95376.5,1302.88,0.7061,0.9933,0.7571,0.7531,178.62,0.1695,36.94,1.2694
RECHERCHE-003_x110592_y023040,RECHERCHE-003,train,"[50, 123, 505, 508]",133517.0,3,Class 3 (Hypertrophic / Atypical),109435.5,1283.93,0.8342,0.9927,0.7599,1.196,176.02,0.1754,35.59,1.2857
RECHERCHE-003_x110592_y023040,RECHERCHE-003,train,"[752, 0, 1024, 477]",108741.0,2,Class 2 (Global Sclerosis / Necrotic),122175.5,1409.51,0.7728,0.996,0.8391,0.7033,207.84,0.0992,37.73,1.0847
RECHERCHE-003_x112128_y023040,RECHERCHE-003,train,"[751, 0, 1024, 109]",22595.0,0,Class 0 (Normal / Preserved),86468.0,1345.42,0.6003,0.9905,0.7632,1.8273,200.02,0.1169,37.83,1.1398
RECHERCHE-003_x112128_y023040,RECHERCHE-003,train,"[0, 0, 575, 481]",243835.0,2,Class 2 (Global Sclerosis / Necrotic),164730.0,1576.77,0.8326,0.9872,0.879,1.1095,205.46,0.104,37.32,1.0952
RECHERCHE-003_x015360_y024576,RECHERCHE-003,train,"[79, 58, 483, 424]",113743.0,4,Class 4,119339.0,1369.32,0.7998,0.9842,0.7699,1.0792,207.0,0.0976,33.06,1.0905
RECHERCHE-003_x061440_y024576,RECHERCHE-003,train,"[36, 0, 364, 112]",25105.5,4,Class 4,62775.5,1171.69,0.5746,0.9783,0.6876,1.8864,187.71,0.1476,41.16,1.1779
RECHERCHE-003_x109056_y024576,RECHERCHE-003,train,"[383, 320, 796, 682]",121175.5,0,Class 0 (Normal / Preserved),118860.0,1349.72,0.8199,0.9784,0.8095,1.1393,199.26,0.1184,38.35,1.1263
RECHERCHE-003_x053760_y032256,RECHERCHE-003,train,"[661, 789, 1001, 1024]",62134.0,4,Class 4,121572.0,1414.81,0.7632,0.9928,0.7803,1.1758,187.82,0.1479,42.27,1.1473
RECHERCHE-003_x055296_y032256,RECHERCHE-003,train,"[0, 789, 233, 1024]",45963.0,4,Class 4,174156.0,1709.73,0.7487,0.9943,0.8431,0.9978,185.6,0.1534,42.45,1.1597
RECHERCHE-003_x010752_y033792,RECHERCHE-003,train,"[273, 784, 573, 1024]",51069.5,4,Class 4,116314.5,1445.88,0.6992,0.9909,0.7111,1.0327,200.17,0.1135,34.6,1.1094
RECHERCHE-003_x053760_y033792,RECHERCHE-003,train,"[261, 564, 727, 1024]",171983.5,4,Class 4,148484.0,1508.29,0.8202,0.9951,0.8032,0.9049,195.98,0.1262,39.29,1.1178
RECHERCHE-003_x053760_y033792,RECHERCHE-003,train,"[661, 21, 1001, 433]",93521.0,4,Class 4,112557.0,1365.31,0.7588,0.9842,0.6671,0.8876,188.95,0.1457,42.62,1.1479
RECHERCHE-003_x055296_y033792,RECHERCHE-003,train,"[0, 21, 233, 427]",62806.0,4,Class 4,93442.0,1324.55,0.6693,0.9923,0.665,0.7425,187.62,0.1488,42.73,1.1534
RECHERCHE-003_x009216_y035328,RECHERCHE-003,train,"[834, 623, 1024, 1024]",63271.5,2,Class 2 (Global Sclerosis / Necrotic),106136.5,1378.37,0.702,0.9945,0.8301,0.6176,209.65,0.0917,32.44,1.071
RECHERCHE-003_x010752_y035328,RECHERCHE-003,train,"[66, 623, 518, 1024]",145650.5,4,Class 4,139943.5,1494.02,0.7879,0.9944,0.8012,0.9671,206.93,0.0975,32.52,1.0826
RECHERCHE-003_x010752_y035328,RECHERCHE-003,train,"[273, 16, 573, 469]",83979.5,4,Class 4,73882.0,1161.08,0.6887,0.9695,0.6182,0.6145,201.09,0.1116,34.69,1.1106
RECHERCHE-003_x050688_y035328,RECHERCHE-003,train,"[639, 341, 1024, 1024]",192708.5,4,Class 4,105899.0,1345.18,0.7354,0.9937,0.7319,0.6989,191.8,0.1358,38.65,1.1427
RECHERCHE-003_x052224_y035328,RECHERCHE-003,train,"[0, 341, 488, 1024]",239290.0,4,Class 4,121654.5,1419.44,0.7588,0.9934,0.7168,0.8198,187.71,0.1456,38.3,1.1612
RECHERCHE-003_x053760_y035328,RECHERCHE-003,train,"[261, 0, 727, 427]",155074.0,4,Class 4,138421.5,1487.28,0.7864,0.9953,0.7816,0.9446,194.81,0.1287,39.07,1.1226
RECHERCHE-003_x105984_y035328,RECHERCHE-003,train,"[303, 803, 783, 1024]",73980.5,4,Class 4,78645.0,1214.04,0.6705,0.9928,0.6992,1.4873,196.83,0.1244,39.46,1.1118
RECHERCHE-003_x105984_y035328,RECHERCHE-003,train,"[479, 179, 799, 638]",99819.5,4,Class 4,79540.0,1157.2,0.7464,0.9915,0.679,0.6934,190.57,0.1411,41.72,1.1422
RECHERCHE-003_x009216_y036864,RECHERCHE-003,train,"[0, 728, 480, 1024]",96907.5,4,Class 4,105018.0,1434.04,0.6417,0.9938,0.6814,1.3491,199.86,0.1128,31.76,1.1153
RECHERCHE-003_x009216_y036864,RECHERCHE-003,train,"[834, 0, 1024, 464]",69681.0,2,Class 2 (Global Sclerosis / Necrotic),90934.0,1308.9,0.667,0.9943,0.7913,0.5526,209.05,0.0927,31.97,1.0738
RECHERCHE-003_x010752_y036864,RECHERCHE-003,train,"[66, 0, 518, 499]",177151.5,4,Class 4,137123.0,1481.52,0.7851,0.9938,0.7831,0.8421,206.27,0.0987,32.18,1.0855
RECHERCHE-003_x050688_y036864,RECHERCHE-003,train,"[715, 0, 1024, 316]",71034.5,4,Class 4,148920.5,1688.6,0.6563,0.9952,0.7289,0.9868,191.99,0.1345,36.65,1.1468
RECHERCHE-003_x052224_y036864,RECHERCHE-003,train,"[0, 0, 488, 316]",116957.5,4,Class 4,120936.0,1419.38,0.7543,0.9952,0.7577,1.3029,187.93,0.145,37.79,1.1649
RECHERCHE-003_x105984_y036864,RECHERCHE-003,train,"[302, 35, 790, 656]",235387.0,4,Class 4,108143.0,1276.71,0.8337,0.9943,0.778,0.7413,197.78,0.1215,38.52,1.1084
RECHERCHE-003_x007680_y038400,RECHERCHE-003,train,"[628, 0, 1024, 590]",158982.0,3,Class 3 (Hypertrophic / Atypical),110478.0,1430.21,0.6787,0.9924,0.6801,0.7846,203.2,0.1054,31.57,1.106
RECHERCHE-003_x009216_y038400,RECHERCHE-003,train,"[0, 0, 506, 599]",234482.5,4,Class 4,145497.0,1504.03,0.8083,0.9948,0.7707,0.9079,200.65,0.1111,31.46,1.1158
RECHERCHE-003_x047616_y038400,RECHERCHE-003,train,"[736, 180, 1024, 550]",77649.5,4,Class 4,117465.5,1405.42,0.7473,0.9918,0.7272,0.9562,180.83,0.162,35.73,1.2409
RECHERCHE-003_x049152_y038400,RECHERCHE-003,train,"[871, 646, 1024, 951]",37469.5,1,Class 1 (Segmental Sclerosis),96681.5,1303.35,0.7152,0.9919,0.8068,0.7164,182.89,0.1584,38.81,1.2111
RECHERCHE-003_x049152_y038400,RECHERCHE-003,train,"[0, 180, 283, 550]",78629.0,4,Class 4,119795.0,1405.03,0.7626,0.9915,0.7493,0.9465,180.27,0.1633,35.58,1.2418
RECHERCHE-003_x050688_y038400,RECHERCHE-003,train,"[103, 646, 408, 951]",70904.0,4,Class 4,128175.0,1432.83,0.7846,0.9907,0.7662,1.0,183.12,0.1565,36.79,1.2189
RECHERCHE-003_x104448_y038400,RECHERCHE-003,train,"[130, 217, 844, 877]",317761.5,4,Class 4,104456.5,1310.15,0.7647,0.9893,0.6739,1.0792,192.32,0.1341,38.02,1.1345
RECHERCHE-003_x006144_y039936,RECHERCHE-003,train,"[423, 851, 711, 1024]",38147.5,4,Class 4,104597.5,1371.97,0.6983,0.9914,0.7703,1.2319,199.49,0.1119,26.36,1.1455
RECHERCHE-003_x044544_y039936,RECHERCHE-003,train,"[772, 524, 1024, 973]",82992.0,0,Class 0 (Normal / Preserved),95964.0,1288.12,0.7268,0.9934,0.7312,0.7657,210.97,0.0916,36.97,1.0829
RECHERCHE-003_x046080_y039936,RECHERCHE-003,train,"[4, 518, 728, 1024]",229930.5,0,Class 0 (Normal / Preserved),103963.5,1798.14,0.4041,0.9207,0.627,1.2377,198.22,0.1225,41.43,1.1284
RECHERCHE-003_x049152_y039936,RECHERCHE-003,train,"[871, 0, 1024, 183]",24277.5,4,Class 4,162817.5,1679.72,0.7252,0.9934,0.8728,0.9011,184.06,0.1564,40.19,1.2105
RECHERCHE-003_x050688_y039936,RECHERCHE-003,train,"[103, 0, 408, 183]",47301.5,4,Class 4,115895.5,1382.17,0.7623,0.9918,0.8509,1.2282,184.46,0.1538,37.8,1.2147
RECHERCHE-003_x006144_y041472,RECHERCHE-003,train,"[423, 83, 718, 408]",70184.5,4,Class 4,111203.5,1353.9,0.7623,0.9906,0.7329,0.9071,194.49,0.124,27.56,1.1731
RECHERCHE-003_x007680_y041472,RECHERCHE-003,train,"[624, 307, 906, 619]",65672.0,4,Class 4,113297.0,1374.55,0.7535,0.9834,0.7467,0.9071,196.06,0.1211,30.02,1.1606
RECHERCHE-003_x009216_y041472,RECHERCHE-003,train,"[0, 307, 138, 603]",28498.0,4,Class 4,80066.0,1270.07,0.6237,0.988,0.7017,0.6822,196.41,0.1196,28.22,1.1662
RECHERCHE-003_x044544_y041472,RECHERCHE-003,train,"[761, 354, 956, 645]",56260.0,2,Class 2 (Global Sclerosis / Necrotic),117670.0,1394.0,0.7609,1.0,0.9941,0.7007,203.99,0.1069,37.86,1.0991
RECHERCHE-003_x044544_y041472,RECHERCHE-003,train,"[87, 257, 675, 740]",216693.5,4,Class 4,105110.0,1265.89,0.8243,0.993,0.7589,1.2196,203.8,0.1086,39.38,1.0901
RECHERCHE-003_x044544_y041472,RECHERCHE-003,train,"[787, 0, 1024, 205]",36970.0,3,Class 3 (Hypertrophic / Atypical),145289.0,1659.99,0.6626,0.9936,0.7638,1.0835,199.12,0.1186,38.31,1.1416
RECHERCHE-003_x046080_y041472,RECHERCHE-003,train,"[345, 555, 926, 1024]",202862.5,2,Class 2 (Global Sclerosis / Necrotic),122107.5,1352.98,0.8382,0.9943,0.7445,1.02,200.02,0.1172,39.81,1.1052
RECHERCHE-003_x046080_y041472,RECHERCHE-003,train,"[0, 354, 188, 645]",54230.0,2,Class 2 (Global Sclerosis / Necrotic),142680.0,1516.0,0.7801,1.0,0.9947,0.8491,203.31,0.1085,38.0,1.1021
RECHERCHE-003_x046080_y041472,RECHERCHE-003,train,"[19, 0, 728, 442]",192476.0,2,Class 2 (Global Sclerosis / Necrotic),92932.5,1766.69,0.3742,0.9168,0.6124,1.305,195.28,0.1295,41.56,1.1331
RECHERCHE-003_x101376_y041472,RECHERCHE-003,train,"[814, 484, 1024, 801]",51651.5,4,Class 4,112627.5,1393.71,0.7286,0.9924,0.7779,0.8655,184.86,0.1501,32.89,1.2187
RECHERCHE-003_x102912_y041472,RECHERCHE-003,train,"[46, 484, 375, 806]",78653.5,5,Class 5,121839.5,1406.87,0.7735,0.9884,0.7429,1.02,181.72,0.1589,34.36,1.2309
RECHERCHE-003_x104448_y041472,RECHERCHE-003,train,"[276, 580, 635, 896]",83549.5,4,Class 4,108953.5,1303.44,0.8059,0.9915,0.7379,1.133,186.46,0.1475,35.81,1.1968
RECHERCHE-003_x004608_y043008,RECHERCHE-003,train,"[156, 709, 875, 1024]",142996.5,0,Class 0 (Normal / Preserved),68346.5,1253.48,0.5466,0.9401,0.6306,1.5434,209.83,0.0914,32.6,1.0857
RECHERCHE-003_x046080_y043008,RECHERCHE-003,train,"[345, 0, 926, 277]",127309.5,4,Class 4,91598.0,1230.04,0.7608,0.9945,0.7914,1.4452,199.72,0.1184,40.6,1.1054
RECHERCHE-003_x104448_y043008,RECHERCHE-003,train,"[276, 0, 617, 128]",31522.0,4,Class 4,70333.0,1182.56,0.632,0.9911,0.7256,1.7257,188.29,0.144,37.46,1.1827
RECHERCHE-003_x003072_y044544,RECHERCHE-003,train,"[541, 533, 1024, 990]",182002.5,4,Class 4,155666.0,1497.0,0.8729,0.9957,0.8244,1.0964,207.52,0.0972,33.9,1.0774
RECHERCHE-003_x003072_y044544,RECHERCHE-003,train,"[924, 0, 1024, 329]",20993.5,0,Class 0 (Normal / Preserved),58520.5,1212.52,0.5002,0.9902,0.6417,0.4386,224.69,0.0588,27.08,1.0211
RECHERCHE-003_x004608_y044544,RECHERCHE-003,train,"[751, 624, 1024, 1024]",97735.5,4,Class 4,147242.5,1540.37,0.7798,0.9958,0.8939,0.7956,205.76,0.1002,33.04,1.0869
RECHERCHE-003_x004608_y044544,RECHERCHE-003,train,"[0, 535, 297, 990]",107910.0,4,Class 4,119931.0,1395.84,0.7735,0.9951,0.7979,0.8244,208.78,0.0949,34.29,1.0748
RECHERCHE-003_x004608_y044544,RECHERCHE-003,train,"[156, 0, 904, 548]",260716.5,2,Class 2 (Global Sclerosis / Necrotic),98212.5,1572.66,0.499,0.9172,0.6336,1.0792,207.69,0.0969,34.3,1.0889
RECHERCHE-003_x006144_y044544,RECHERCHE-003,train,"[0, 624, 478, 1024]",165558.5,4,Class 4,161618.0,1538.55,0.858,0.9966,0.8664,1.1098,207.57,0.0964,33.08,1.0812
RECHERCHE-003_x006144_y044544,RECHERCHE-003,train,"[0, 154, 136, 544]",37489.0,4,Class 4,64935.0,1136.64,0.6316,0.9909,0.7088,0.5477,204.01,0.1054,35.28,1.0923
RECHERCHE-003_x099840_y044544,RECHERCHE-003,train,"[686, 481, 1024, 940]",133471.5,3,Class 3 (Hypertrophic / Atypical),133814.0,1422.52,0.831,0.995,0.8591,0.9221,206.12,0.1032,38.92,1.1033
RECHERCHE-003_x101376_y044544,RECHERCHE-003,train,"[0, 481, 674, 1024]",271955.0,2,Class 2 (Global Sclerosis / Necrotic),135516.5,1726.07,0.5716,0.9228,0.7411,1.1372,196.92,0.126,41.81,1.1289
RECHERCHE-003_x003072_y046080,RECHERCHE-003,train,"[541, 0, 1024, 222]",87569.5,4,Class 4,102595.0,1329.13,0.7298,0.9963,0.817,1.6486,207.41,0.0971,33.47,1.0833
RECHERCHE-003_x004608_y046080,RECHERCHE-003,train,"[751, 0, 1024, 346]",85117.0,4,Class 4,162745.0,1627.71,0.7719,0.9963,0.9035,0.8662,204.83,0.1025,33.58,1.0909
RECHERCHE-003_x004608_y046080,RECHERCHE-003,train,"[0, 0, 296, 222]",57647.5,4,Class 4,154080.5,1615.66,0.7417,0.9963,0.8799,1.1875,208.43,0.0946,32.86,1.0787
RECHERCHE-003_x006144_y046080,RECHERCHE-003,train,"[0, 0, 478, 348]",144280.0,4,Class 4,149007.5,1505.94,0.8257,0.9967,0.8687,1.2069,206.69,0.0984,33.26,1.0843
RECHERCHE-003_x043008_y046080,RECHERCHE-003,train,"[87, 268, 797, 891]",440998.0,0,Class 0 (Normal / Preserved),146422.0,1534.0,0.7819,1.0,0.9948,1.1421,209.41,0.0978,41.56,1.0742
RECHERCHE-003_x099840_y046080,RECHERCHE-003,train,"[344, 364, 908, 837]",191943.5,4,Class 4,101209.5,1276.98,0.7799,0.9724,0.7197,1.1953,199.49,0.1183,39.28,1.1026
RECHERCHE-003_x099840_y046080,RECHERCHE-003,train,"[688, 0, 1024, 172]",46519.5,3,Class 3 (Hypertrophic / Atypical),109446.5,1412.37,0.6895,0.995,0.8072,1.5268,193.89,0.1325,40.61,1.1615
RECHERCHE-003_x101376_y046080,RECHERCHE-003,train,"[0, 431, 140, 825]",30432.5,2,Class 2 (Global Sclerosis / Necrotic),51669.5,1115.6,0.5217,0.9881,0.5538,0.5523,199.03,0.1215,41.84,1.1043
RECHERCHE-003_x101376_y046080,RECHERCHE-003,train,"[560, 326, 1024, 844]",197838.0,2,Class 2 (Global Sclerosis / Necrotic),143702.0,1458.29,0.8492,0.9949,0.8228,1.044,198.6,0.1198,38.74,1.1072
RECHERCHE-003_x101376_y046080,RECHERCHE-003,train,"[0, 0, 673, 275]",137709.5,2,Class 2 (Global Sclerosis / Necrotic),85621.0,1499.07,0.4788,0.9094,0.7422,1.8024,195.96,0.1282,41.73,1.1248
RECHERCHE-003_x102912_y046080,RECHERCHE-003,train,"[0, 326, 343, 840]",137537.0,4,Class 4,114033.0,1374.52,0.7585,0.9947,0.781,0.8729,199.61,0.118,39.48,1.1021
RECHERCHE-003_x001536_y049152,RECHERCHE-003,train,"[808, 548, 1024, 1024]",102125.0,4,Class 4,122763.0,1448.0,0.7358,1.0,0.9941,0.5991,215.35,0.0785,29.74,1.0542
RECHERCHE-003_x003072_y049152,RECHERCHE-003,train,"[40, 548, 762, 1024]",342475.0,0,Class 0 (Normal / Preserved),152064.0,1568.0,0.7772,1.0,0.9949,1.2266,212.12,0.087,33.75,1.0692
RECHERCHE-003_x098304_y050688,RECHERCHE-003,train,"[766, 461, 1024, 1024]",144434.0,3,Class 3 (Hypertrophic / Atypical),123942.0,1454.0,0.7367,1.0,0.9942,0.6022,211.05,0.0899,34.91,1.064
RECHERCHE-003_x099840_y050688,RECHERCHE-003,train,"[0, 461, 756, 1024]",424310.0,0,Class 0 (Normal / Preserved),173355.0,1672.0,0.7792,1.0,0.9952,1.1937,209.93,0.0942,38.22,1.0703
RECHERCHE-004_x150528_y010752,RECHERCHE-004,train,"[183, 833, 435, 1024]",33593.5,0,Class 0 (Normal / Preserved),111059.5,1448.83,0.6649,0.9904,0.7,1.0648,189.45,0.1394,32.69,1.1938
RECHERCHE-004_x150528_y012288,RECHERCHE-004,train,"[76, 730, 651, 1024]",131162.0,2,Class 2 (Global Sclerosis / Necrotic),94274.5,1251.6,0.7563,0.9949,0.7761,1.3771,204.61,0.1112,45.05,1.0946
RECHERCHE-004_x150528_y012288,RECHERCHE-004,train,"[183, 65, 435, 308]",40566.5,3,Class 3 (Hypertrophic / Atypical),107708.5,1419.96,0.6713,0.9877,0.6635,1.0405,190.27,0.1373,32.95,1.1833
RECHERCHE-004_x107520_y013824,RECHERCHE-004,train,"[43, 389, 338, 603]",44641.5,0,Class 0 (Normal / Preserved),86325.5,1248.08,0.6964,0.9874,0.7107,1.3771,199.62,0.113,28.03,1.1526
RECHERCHE-004_x147456_y013824,RECHERCHE-004,train,"[360, 817, 704, 1024]",61028.0,0,Class 0 (Normal / Preserved),117029.0,1362.84,0.7918,0.9934,0.8593,1.2282,193.87,0.1269,29.69,1.1712
RECHERCHE-004_x148992_y013824,RECHERCHE-004,train,"[844, 0, 1024, 476]",61738.0,0,Class 0 (Normal / Preserved),77748.0,1228.87,0.647,0.9936,0.721,0.5209,215.98,0.0845,41.05,1.0629
RECHERCHE-004_x150528_y013824,RECHERCHE-004,train,"[76, 0, 651, 515]",223624.0,2,Class 2 (Global Sclerosis / Necrotic),132087.5,1412.84,0.8315,0.9947,0.7546,0.9556,197.06,0.1283,45.2,1.1225
RECHERCHE-004_x105984_y015360,RECHERCHE-004,train,"[837, 276, 1024, 770]",64088.0,2,Class 2 (Global Sclerosis / Necrotic),67452.0,1141.21,0.6508,0.9923,0.6929,0.5819,217.01,0.0817,40.02,1.0613
RECHERCHE-004_x107520_y015360,RECHERCHE-004,train,"[69, 276, 649, 822]",228275.0,2,Class 2 (Global Sclerosis / Necrotic),113984.5,1318.78,0.8236,0.9933,0.7186,1.0701,200.32,0.1194,43.39,1.1144
RECHERCHE-004_x147456_y015360,RECHERCHE-004,train,"[238, 743, 672, 1024]",92597.0,4,Class 4,108596.0,1333.92,0.7669,0.9941,0.7608,1.1719,206.83,0.101,37.64,1.0958
RECHERCHE-004_x147456_y015360,RECHERCHE-004,train,"[360, 49, 704, 304]",70254.0,3,Class 3 (Hypertrophic / Atypical),109408.0,1308.61,0.8029,0.9924,0.8009,1.2246,192.17,0.131,29.77,1.1787
RECHERCHE-004_x150528_y015360,RECHERCHE-004,train,"[487, 747, 915, 1024]",99927.0,3,Class 3 (Hypertrophic / Atypical),120757.5,1383.03,0.7933,0.9951,0.8419,1.1777,182.81,0.1551,32.4,1.2212
RECHERCHE-004_x152064_y015360,RECHERCHE-004,train,"[0, 749, 147, 1024]",31219.0,3,Class 3 (Hypertrophic / Atypical),108714.0,1445.85,0.6535,0.9928,0.7758,0.6769,188.65,0.1412,34.19,1.1882
RECHERCHE-004_x104448_y016896,RECHERCHE-004,train,"[477, 497, 770, 742]",56168.0,0,Class 0 (Normal / Preserved),109461.0,1330.81,0.7767,0.9899,0.7848,1.1994,199.25,0.1128,26.15,1.1493
RECHERCHE-004_x147456_y016896,RECHERCHE-004,train,"[237, 0, 672, 442]",138650.0,0,Class 0 (Normal / Preserved),132278.0,1441.85,0.7996,0.9934,0.7198,0.8838,198.99,0.121,40.74,1.1313
RECHERCHE-004_x148992_y016896,RECHERCHE-004,train,"[838, 264, 1024, 737]",57161.0,5,Class 5,65049.5,1162.0,0.6054,0.9918,0.6518,0.5966,191.14,0.1394,41.24,1.1427
RECHERCHE-004_x150528_y016896,RECHERCHE-004,train,"[70, 245, 587, 783]",198090.5,3,Class 3 (Hypertrophic / Atypical),116052.5,1344.64,0.8066,0.9929,0.7129,0.9731,192.9,0.1324,37.24,1.1389
RECHERCHE-004_x150528_y016896,RECHERCHE-004,train,"[487, 0, 915, 404]",137087.0,3,Class 3 (Hypertrophic / Atypical),143328.5,1456.9,0.8486,0.9946,0.7908,0.932,187.9,0.1428,33.49,1.1876
RECHERCHE-004_x104448_y018432,RECHERCHE-004,train,"[440, 410, 869, 887]",143600.5,2,Class 2 (Global Sclerosis / Necrotic),105513.0,1301.97,0.7822,0.9921,0.7029,0.8973,199.69,0.1193,40.52,1.1356
RECHERCHE-004_x107520_y018432,RECHERCHE-004,train,"[294, 545, 790, 1024]",193051.0,4,Class 4,148193.0,1487.26,0.8419,0.995,0.8142,0.9191,197.37,0.1223,37.98,1.1266
RECHERCHE-004_x107520_y018432,RECHERCHE-004,train,"[617, 195, 1024, 638]",136643.5,3,Class 3 (Hypertrophic / Atypical),134817.0,1437.63,0.8197,0.994,0.7558,1.056,190.02,0.1375,33.45,1.184
RECHERCHE-004_x109056_y018432,RECHERCHE-004,train,"[0, 696, 22, 919]",2328.0,0,Class 0 (Normal / Preserved),15724.0,941.4,0.223,0.9481,0.5059,0.1858,211.37,0.0851,25.18,1.0645
RECHERCHE-004_x109056_y018432,RECHERCHE-004,train,"[0, 195, 325, 638]",115619.0,3,Class 3 (Hypertrophic / Atypical),125050.0,1385.86,0.8182,0.9937,0.8007,0.9246,191.58,0.1338,33.66,1.1789
RECHERCHE-004_x145920_y018432,RECHERCHE-004,train,"[828, 263, 1024, 842]",76290.5,2,Class 2 (Global Sclerosis / Necrotic),59909.0,1098.18,0.6242,0.9922,0.6686,0.5304,200.42,0.1177,41.33,1.1001
RECHERCHE-004_x147456_y018432,RECHERCHE-004,train,"[60, 247, 793, 926]",354254.0,2,Class 2 (Global Sclerosis / Necrotic),116855.0,1330.62,0.8294,0.994,0.7103,1.0928,191.17,0.1378,39.48,1.1334
RECHERCHE-004_x062976_y019968,RECHERCHE-004,train,"[517, 627, 857, 920]",77122.5,3,Class 3 (Hypertrophic / Atypical),111784.5,1335.48,0.7876,0.9895,0.7743,1.1586,198.03,0.1186,32.79,1.1463
RECHERCHE-004_x064512_y019968,RECHERCHE-004,train,"[0, 633, 89, 914]",16867.0,5,Class 5,57953.0,1164.39,0.5371,0.9867,0.6812,0.5086,190.48,0.1346,28.93,1.182
RECHERCHE-004_x104448_y019968,RECHERCHE-004,train,"[346, 657, 1024, 1024]",184666.0,4,Class 4,104095.0,1352.12,0.7155,0.9958,0.742,1.4693,192.75,0.1336,39.0,1.1361
RECHERCHE-004_x104448_y019968,RECHERCHE-004,train,"[448, 0, 738, 119]",20009.0,0,Class 0 (Normal / Preserved),60728.0,1229.1,0.5052,0.9873,0.584,1.6245,179.62,0.1732,44.53,1.2435
RECHERCHE-004_x107520_y019968,RECHERCHE-004,train,"[294, 0, 790, 330]",132538.5,4,Class 4,118131.0,1374.87,0.7853,0.9945,0.8113,1.1489,199.52,0.1177,38.29,1.1189
RECHERCHE-004_x144384_y019968,RECHERCHE-004,train,"[896, 482, 1024, 864]",33763.0,2,Class 2 (Global Sclerosis / Necrotic),61127.0,1120.64,0.6117,0.9902,0.6919,0.5281,194.48,0.1335,44.22,1.1145
RECHERCHE-004_x144384_y019968,RECHERCHE-004,train,"[222, 248, 563, 516]",72463.0,3,Class 3 (Hypertrophic / Atypical),104531.0,1285.44,0.795,0.9907,0.7913,1.2663,183.44,0.157,37.61,1.2056
RECHERCHE-004_x145920_y019968,RECHERCHE-004,train,"[128, 477, 632, 962]",172679.5,2,Class 2 (Global Sclerosis / Necrotic),115749.0,1356.25,0.7908,0.9926,0.7075,1.0225,188.77,0.1468,43.55,1.1472
RECHERCHE-004_x145920_y019968,RECHERCHE-004,train,"[952, 0, 1024, 74]",2591.5,0,Class 0 (Normal / Preserved),103163.5,1766.41,0.4155,0.9766,0.5028,0.9825,191.17,0.1395,41.35,1.1369
RECHERCHE-004_x062976_y021504,RECHERCHE-004,train,"[589, 515, 1024, 1024]",188370.5,2,Class 2 (Global Sclerosis / Necrotic),160410.5,1562.36,0.8258,0.9963,0.8514,0.9141,202.81,0.1152,45.03,1.1023
RECHERCHE-004_x062976_y021504,RECHERCHE-004,train,"[525, 0, 857, 152]",42920.5,3,Class 3 (Hypertrophic / Atypical),96250.5,1299.46,0.7163,0.9914,0.8516,1.4945,192.5,0.1312,31.96,1.171
RECHERCHE-004_x064512_y021504,RECHERCHE-004,train,"[0, 515, 412, 1024]",169736.0,4,Class 4,148210.0,1538.95,0.7864,0.996,0.8101,0.8877,193.79,0.1367,45.91,1.1339
RECHERCHE-004_x064512_y021504,RECHERCHE-004,train,"[0, 0, 89, 146]",11043.0,5,Class 5,131931.0,1563.6,0.6781,0.9904,0.8611,0.7368,190.37,0.134,27.47,1.1785
RECHERCHE-004_x101376_y021504,RECHERCHE-004,train,"[547, 794, 947, 1024]",71328.5,4,Class 4,102352.5,1316.83,0.7417,0.9942,0.7772,1.2702,186.65,0.1494,38.51,1.1975
RECHERCHE-004_x102912_y021504,RECHERCHE-004,train,"[576, 998, 784, 1024]",2588.0,5,Class 5,19039.0,970.71,0.2539,0.9538,0.5005,4.3978,194.44,0.1283,37.33,1.1264
RECHERCHE-004_x102912_y021504,RECHERCHE-004,train,"[0, 794, 179, 1024]",34436.5,5,Class 5,150376.5,1637.52,0.7047,0.9936,0.8407,0.8678,169.59,0.1904,30.48,1.3315
RECHERCHE-004_x104448_y021504,RECHERCHE-004,train,"[346, 0, 1024, 608]",326682.5,2,Class 2 (Global Sclerosis / Necrotic),153986.5,1537.99,0.8181,0.9961,0.7925,1.0607,194.06,0.1307,39.31,1.1287
RECHERCHE-004_x105984_y021504,RECHERCHE-004,train,"[0, 0, 327, 608]",146480.0,5,Class 5,103372.5,1339.48,0.724,0.995,0.736,0.6754,190.32,0.1388,38.2,1.1447
RECHERCHE-004_x145920_y021504,RECHERCHE-004,train,"[167, 0, 632, 194]",62100.0,4,Class 4,72502.5,1181.31,0.6529,0.9916,0.6925,1.5977,191.15,0.1425,45.07,1.14
RECHERCHE-004_x061440_y023040,RECHERCHE-004,train,"[345, 822, 623, 1024]",45212.5,0,Class 0 (Normal / Preserved),124094.5,1457.63,0.734,0.9922,0.8069,1.0878,194.41,0.1246,26.93,1.177
RECHERCHE-004_x062976_y023040,RECHERCHE-004,train,"[589, 0, 1024, 319]",106672.0,5,Class 5,132817.0,1519.9,0.7225,0.9956,0.7702,1.2005,196.73,0.1295,45.32,1.1291
RECHERCHE-004_x064512_y023040,RECHERCHE-004,train,"[0, 0, 412, 319]",100481.0,5,Class 5,136614.0,1542.38,0.7216,0.9952,0.7659,1.1607,187.15,0.1525,45.06,1.1693
RECHERCHE-004_x101376_y023040,RECHERCHE-004,train,"[546, 26, 947, 424]",114915.0,3,Class 3 (Hypertrophic / Atypical),126250.0,1413.08,0.7945,0.993,0.7195,0.9534,186.85,0.1476,36.32,1.1948
RECHERCHE-004_x102912_y023040,RECHERCHE-004,train,"[504, 230, 1022, 700]",170996.0,2,Class 2 (Global Sclerosis / Necrotic),118106.5,1363.07,0.7988,0.9925,0.7012,1.2237,191.85,0.1379,41.77,1.1405
RECHERCHE-004_x102912_y023040,RECHERCHE-004,train,"[0, 26, 179, 378]",46430.5,5,Class 5,93492.5,1326.6,0.6676,0.9915,0.7397,0.6932,171.27,0.1853,29.84,1.3132
RECHERCHE-004_x104448_y023040,RECHERCHE-004,train,"[0, 251, 254, 700]",86770.5,2,Class 2 (Global Sclerosis / Necrotic),99585.0,1278.61,0.7655,0.9935,0.7633,0.78,192.14,0.1377,42.22,1.1415
RECHERCHE-004_x061440_y024576,RECHERCHE-004,train,"[362, 676, 769, 1024]",109725.0,4,Class 4,131861.0,1442.15,0.7967,0.9956,0.775,0.9832,199.62,0.121,42.97,1.1167
RECHERCHE-004_x061440_y024576,RECHERCHE-004,train,"[345, 54, 623, 298]",52262.5,0,Class 0 (Normal / Preserved),113427.5,1392.0,0.7356,0.9892,0.7725,1.1393,193.65,0.1268,28.04,1.1755
RECHERCHE-004_x064512_y024576,RECHERCHE-004,train,"[195, 759, 666, 1024]",95734.0,4,Class 4,99580.0,1295.7,0.7454,0.9942,0.7681,1.2902,188.49,0.1462,41.91,1.1627
RECHERCHE-004_x064512_y024576,RECHERCHE-004,train,"[513, 420, 933, 807]",125310.0,3,Class 3 (Hypertrophic / Atypical),118876.5,1322.56,0.854,0.9945,0.771,1.0849,184.67,0.1544,39.17,1.2074
RECHERCHE-004_x066048_y024576,RECHERCHE-004,train,"[0, 435, 165, 807]",47000.0,0,Class 0 (Normal / Preserved),84362.0,1238.36,0.6913,0.9924,0.7668,0.6577,189.59,0.1424,40.12,1.1815
RECHERCHE-004_x061440_y026112,RECHERCHE-004,train,"[466, 965, 759, 1024]",9463.0,2,Class 2 (Global Sclerosis / Necrotic),32021.0,1028.05,0.3807,0.9791,0.5553,2.9007,200.56,0.1134,35.97,1.087
RECHERCHE-004_x061440_y026112,RECHERCHE-004,train,"[361, 0, 769, 453]",132001.5,2,Class 2 (Global Sclerosis / Necrotic),119905.0,1406.17,0.762,0.9919,0.7142,0.811,196.97,0.128,43.8,1.1355
RECHERCHE-004_x064512_y026112,RECHERCHE-004,train,"[576, 0, 863, 39]",7999.0,0,Class 0 (Normal / Preserved),34935.5,965.66,0.4708,0.9871,0.6089,0.4631,196.28,0.1255,38.98,1.1318
RECHERCHE-004_x064512_y026112,RECHERCHE-004,train,"[195, 0, 669, 473]",176816.5,4,Class 4,146899.0,1480.31,0.8424,0.9946,0.7894,0.8989,193.16,0.1358,43.3,1.1333
RECHERCHE-004_x139776_y026112,RECHERCHE-004,train,"[775, 302, 1024, 681]",71874.0,2,Class 2 (Global Sclerosis / Necrotic),110265.0,1381.07,0.7265,0.9928,0.76,0.8589,186.04,0.153,42.99,1.1602
RECHERCHE-004_x141312_y026112,RECHERCHE-004,train,"[7, 298, 482, 687]",143396.0,2,Class 2 (Global Sclerosis / Necrotic),117132.5,1335.79,0.8249,0.9935,0.777,1.3433,188.67,0.1476,44.01,1.1522
RECHERCHE-004_x061440_y027648,RECHERCHE-004,train,"[344, 197, 1024, 898]",351857.0,2,Class 2 (Global Sclerosis / Necrotic),134870.5,1436.78,0.821,0.9947,0.7377,1.0929,192.37,0.1355,40.27,1.1319
RECHERCHE-004_x062976_y027648,RECHERCHE-004,train,"[0, 259, 286, 897]",130958.0,5,Class 5,79482.5,1199.6,0.6941,0.9942,0.7171,0.6626,189.52,0.1419,39.72,1.1438
RECHERCHE-004_x019968_y029184,RECHERCHE-004,train,"[565, 535, 959, 823]",92040.0,3,Class 3 (Hypertrophic / Atypical),99544.0,1221.52,0.8383,0.9938,0.81,1.3746,190.64,0.1374,35.1,1.1741
RECHERCHE-004_x021504_y029184,RECHERCHE-004,train,"[0, 535, 191, 823]",46687.0,3,Class 3 (Hypertrophic / Atypical),123678.0,1433.79,0.756,0.9937,0.8518,0.868,183.49,0.1536,32.47,1.2094
RECHERCHE-004_x058368_y029184,RECHERCHE-004,train,"[637, 444, 1009, 824]",101951.0,3,Class 3 (Hypertrophic / Atypical),128248.0,1416.88,0.8028,0.9919,0.7208,1.0636,184.78,0.155,39.74,1.1989
RECHERCHE-004_x059904_y029184,RECHERCHE-004,train,"[612, 582, 1024, 1015]",145543.0,4,Class 4,161119.0,1554.92,0.8374,0.9951,0.8155,0.9888,188.59,0.1475,43.97,1.1512
RECHERCHE-004_x059904_y029184,RECHERCHE-004,train,"[0, 444, 241, 824]",71721.5,5,Class 5,110653.5,1356.97,0.7552,0.993,0.7842,0.8435,176.89,0.1749,38.42,1.2503
RECHERCHE-004_x061440_y029184,RECHERCHE-004,train,"[0, 586, 328, 1015]",118930.0,2,Class 2 (Global Sclerosis / Necrotic),146945.0,1501.98,0.8185,0.9956,0.847,0.8722,188.87,0.1475,44.64,1.15
RECHERCHE-004_x061440_y029184,RECHERCHE-004,train,"[460, 0, 976, 130]",39078.0,5,Class 5,42338.5,1048.2,0.4842,0.9892,0.5861,2.4419,198.62,0.1227,42.65,1.1057
RECHERCHE-004_x098304_y029184,RECHERCHE-004,train,"[587, 194, 1024, 590]",142851.0,4,Class 4,139214.5,1441.56,0.8418,0.9951,0.8265,1.2237,192.61,0.1367,42.32,1.1448
RECHERCHE-004_x099840_y029184,RECHERCHE-004,train,"[0, 194, 275, 590]",95538.5,4,Class 4,131554.5,1431.77,0.8064,0.9956,0.8788,0.8949,193.0,0.1359,42.35,1.1429
RECHERCHE-004_x019968_y030720,RECHERCHE-004,train,"[658, 426, 1024, 988]",158973.0,0,Class 0 (Normal / Preserved),116538.5,1388.71,0.7594,0.9952,0.7725,0.8121,204.94,0.1103,44.59,1.0915
RECHERCHE-004_x019968_y030720,RECHERCHE-004,train,"[592, 0, 921, 55]",13432.5,5,Class 5,37401.5,995.66,0.4741,0.9856,0.7558,3.3802,184.03,0.1528,33.63,1.2103
RECHERCHE-004_x021504_y030720,RECHERCHE-004,train,"[0, 426, 484, 988]",228337.0,3,Class 3 (Hypertrophic / Atypical),151147.0,1501.86,0.8421,0.9951,0.839,0.9698,193.33,0.1399,48.13,1.1306
RECHERCHE-004_x021504_y030720,RECHERCHE-004,train,"[0, 0, 153, 55]",6590.5,5,Class 5,83585.5,1337.3,0.5873,0.9866,0.8004,1.9913,184.2,0.1507,30.95,1.2089
RECHERCHE-004_x059904_y030720,RECHERCHE-004,train,"[616, 0, 1024, 247]",79191.0,5,Class 5,119878.0,1454.16,0.7124,0.9956,0.7865,1.3582,190.61,0.1426,44.01,1.1432
RECHERCHE-004_x059904_y030720,RECHERCHE-004,train,"[0, 0, 167, 56]",6271.0,5,Class 5,67967.0,1309.2,0.4983,0.9822,0.6852,2.0872,185.7,0.1436,23.79,1.1972
RECHERCHE-004_x061440_y030720,RECHERCHE-004,train,"[0, 0, 328, 247]",71444.0,2,Class 2 (Global Sclerosis / Necrotic),155407.0,1592.13,0.7704,0.9954,0.8829,1.1813,191.34,0.142,45.25,1.1401
RECHERCHE-004_x138240_y030720,RECHERCHE-004,train,"[333, 452, 769, 739]",90876.5,0,Class 0 (Normal / Preserved),80007.5,1139.36,0.7745,0.9917,0.7272,1.5204,191.59,0.1361,36.32,1.1782
RECHERCHE-004_x018432_y032256,RECHERCHE-004,train,"[466, 778, 731, 974]",43777.5,0,Class 0 (Normal / Preserved),110671.5,1356.17,0.7562,0.9903,0.8456,1.2781,187.97,0.142,30.59,1.2027
RECHERCHE-004_x021504_y032256,RECHERCHE-004,train,"[0, 0, 484, 220]",81580.0,5,Class 5,95751.0,1313.07,0.6979,0.9939,0.7664,1.6642,187.79,0.1534,47.89,1.1547
RECHERCHE-004_x138240_y032256,RECHERCHE-004,train,"[793, 345, 1024, 1024]",119746.0,2,Class 2 (Global Sclerosis / Necrotic),75771.0,1211.61,0.6486,0.9941,0.7604,0.4813,182.33,0.1608,40.79,1.1776
RECHERCHE-004_x139776_y032256,RECHERCHE-004,train,"[25, 345, 515, 1024]",265025.0,2,Class 2 (Global Sclerosis / Necrotic),130779.5,1409.5,0.8272,0.9942,0.7962,0.7934,188.81,0.1456,42.25,1.1466
RECHERCHE-004_x018432_y033792,RECHERCHE-004,train,"[500, 638, 882, 1024]",121040.0,4,Class 4,151585.0,1524.49,0.8196,0.9926,0.8226,0.8901,195.25,0.1322,44.53,1.1372
RECHERCHE-004_x018432_y033792,RECHERCHE-004,train,"[466, 10, 731, 206]",43777.5,2,Class 2 (Global Sclerosis / Necrotic),126917.5,1448.17,0.7605,0.9906,0.8478,1.1175,187.98,0.142,30.59,1.2027
RECHERCHE-004_x019968_y033792,RECHERCHE-004,train,"[0, 640, 114, 1002]",31869.0,2,Class 2 (Global Sclerosis / Necrotic),69324.0,1184.27,0.6211,0.9888,0.7752,0.4792,179.23,0.1726,45.45,1.1872
RECHERCHE-004_x021504_y033792,RECHERCHE-004,train,"[342, 653, 788, 1024]",141273.0,4,Class 4,142845.0,1480.87,0.8185,0.9951,0.8539,1.0,185.48,0.1563,45.1,1.1582
RECHERCHE-004_x021504_y033792,RECHERCHE-004,train,"[621, 303, 1024, 681]",114628.0,3,Class 3 (Hypertrophic / Atypical),131439.0,1389.31,0.8557,0.9942,0.7523,1.1849,176.7,0.1761,39.95,1.2412
RECHERCHE-004_x023040_y033792,RECHERCHE-004,train,"[0, 817, 20, 1024]",2648.5,0,Class 0 (Normal / Preserved),22802.5,1030.33,0.2699,0.9602,0.6787,0.163,190.91,0.1469,49.12,1.1431
RECHERCHE-004_x023040_y033792,RECHERCHE-004,train,"[0, 303, 274, 681]",81934.0,3,Class 3 (Hypertrophic / Atypical),122258.0,1397.44,0.7867,0.9938,0.789,0.9173,176.96,0.1761,41.47,1.2331
RECHERCHE-004_x096768_y033792,RECHERCHE-004,train,"[265, 388, 703, 681]",90961.5,0,Class 0 (Normal / Preserved),79553.0,1142.57,0.7658,0.9706,0.7073,1.4873,196.93,0.1223,34.77,1.1581
RECHERCHE-004_x136704_y033792,RECHERCHE-004,train,"[634, 462, 1024, 918]",93296.5,4,Class 4,89190.5,1373.61,0.594,0.9911,0.5242,1.0171,186.44,0.1514,41.59,1.1639
RECHERCHE-004_x138240_y033792,RECHERCHE-004,train,"[0, 463, 334, 922]",89293.0,4,Class 4,90079.0,1299.02,0.6708,0.9916,0.5814,0.9173,179.19,0.1691,40.46,1.1965
RECHERCHE-004_x138240_y033792,RECHERCHE-004,train,"[827, 0, 1024, 271]",39755.0,2,Class 2 (Global Sclerosis / Necrotic),127962.0,1573.65,0.6493,0.9937,0.748,0.8264,189.35,0.1436,41.12,1.1476
RECHERCHE-004_x139776_y033792,RECHERCHE-004,train,"[59, 0, 493, 279]",89544.0,4,Class 4,105660.5,1338.36,0.7413,0.994,0.7424,1.1753,193.95,0.133,41.68,1.1262
RECHERCHE-004_x018432_y035328,RECHERCHE-004,train,"[580, 911, 1024, 1024]",35397.0,2,Class 2 (Global Sclerosis / Necrotic),55511.0,1142.22,0.5347,0.9914,0.7068,2.6243,190.06,0.142,41.56,1.1368
RECHERCHE-004_x018432_y035328,RECHERCHE-004,train,"[500, 0, 882, 343]",97441.5,2,Class 2 (Global Sclerosis / Necrotic),130663.5,1501.54,0.7283,0.9876,0.7447,0.9534,193.57,0.1383,46.36,1.1514
RECHERCHE-004_x021504_y035328,RECHERCHE-004,train,"[342, 0, 788, 348]",134267.0,4,Class 4,139427.0,1473.13,0.8074,0.9946,0.8652,1.0381,186.8,0.1543,46.59,1.1503
RECHERCHE-004_x056832_y035328,RECHERCHE-004,train,"[182, 686, 647, 1024]",130537.5,4,Class 4,127880.5,1384.99,0.8378,0.9944,0.8316,1.0878,189.97,0.1451,44.79,1.1457
RECHERCHE-004_x096768_y035328,RECHERCHE-004,train,"[768, 261, 1024, 973]",136035.5,2,Class 2 (Global Sclerosis / Necrotic),72694.0,1153.7,0.6863,0.9946,0.7467,0.534,189.09,0.1421,38.46,1.1526
RECHERCHE-004_x098304_y035328,RECHERCHE-004,train,"[0, 261, 481, 973]",259048.0,4,Class 4,116021.5,1321.04,0.8354,0.994,0.7551,0.8388,194.54,0.1296,39.3,1.1293
RECHERCHE-004_x138240_y035328,RECHERCHE-004,train,"[86, 0, 331, 154]",22203.0,5,Class 5,83008.0,1372.3,0.5539,0.9877,0.5917,1.1924,178.71,0.1683,38.03,1.1936
RECHERCHE-004_x018432_y036864,RECHERCHE-004,train,"[532, 143, 1024, 768]",242612.0,2,Class 2 (Global Sclerosis / Necrotic),127468.0,1411.86,0.8036,0.9956,0.789,0.9658,188.16,0.1475,42.65,1.146
RECHERCHE-004_x019968_y036864,RECHERCHE-004,train,"[0, 152, 472, 768]",227327.0,4,Class 4,124658.5,1403.62,0.7951,0.9959,0.7815,0.9535,184.37,0.1559,41.37,1.1575
RECHERCHE-004_x056832_y036864,RECHERCHE-004,train,"[182, 0, 647, 318]",119906.5,5,Class 5,120400.0,1375.15,0.8001,0.9942,0.8132,1.1298,189.0,0.1477,44.88,1.1555
RECHERCHE-004_x095232_y036864,RECHERCHE-004,train,"[133, 1009, 212, 1024]",539.0,3,Class 3 (Hypertrophic / Atypical),27827.0,1065.6,0.308,0.9325,0.5077,3.0522,183.35,0.1514,29.32,1.1818
RECHERCHE-004_x095232_y036864,RECHERCHE-004,train,"[646, 424, 1024, 845]",75642.0,4,Class 4,83112.5,1408.15,0.5267,0.9622,0.4748,1.0465,192.93,0.1391,44.75,1.1239
RECHERCHE-004_x096768_y036864,RECHERCHE-004,train,"[0, 456, 364, 869]",85574.0,4,Class 4,98652.0,1379.65,0.6513,0.9754,0.5689,1.0367,185.08,0.1588,44.75,1.1569
RECHERCHE-004_x096768_y036864,RECHERCHE-004,train,"[815, 0, 1024, 205]",26980.0,4,Class 4,129952.0,1715.45,0.5549,0.9924,0.6333,1.0089,196.87,0.1237,38.61,1.1185
RECHERCHE-004_x098304_y036864,RECHERCHE-004,train,"[47, 0, 448, 205]",55431.0,4,Class 4,83006.0,1261.35,0.6556,0.9923,0.6761,1.3826,200.93,0.1148,39.11,1.1004
RECHERCHE-004_x133632_y036864,RECHERCHE-004,train,"[777, 715, 1024, 1024]",66938.5,2,Class 2 (Global Sclerosis / Necrotic),159075.5,1610.37,0.7708,0.995,0.8804,0.8767,185.2,0.1566,43.92,1.1605
RECHERCHE-004_x135168_y036864,RECHERCHE-004,train,"[9, 715, 462, 1024]",106980.5,4,Class 4,123279.5,1436.85,0.7504,0.9945,0.764,1.2382,189.93,0.1465,45.77,1.1423
RECHERCHE-004_x136704_y036864,RECHERCHE-004,train,"[487, 864, 722, 1024]",28872.0,5,Class 5,114245.0,1423.19,0.7088,0.988,0.7721,1.1417,182.27,0.1528,23.97,1.2426
RECHERCHE-004_x015360_y038400,RECHERCHE-004,train,"[849, 397, 1024, 799]",56048.5,4,Class 4,86300.5,1228.26,0.7189,0.9943,0.7954,0.6423,193.11,0.1363,42.06,1.1393
RECHERCHE-004_x016896_y038400,RECHERCHE-004,train,"[836, 514, 1024, 915]",55835.0,2,Class 2 (Global Sclerosis / Necrotic),84596.0,1237.27,0.6944,0.9934,0.7413,0.6822,184.29,0.1582,44.01,1.157
RECHERCHE-004_x016896_y038400,RECHERCHE-004,train,"[81, 382, 446, 799]",113906.5,3,Class 3 (Hypertrophic / Atypical),109997.0,1283.63,0.8389,0.995,0.7491,0.8778,179.11,0.1722,42.76,1.2158
RECHERCHE-004_x018432_y038400,RECHERCHE-004,train,"[68, 514, 546, 927]",153391.5,2,Class 2 (Global Sclerosis / Necrotic),112572.5,1297.3,0.8405,0.9932,0.7753,1.1521,186.26,0.1541,44.76,1.1499
RECHERCHE-004_x093696_y038400,RECHERCHE-004,train,"[821, 241, 1024, 597]",57409.0,2,Class 2 (Global Sclerosis / Necrotic),104181.0,1308.72,0.7644,0.992,0.796,0.7824,217.41,0.0815,39.18,1.0448
RECHERCHE-004_x095232_y038400,RECHERCHE-004,train,"[53, 241, 344, 597]",74376.5,2,Class 2 (Global Sclerosis / Necrotic),103917.5,1291.79,0.7826,0.9899,0.7177,0.8655,214.61,0.0866,38.83,1.0555
RECHERCHE-004_x095232_y038400,RECHERCHE-004,train,"[934, 0, 1024, 77]",3930.0,4,Class 4,110098.0,1695.82,0.4811,0.9828,0.5818,1.0988,194.33,0.1274,34.47,1.1506
RECHERCHE-004_x132096_y038400,RECHERCHE-004,train,"[564, 504, 937, 794]",76650.0,0,Class 0 (Normal / Preserved),92434.0,1222.37,0.7774,0.9921,0.7085,1.2821,197.32,0.1245,41.24,1.1149
RECHERCHE-004_x133632_y038400,RECHERCHE-004,train,"[0, 504, 169, 794]",42230.0,0,Class 0 (Normal / Preserved),115645.0,1385.65,0.7569,0.9942,0.8631,0.7932,192.57,0.1354,40.43,1.1392
RECHERCHE-004_x133632_y038400,RECHERCHE-004,train,"[777, 0, 1024, 409]",78794.5,4,Class 4,118524.5,1448.06,0.7103,0.9951,0.7805,0.7303,188.74,0.1484,44.69,1.1426
RECHERCHE-004_x135168_y038400,RECHERCHE-004,train,"[9, 0, 465, 439]",149788.5,2,Class 2 (Global Sclerosis / Necrotic),149398.0,1525.08,0.8072,0.9954,0.7477,1.0045,195.32,0.1335,45.66,1.119
RECHERCHE-004_x136704_y038400,RECHERCHE-004,train,"[487, 96, 722, 266]",29316.0,5,Class 5,89553.0,1285.47,0.681,0.9862,0.7336,1.3838,182.35,0.1526,23.92,1.2423
RECHERCHE-004_x018432_y039936,RECHERCHE-004,train,"[98, 0, 546, 159]",52695.5,4,Class 4,68820.0,1140.3,0.6651,0.9918,0.7413,1.8018,189.83,0.1464,45.85,1.1356
RECHERCHE-004_x093696_y039936,RECHERCHE-004,train,"[129, 712, 574, 1024]",109128.5,4,Class 4,118177.5,1383.05,0.7764,0.9939,0.7852,1.1114,195.27,0.1305,42.43,1.1304
RECHERCHE-004_x133632_y039936,RECHERCHE-004,train,"[1011, 642, 1024, 760]",704.0,5,Class 5,17550.0,965.94,0.2364,0.9237,0.517,0.2029,184.57,0.1489,31.4,1.1005
RECHERCHE-004_x133632_y039936,RECHERCHE-004,train,"[224, 580, 641, 1024]",146173.0,2,Class 2 (Global Sclerosis / Necrotic),138021.0,1443.2,0.8327,0.9938,0.7896,0.848,187.89,0.1508,46.11,1.1434
RECHERCHE-004_x133632_y039936,RECHERCHE-004,train,"[0, 0, 127, 26]",2982.0,5,Class 5,61939.0,1187.8,0.5517,0.9946,0.9388,3.1379,176.37,0.1787,40.78,1.2435
RECHERCHE-004_x135168_y039936,RECHERCHE-004,train,"[243, 539, 610, 936]",114441.0,2,Class 2 (Global Sclerosis / Necrotic),121466.0,1348.23,0.8397,0.9927,0.7836,0.9267,184.17,0.1589,43.75,1.1699
RECHERCHE-004_x015360_y041472,RECHERCHE-004,train,"[196, 192, 688, 590]",194927.0,0,Class 0 (Normal / Preserved),134640.0,1476.0,0.7766,1.0,0.9945,1.2356,194.09,0.1307,38.9,1.1291
RECHERCHE-004_x053760_y041472,RECHERCHE-004,train,"[771, 189, 1024, 447]",55422.0,0,Class 0 (Normal / Preserved),156927.0,1629.3,0.7429,0.9931,0.8504,1.0925,195.58,0.1279,38.86,1.1607
RECHERCHE-004_x055296_y041472,RECHERCHE-004,train,"[548, 751, 1017, 1024]",91577.5,2,Class 2 (Global Sclerosis / Necrotic),104187.5,1352.45,0.7158,0.9942,0.714,1.3815,187.91,0.1474,41.65,1.1542
RECHERCHE-004_x055296_y041472,RECHERCHE-004,train,"[3, 189, 423, 448]",86935.5,0,Class 0 (Normal / Preserved),91208.5,1230.02,0.7576,0.9908,0.7994,1.7826,190.83,0.1397,39.02,1.1804
RECHERCHE-004_x092160_y041472,RECHERCHE-004,train,"[0, 507, 292, 810]",67963.5,0,Class 0 (Normal / Preserved),140621.5,1553.94,0.7318,0.9919,0.7692,1.0929,198.52,0.1198,38.18,1.1203
RECHERCHE-004_x092160_y041472,RECHERCHE-004,train,"[897, 0, 1024, 340]",33178.0,2,Class 2 (Global Sclerosis / Necrotic),82743.0,1303.02,0.6124,0.9921,0.7721,0.5154,190.94,0.1419,44.03,1.1351
RECHERCHE-004_x093696_y041472,RECHERCHE-004,train,"[129, 0, 574, 441]",148568.5,2,Class 2 (Global Sclerosis / Necrotic),140226.5,1501.99,0.7811,0.9899,0.7568,0.9029,200.79,0.1172,41.65,1.1056
RECHERCHE-004_x132096_y041472,RECHERCHE-004,train,"[253, 352, 627, 660]",88011.0,4,Class 4,105392.0,1287.66,0.7988,0.9912,0.7646,1.2136,185.59,0.1523,40.01,1.1598
RECHERCHE-004_x132096_y041472,RECHERCHE-004,train,"[992, 0, 1024, 165]",3093.5,0,Class 0 (Normal / Preserved),38031.5,1161.84,0.354,0.9722,0.6101,0.3011,181.13,0.1644,40.98,1.1972
RECHERCHE-004_x133632_y041472,RECHERCHE-004,train,"[523, 380, 1008, 781]",138765.0,2,Class 2 (Global Sclerosis / Necrotic),106565.0,1288.54,0.8065,0.9933,0.7112,1.3038,199.72,0.1186,40.3,1.1089
RECHERCHE-004_x133632_y041472,RECHERCHE-004,train,"[224, 0, 641, 257]",88621.5,1,Class 1 (Segmental Sclerosis),114948.5,1366.06,0.7741,0.9945,0.829,1.2065,189.48,0.1465,45.67,1.138
RECHERCHE-004_x135168_y041472,RECHERCHE-004,train,"[0, 408, 240, 779]",59288.5,4,Class 4,95706.5,1340.51,0.6693,0.9926,0.6653,0.8516,205.82,0.104,38.77,1.0889
RECHERCHE-004_x135168_y041472,RECHERCHE-004,train,"[256, 0, 596, 168]",43669.5,4,Class 4,91691.5,1304.52,0.6771,0.9915,0.7666,1.4124,188.41,0.1495,44.69,1.1583
RECHERCHE-004_x055296_y043008,RECHERCHE-004,train,"[529, 0, 1017, 698]",261663.0,2,Class 2 (Global Sclerosis / Necrotic),127080.0,1382.11,0.836,0.9908,0.7677,0.7961,191.13,0.139,40.89,1.1403
RECHERCHE-004_x056832_y043008,RECHERCHE-004,train,"[0, 0, 249, 698]",145265.0,4,Class 4,86655.0,1236.3,0.7125,0.9955,0.8335,0.5,195.2,0.1294,41.03,1.1249
RECHERCHE-004_x092160_y043008,RECHERCHE-004,train,"[367, 578, 800, 1014]",144806.0,2,Class 2 (Global Sclerosis / Necrotic),139272.5,1456.56,0.8249,0.9939,0.7672,0.9126,196.89,0.1242,39.87,1.1167
RECHERCHE-004_x092160_y043008,RECHERCHE-004,train,"[0, 0, 270, 42]",9290.0,4,Class 4,43179.0,1105.88,0.4437,0.9839,0.8324,3.9912,197.0,0.1265,41.43,1.1285
RECHERCHE-004_x093696_y043008,RECHERCHE-004,train,"[0, 740, 32, 971]",3549.0,5,Class 5,21114.0,983.68,0.2742,0.9615,0.5012,0.2518,190.51,0.1378,36.71,1.1509
RECHERCHE-004_x093696_y043008,RECHERCHE-004,train,"[381, 518, 750, 920]",119615.0,2,Class 2 (Global Sclerosis / Necrotic),124035.0,1350.09,0.8551,0.9941,0.8048,0.9124,193.66,0.132,39.61,1.1345
RECHERCHE-004_x013824_y044544,RECHERCHE-004,train,"[488, 625, 945, 1022]",142009.0,4,Class 4,134059.0,1403.97,0.8547,0.9942,0.7841,0.9785,182.98,0.1642,46.1,1.173
RECHERCHE-004_x015360_y044544,RECHERCHE-004,train,"[0, 637, 177, 1022]",53000.5,4,Class 4,97525.5,1331.57,0.6912,0.9932,0.78,0.6093,186.7,0.1559,46.95,1.1597
RECHERCHE-004_x052224_y044544,RECHERCHE-004,train,"[673, 808, 973, 1024]",48681.0,2,Class 2 (Global Sclerosis / Necrotic),115332.0,1428.1,0.7106,0.9927,0.7523,1.1019,208.95,0.0976,38.95,1.0755
RECHERCHE-004_x053760_y044544,RECHERCHE-004,train,"[0, 808, 205, 1024]",34216.5,2,Class 2 (Global Sclerosis / Necrotic),155873.5,1714.43,0.6664,0.9942,0.7751,0.9714,206.94,0.0991,35.17,1.0854
RECHERCHE-004_x053760_y044544,RECHERCHE-004,train,"[485, 218, 969, 634]",106327.5,4,Class 4,76832.5,1262.64,0.6056,0.99,0.527,1.17,189.45,0.1446,42.24,1.147
RECHERCHE-004_x055296_y044544,RECHERCHE-004,train,"[0, 265, 201, 634]",50058.5,4,Class 4,86304.5,1267.88,0.6747,0.9911,0.6785,0.7604,179.15,0.1696,40.94,1.1964
RECHERCHE-004_x090624_y044544,RECHERCHE-004,train,"[432, 376, 868, 755]",96659.0,4,Class 4,85450.0,1298.2,0.6372,0.9214,0.5824,1.1513,198.56,0.1194,37.5,1.1124
RECHERCHE-004_x092160_y044544,RECHERCHE-004,train,"[0, 507, 100, 755]",13524.0,2,Class 2 (Global Sclerosis / Necrotic),56471.0,1223.79,0.4738,0.9847,0.5523,0.6112,205.0,0.1017,32.02,1.0743
RECHERCHE-004_x092160_y044544,RECHERCHE-004,train,"[666, 392, 1024, 763]",106324.0,2,Class 2 (Global Sclerosis / Necrotic),146390.0,1511.18,0.8055,0.9935,0.8004,1.0827,205.21,0.1036,36.15,1.0952
RECHERCHE-004_x092160_y044544,RECHERCHE-004,train,"[370, 0, 800, 246]",87725.0,4,Class 4,109286.5,1335.57,0.7699,0.9939,0.8298,1.2702,197.46,0.123,39.98,1.1152
RECHERCHE-004_x093696_y044544,RECHERCHE-004,train,"[0, 392, 396, 763]",111372.5,4,Class 4,132382.5,1472.25,0.7675,0.9946,0.7597,1.188,208.89,0.0947,34.52,1.0827
RECHERCHE-004_x093696_y044544,RECHERCHE-004,train,"[396, 0, 750, 152]",41456.5,4,Class 4,83255.5,1243.83,0.6762,0.9914,0.7702,1.5627,196.37,0.1269,40.86,1.1302
RECHERCHE-004_x093696_y044544,RECHERCHE-004,train,"[0, 0, 32, 203]",3449.5,5,Class 5,29078.5,1104.61,0.2995,0.9661,0.5545,0.2522,190.45,0.1382,37.02,1.151
RECHERCHE-004_x013824_y046080,RECHERCHE-004,train,"[488, 0, 945, 254]",94159.0,5,Class 5,104859.0,1301.07,0.7784,0.9952,0.8139,1.2984,183.88,0.1619,46.1,1.1723
RECHERCHE-004_x015360_y046080,RECHERCHE-004,train,"[0, 0, 177, 254]",37266.0,3,Class 3 (Hypertrophic / Atypical),139289.0,1568.53,0.7114,0.9945,0.8341,0.8066,186.95,0.1551,46.9,1.1621
RECHERCHE-004_x052224_y046080,RECHERCHE-004,train,"[673, 40, 975, 416]",82571.0,2,Class 2 (Global Sclerosis / Necrotic),107495.0,1296.31,0.8039,0.9915,0.7258,0.8558,210.35,0.0957,39.94,1.0721
RECHERCHE-004_x053760_y046080,RECHERCHE-004,train,"[0, 40, 207, 416]",60424.5,2,Class 2 (Global Sclerosis / Necrotic),101580.5,1307.8,0.7463,0.9934,0.7777,0.7548,209.02,0.0966,37.41,1.079
RECHERCHE-004_x050688_y047616,RECHERCHE-004,train,"[833, 570, 1024, 997]",59868.5,2,Class 2 (Global Sclerosis / Necrotic),85417.5,1254.48,0.6821,0.9932,0.734,0.6265,190.11,0.1457,45.12,1.1482
RECHERCHE-004_x052224_y047616,RECHERCHE-004,train,"[65, 569, 512, 1024]",155014.5,4,Class 4,139477.0,1463.63,0.8182,0.9936,0.7607,0.8857,197.7,0.1271,44.48,1.1169
RECHERCHE-004_x053760_y047616,RECHERCHE-004,train,"[526, 598, 740, 798]",32047.5,3,Class 3 (Hypertrophic / Atypical),117499.5,1456.4,0.6961,0.9881,0.7501,1.0679,190.18,0.1326,23.38,1.182
RECHERCHE-004_x012288_y049152,RECHERCHE-004,train,"[367, 906, 700, 1024]",30647.0,0,Class 0 (Normal / Preserved),72307.0,1178.13,0.6546,0.9919,0.7823,1.8097,190.91,0.1378,36.31,1.1847
RECHERCHE-004_x050688_y049152,RECHERCHE-004,train,"[0, 413, 278, 721]",64232.5,0,Class 0 (Normal / Preserved),131662.5,1481.62,0.7537,0.9908,0.7504,1.0489,192.83,0.1365,42.5,1.1437
RECHERCHE-004_x050688_y049152,RECHERCHE-004,train,"[852, 0, 1024, 229]",28395.5,2,Class 2 (Global Sclerosis / Necrotic),126664.5,1598.43,0.623,0.9928,0.725,0.844,190.07,0.1466,45.76,1.1483
RECHERCHE-004_x052224_y049152,RECHERCHE-004,train,"[84, 0, 512, 263]",90166.5,4,Class 4,110764.0,1369.33,0.7423,0.9925,0.8012,1.2101,201.62,0.1174,43.58,1.0993
RECHERCHE-004_x012288_y050688,RECHERCHE-004,train,"[916, 765, 1024, 1024]",21383.0,2,Class 2 (Global Sclerosis / Necrotic),89514.0,1368.79,0.6004,0.9916,0.7685,0.5626,175.97,0.1763,39.02,1.2059
RECHERCHE-004_x012288_y050688,RECHERCHE-004,train,"[360, 138, 701, 391]",70541.0,0,Class 0 (Normal / Preserved),101522.0,1257.15,0.8072,0.9921,0.8192,1.3498,184.28,0.1564,39.5,1.2114
RECHERCHE-004_x013824_y050688,RECHERCHE-004,train,"[148, 711, 623, 1024]",118885.5,4,Class 4,115806.0,1367.01,0.7787,0.9949,0.7982,1.1643,183.31,0.1597,42.65,1.1661
RECHERCHE-004_x050688_y050688,RECHERCHE-004,train,"[432, 462, 875, 879]",139396.5,2,Class 2 (Global Sclerosis / Necrotic),119507.0,1340.11,0.8362,0.9917,0.7513,1.062,188.83,0.1465,43.96,1.14
RECHERCHE-004_x052224_y050688,RECHERCHE-004,train,"[0, 531, 107, 847]",19426.0,2,Class 2 (Global Sclerosis / Necrotic),52034.0,1143.53,0.5,0.9756,0.5781,0.5328,190.67,0.1402,41.49,1.1339
RECHERCHE-004_x052224_y050688,RECHERCHE-004,train,"[420, 312, 795, 748]",129181.5,2,Class 2 (Global Sclerosis / Necrotic),114227.0,1292.03,0.8599,0.9928,0.7873,0.8589,186.37,0.153,43.82,1.157
RECHERCHE-004_x012288_y052224,RECHERCHE-004,train,"[102, 939, 430, 1024]",20301.0,4,Class 4,52573.0,1105.42,0.5407,0.988,0.7345,2.3371,195.96,0.1327,45.74,1.0998
RECHERCHE-004_x012288_y052224,RECHERCHE-004,train,"[913, 0, 1024, 502]",38439.0,2,Class 2 (Global Sclerosis / Necrotic),48249.5,1103.29,0.4981,0.9897,0.6886,0.3385,178.63,0.1693,39.55,1.1822
RECHERCHE-004_x013824_y052224,RECHERCHE-004,train,"[145, 0, 623, 619]",233479.0,2,Class 2 (Global Sclerosis / Necrotic),113968.5,1350.45,0.7853,0.9945,0.7884,0.6952,185.33,0.1548,42.93,1.155
RECHERCHE-004_x050688_y052224,RECHERCHE-004,train,"[432, 0, 861, 111]",30375.5,1,Class 1 (Segmental Sclerosis),46136.0,1045.33,0.5306,0.9888,0.6409,2.3239,194.32,0.1323,42.32,1.1328
RECHERCHE-004_x010752_y053760,RECHERCHE-004,train,"[293, 746, 628, 1024]",73106.0,2,Class 2 (Global Sclerosis / Necrotic),131471.0,1485.55,0.7486,0.9929,0.7859,1.0,200.41,0.1179,41.29,1.1023
RECHERCHE-004_x010752_y053760,RECHERCHE-004,train,"[870, 171, 1024, 375]",21406.0,4,Class 4,108817.0,1519.71,0.5921,0.9893,0.6859,0.9392,203.09,0.1136,42.48,1.0811
RECHERCHE-004_x012288_y053760,RECHERCHE-004,train,"[102, 171, 593, 551]",97857.0,4,Class 4,68069.5,1208.9,0.5853,0.9891,0.5225,1.2965,185.57,0.1551,43.37,1.1461
RECHERCHE-004_x010752_y055296,RECHERCHE-004,train,"[293, 0, 628, 361]",93372.0,2,Class 2 (Global Sclerosis / Necrotic),133819.0,1468.49,0.7798,0.992,0.7702,0.8355,202.38,0.1144,42.2,1.0927
RECHERCHE-004_x009216_y056832,RECHERCHE-004,train,"[498, 494, 940, 987]",165620.0,4,Class 4,119480.5,1374.67,0.7945,0.9904,0.7601,0.8662,191.27,0.1448,47.63,1.1262
RECHERCHE-004_x010752_y056832,RECHERCHE-004,train,"[943, 535, 1024, 697]",9163.5,5,Class 5,84634.5,1339.32,0.5929,0.9846,0.7052,0.7105,186.56,0.1425,26.09,1.2004
RECHERCHE-004_x010752_y056832,RECHERCHE-004,train,"[0, 524, 172, 987]",66236.5,4,Class 4,83373.0,1240.82,0.6805,0.9869,0.8348,0.5529,201.3,0.1192,44.78,1.0929
RECHERCHE-004_x012288_y056832,RECHERCHE-004,train,"[175, 525, 371, 697]",25288.0,5,Class 5,109950.0,1403.33,0.7016,0.9878,0.7567,1.1401,187.36,0.1399,24.7,1.1889
RECHERCHE-004_x007680_y058368,RECHERCHE-004,train,"[471, 922, 821, 1024]",35249.0,1,Class 1 (Segmental Sclerosis),78336.0,1200.0,0.6836,1.0,0.9924,2.1192,181.51,0.1608,37.48,1.1601
RECHERCHE-004_x007680_y058368,RECHERCHE-004,train,"[402, 336, 718, 657]",68483.5,0,Class 0 (Normal / Preserved),111444.5,1405.02,0.7094,0.9886,0.6761,0.9853,183.04,0.1648,47.49,1.166
RECHERCHE-004_x009216_y058368,RECHERCHE-004,train,"[0, 922, 53, 1024]",5252.0,3,Class 3 (Hypertrophic / Atypical),136353.0,1508.0,0.7535,1.0,0.9945,0.6652,184.75,0.1596,46.47,1.1447
RECHERCHE-004_x009216_y058368,RECHERCHE-004,train,"[509, 0, 940, 219]",69153.0,4,Class 4,89033.0,1296.7,0.6654,0.9903,0.7354,1.3818,197.59,0.1279,45.5,1.1014
RECHERCHE-004_x010752_y058368,RECHERCHE-004,train,"[225, 1012, 311, 1024]",462.0,5,Class 5,21474.0,1001.11,0.2693,0.9194,0.5173,3.9902,184.29,0.1497,33.07,1.1402
RECHERCHE-004_x010752_y058368,RECHERCHE-004,train,"[0, 0, 172, 219]",35750.0,4,Class 4,172135.0,1691.6,0.7559,0.9868,0.9557,0.8662,206.26,0.1056,41.81,1.0712
RECHERCHE-004_x007680_y059904,RECHERCHE-004,train,"[846, 400, 1024, 807]",52997.0,0,Class 0 (Normal / Preserved),92976.0,1310.0,0.6808,1.0,0.993,0.4665,167.72,0.2065,46.89,1.2684
RECHERCHE-004_x007680_y059904,RECHERCHE-004,train,"[471, 154, 821, 794]",223011.0,2,Class 2 (Global Sclerosis / Necrotic),93432.0,1274.0,0.7234,1.0,0.9932,0.5623,176.79,0.1781,43.43,1.2114
RECHERCHE-004_x009216_y059904,RECHERCHE-004,train,"[464, 1009, 643, 1024]",2492.0,3,Class 3 (Hypertrophic / Atypical),25830.0,946.0,0.3627,1.0,0.982,6.4219,221.32,0.0668,28.48,1.028
RECHERCHE-004_x009216_y059904,RECHERCHE-004,train,"[78, 400, 498, 812]",135645.5,2,Class 2 (Global Sclerosis / Necrotic),129548.5,1376.21,0.8596,0.9949,0.7821,1.0199,182.59,0.1645,46.51,1.1623
RECHERCHE-004_x009216_y059904,RECHERCHE-004,train,"[844, 248, 1024, 662]",57273.5,2,Class 2 (Global Sclerosis / Necrotic),82929.5,1226.6,0.6926,0.993,0.768,0.6455,180.73,0.1668,43.08,1.1809
RECHERCHE-004_x009216_y059904,RECHERCHE-004,train,"[0, 154, 53, 794]",33228.0,2,Class 2 (Global Sclerosis / Necrotic),90729.0,1219.41,0.7668,0.9935,0.8222,1.5833,178.21,0.1765,46.79,1.189
RECHERCHE-004_x010752_y059904,RECHERCHE-004,train,"[76, 244, 448, 668]",122097.0,2,Class 2 (Global Sclerosis / Necrotic),114604.0,1308.37,0.8413,0.9939,0.774,0.8851,184.1,0.1593,44.57,1.1599
RECHERCHE-004_x009216_y061440,RECHERCHE-004,train,"[464, 241, 643, 448]",36668.0,2,Class 2 (Global Sclerosis / Necrotic),143616.0,1520.0,0.7811,1.0,0.9947,0.8631,208.7,0.0956,35.43,1.0735
RECHERCHE-004_x009216_y061440,RECHERCHE-004,train,"[175, 0, 475, 44]",9352.5,1,Class 1 (Segmental Sclerosis),31939.5,985.38,0.4134,0.9812,0.7196,3.8056,178.27,0.1697,37.65,1.2164
RECHERCHE-004_x009216_y061440,RECHERCHE-004,train,"[0, 0, 53, 26]",1300.0,0,Class 0 (Normal / Preserved),130628.0,1482.0,0.7474,1.0,0.9944,1.5621,169.74,0.19,31.41,1.3396
RECHERCHE-005_x023040_y013824,RECHERCHE-005,train,"[666, 488, 1024, 947]",113445.5,0,Class 0 (Normal / Preserved),111188.5,1374.96,0.7391,0.9936,0.6884,0.9562,203.71,0.1048,32.24,1.1076
RECHERCHE-005_x024576_y013824,RECHERCHE-005,train,"[0, 488, 527, 947]",194837.5,3,Class 3 (Hypertrophic / Atypical),135438.5,1425.99,0.837,0.9941,0.8027,1.2324,194.77,0.1277,36.63,1.1443
RECHERCHE-005_x072192_y013824,RECHERCHE-005,train,"[354, 399, 911, 814]",176499.0,3,Class 3 (Hypertrophic / Atypical),95079.0,1218.97,0.8041,0.9924,0.7622,1.341,196.22,0.1237,35.67,1.1422
RECHERCHE-005_x073728_y013824,RECHERCHE-005,train,"[0, 419, 143, 788]",36177.5,5,Class 5,68567.5,1199.83,0.5985,0.9897,0.6899,0.5941,188.25,0.1443,38.57,1.1684
RECHERCHE-005_x023040_y015360,RECHERCHE-005,train,"[35, 668, 485, 1024]",128806.5,4,Class 4,135769.0,1467.44,0.7923,0.9944,0.8028,1.073,196.08,0.1263,39.93,1.1189
RECHERCHE-005_x023040_y015360,RECHERCHE-005,train,"[726, 455, 1024, 1024]",124968.5,2,Class 2 (Global Sclerosis / Necrotic),101066.5,1326.65,0.7216,0.9946,0.7355,0.6637,206.84,0.1013,37.86,1.0903
RECHERCHE-005_x023040_y015360,RECHERCHE-005,train,"[687, 0, 1024, 179]",42781.0,4,Class 4,99030.0,1406.7,0.6289,0.9933,0.7113,1.4869,205.24,0.101,31.15,1.0995
RECHERCHE-005_x024576_y015360,RECHERCHE-005,train,"[0, 455, 601, 1024]",283840.0,2,Class 2 (Global Sclerosis / Necrotic),166550.0,1559.2,0.8609,0.9957,0.8282,1.034,200.83,0.1164,40.83,1.1094
RECHERCHE-005_x024576_y015360,RECHERCHE-005,train,"[0, 0, 521, 179]",69812.0,4,Class 4,75573.0,1210.58,0.648,0.9933,0.7499,2.0633,195.88,0.1244,35.26,1.1399
RECHERCHE-005_x070656_y015360,RECHERCHE-005,train,"[318, 534, 795, 995]",174891.0,2,Class 2 (Global Sclerosis / Necrotic),137486.0,1413.97,0.8641,0.9941,0.7947,0.9669,198.83,0.1203,40.53,1.1082
RECHERCHE-005_x072192_y015360,RECHERCHE-005,train,"[0, 634, 27, 843]",4290.0,5,Class 5,31039.0,975.54,0.4099,0.982,0.7905,0.2347,199.82,0.1144,35.15,1.0851
RECHERCHE-005_x072192_y015360,RECHERCHE-005,train,"[316, 358, 960, 986]",320773.5,2,Class 2 (Global Sclerosis / Necrotic),141322.0,1437.28,0.8597,0.9943,0.7899,0.9813,202.3,0.1124,40.12,1.1051
RECHERCHE-005_x072192_y015360,RECHERCHE-005,train,"[467, 0, 825, 46]",9219.5,5,Class 5,22451.5,957.38,0.3078,0.9739,0.5718,4.2604,194.55,0.1274,34.78,1.1642
RECHERCHE-005_x073728_y015360,RECHERCHE-005,train,"[0, 379, 192, 953]",79449.0,5,Class 5,64064.0,1105.9,0.6583,0.9925,0.7201,0.5293,192.35,0.1345,39.01,1.1392
RECHERCHE-005_x073728_y015360,RECHERCHE-005,train,"[0, 0, 57, 20]",802.0,5,Class 5,77192.0,1346.97,0.5346,0.9647,0.7591,2.0448,203.24,0.1082,36.62,1.1056
RECHERCHE-005_x021504_y016896,RECHERCHE-005,train,"[803, 0, 1024, 371]",76905.5,2,Class 2 (Global Sclerosis / Necrotic),141513.5,1505.32,0.7848,0.9966,0.9404,0.7237,203.48,0.1099,40.38,1.0909
RECHERCHE-005_x023040_y016896,RECHERCHE-005,train,"[733, 0, 1024, 280]",54450.5,5,Class 5,135937.5,1676.74,0.6076,0.9944,0.6699,1.0202,204.29,0.1079,39.45,1.0994
RECHERCHE-005_x023040_y016896,RECHERCHE-005,train,"[35, 0, 485, 371]",137991.5,4,Class 4,143298.0,1483.92,0.8178,0.9953,0.8265,1.0467,199.66,0.1187,40.77,1.1059
RECHERCHE-005_x024576_y016896,RECHERCHE-005,train,"[0, 0, 601, 288]",138679.0,5,Class 5,103556.5,1324.28,0.742,0.9958,0.7996,1.6056,201.96,0.114,40.95,1.105
RECHERCHE-005_x070656_y016896,RECHERCHE-005,train,"[318, 0, 795, 227]",85266.0,5,Class 5,91081.0,1251.13,0.7312,0.9938,0.7869,1.4452,202.56,0.1126,41.54,1.0929
RECHERCHE-005_x072192_y016896,RECHERCHE-005,train,"[347, 0, 937, 218]",92401.0,5,Class 5,68842.5,1133.8,0.673,0.993,0.7193,1.7479,208.85,0.0963,36.94,1.0825
RECHERCHE-005_x072192_y016896,RECHERCHE-005,train,"[0, 0, 27, 75]",1235.0,5,Class 5,68490.0,1358.77,0.4662,0.9783,0.6474,0.5044,210.48,0.0877,28.03,1.0435
RECHERCHE-005_x119808_y018432,RECHERCHE-005,train,"[216, 832, 806, 1024]",82509.0,5,Class 5,62815.5,1096.0,0.6571,0.994,0.7279,1.9384,206.84,0.1009,37.65,1.0938
RECHERCHE-005_x119808_y018432,RECHERCHE-005,train,"[294, 132, 846, 563]",187311.5,3,Class 3 (Hypertrophic / Atypical),102989.5,1236.67,0.8462,0.9942,0.7869,1.2781,197.29,0.1207,34.77,1.1363
RECHERCHE-005_x021504_y019968,RECHERCHE-005,train,"[245, 868, 700, 1024]",58090.0,5,Class 5,73798.5,1167.89,0.6799,0.9932,0.8202,1.8591,188.99,0.1413,37.48,1.1421
RECHERCHE-005_x023040_y019968,RECHERCHE-005,train,"[851, 434, 1024, 693]",32631.0,5,Class 5,107037.0,1408.98,0.6775,0.9889,0.7295,0.8686,197.48,0.1173,27.97,1.1492
RECHERCHE-005_x024576_y019968,RECHERCHE-005,train,"[83, 434, 302, 693]",40601.0,3,Class 3 (Hypertrophic / Atypical),102216.0,1350.32,0.7045,0.9878,0.7167,0.8443,199.29,0.1134,28.84,1.1382
RECHERCHE-005_x069120_y019968,RECHERCHE-005,train,"[420, 676, 940, 1024]",149955.5,5,Class 5,120943.5,1383.31,0.7942,0.995,0.8283,1.1457,190.18,0.1387,37.44,1.1434
RECHERCHE-005_x118272_y019968,RECHERCHE-005,train,"[189, 213, 682, 666]",175195.5,2,Class 2 (Global Sclerosis / Necrotic),120493.0,1340.23,0.843,0.9936,0.7856,1.0907,198.82,0.12,39.95,1.111
RECHERCHE-005_x118272_y019968,RECHERCHE-005,train,"[965, 180, 1024, 537]",14226.0,5,Class 5,33158.0,984.05,0.4303,0.9868,0.6813,0.291,190.41,0.1368,34.05,1.1567
RECHERCHE-005_x119808_y019968,RECHERCHE-005,train,"[197, 64, 838, 718]",334544.5,5,Class 5,133935.5,1398.76,0.8602,0.9946,0.7971,0.957,203.09,0.1094,38.15,1.1042
RECHERCHE-005_x018432_y021504,RECHERCHE-005,train,"[0, 983, 203, 1024]",6351.5,5,Class 5,50519.5,1152.75,0.4777,0.9837,0.7802,3.2113,179.69,0.167,37.39,1.2073
RECHERCHE-005_x018432_y021504,RECHERCHE-005,train,"[200, 723, 685, 1024]",118627.5,4,Class 4,112675.5,1327.39,0.8036,0.9943,0.8127,1.2065,190.87,0.1424,44.3,1.1504
RECHERCHE-005_x021504_y021504,RECHERCHE-005,train,"[244, 100, 718, 518]",161144.0,5,Class 5,120478.5,1346.79,0.8347,0.9934,0.816,1.133,192.2,0.1349,39.09,1.134
RECHERCHE-005_x066048_y021504,RECHERCHE-005,train,"[368, 491, 847, 949]",183072.5,2,Class 2 (Global Sclerosis / Necrotic),133938.0,1386.77,0.8752,0.9945,0.8333,1.0407,196.66,0.1262,41.38,1.1267
RECHERCHE-005_x067584_y021504,RECHERCHE-005,train,"[426, 877, 750, 1024]",39521.0,5,Class 5,92993.0,1284.68,0.7081,0.9911,0.8318,1.511,205.5,0.103,36.52,1.0869
RECHERCHE-005_x067584_y021504,RECHERCHE-005,train,"[0, 539, 79, 898]",20262.5,5,Class 5,45347.5,1037.06,0.5299,0.9874,0.72,0.3765,191.57,0.1372,39.58,1.1554
RECHERCHE-005_x069120_y021504,RECHERCHE-005,train,"[420, 0, 940, 366]",160589.5,4,Class 4,127541.5,1387.39,0.8326,0.9959,0.8451,1.1084,194.32,0.1296,38.54,1.1263
RECHERCHE-005_x070656_y021504,RECHERCHE-005,train,"[0, 0, 172, 361]",48186.5,5,Class 5,100252.5,1366.8,0.6744,0.9922,0.7769,0.6206,197.12,0.1214,35.98,1.1021
RECHERCHE-005_x016896_y023040,RECHERCHE-005,train,"[737, 215, 1014, 498]",57460.0,3,Class 3 (Hypertrophic / Atypical),131495.0,1496.35,0.738,0.9905,0.7321,1.0633,195.18,0.1299,40.34,1.1393
RECHERCHE-005_x016896_y023040,RECHERCHE-005,train,"[968, 53, 1024, 270]",5941.0,4,Class 4,49591.0,1132.17,0.4862,0.9893,0.742,2.8182,198.37,0.1206,37.79,1.1256
RECHERCHE-005_x018432_y023040,RECHERCHE-005,train,"[908, 986, 1024, 1024]",2847.5,5,Class 5,64346.5,1308.33,0.4724,0.9823,0.6688,2.1611,189.02,0.14,33.45,1.1723
RECHERCHE-005_x018432_y023040,RECHERCHE-005,train,"[0, 215, 246, 498]",54329.0,3,Class 3 (Hypertrophic / Atypical),134862.0,1498.67,0.7546,0.9918,0.7813,1.0219,195.87,0.1282,40.43,1.1354
RECHERCHE-005_x018432_y023040,RECHERCHE-005,train,"[200, 0, 685, 439]",157518.5,2,Class 2 (Global Sclerosis / Necrotic),130131.0,1406.88,0.8262,0.9945,0.7399,0.9512,192.23,0.1387,43.75,1.1472
RECHERCHE-005_x019968_y023040,RECHERCHE-005,train,"[140, 986, 419, 1024]",6853.0,4,Class 4,27076.0,970.65,0.3611,0.9782,0.662,4.09,191.34,0.1375,39.23,1.145
RECHERCHE-005_x019968_y023040,RECHERCHE-005,train,"[683, 900, 1004, 1024]",30954.5,4,Class 4,81120.5,1254.72,0.6475,0.9908,0.7792,1.7925,181.74,0.159,34.65,1.2432
RECHERCHE-005_x019968_y023040,RECHERCHE-005,train,"[308, 299, 610, 596]",72857.5,2,Class 2 (Global Sclerosis / Necrotic),134211.5,1470.62,0.7798,0.9915,0.8143,1.0149,197.38,0.1232,39.21,1.1138
RECHERCHE-005_x021504_y023040,RECHERCHE-005,train,"[0, 901, 236, 1024]",23203.5,2,Class 2 (Global Sclerosis / Necrotic),110085.5,1460.55,0.6485,0.9925,0.8038,1.5116,179.99,0.1635,34.49,1.2589
RECHERCHE-005_x066048_y023040,RECHERCHE-005,train,"[880, 811, 1024, 1024]",19520.5,5,Class 5,104395.5,1541.75,0.5519,0.9908,0.6405,0.7907,209.67,0.0935,35.0,1.0825
RECHERCHE-005_x066048_y023040,RECHERCHE-005,train,"[372, 0, 842, 181]",66588.0,4,Class 4,77514.5,1174.4,0.7063,0.9936,0.7831,1.6901,202.4,0.1115,39.17,1.1022
RECHERCHE-005_x067584_y023040,RECHERCHE-005,train,"[112, 768, 642, 1024]",103082.5,4,Class 4,88700.0,1234.04,0.7319,0.9942,0.7609,1.4351,200.14,0.1162,38.52,1.1094
RECHERCHE-005_x067584_y023040,RECHERCHE-005,train,"[785, 686, 1024, 1024]",67170.0,2,Class 2 (Global Sclerosis / Necrotic),139954.0,1523.33,0.7579,0.994,0.8336,0.811,187.94,0.1422,31.89,1.212
RECHERCHE-005_x067584_y023040,RECHERCHE-005,train,"[426, 109, 753, 391]",77251.5,2,Class 2 (Global Sclerosis / Necrotic),121439.5,1381.17,0.8,0.9927,0.8411,1.1586,201.16,0.1133,37.63,1.1045
RECHERCHE-005_x067584_y023040,RECHERCHE-005,train,"[0, 0, 74, 130]",5913.5,5,Class 5,92171.5,1509.24,0.5085,0.9855,0.6277,0.7061,202.25,0.1109,38.53,1.0927
RECHERCHE-005_x069120_y023040,RECHERCHE-005,train,"[17, 686, 358, 1024]",89560.0,4,Class 4,153271.0,1591.23,0.7607,0.9925,0.776,0.9625,191.17,0.1345,32.45,1.1916
RECHERCHE-005_x164352_y023040,RECHERCHE-005,train,"[378, 594, 858, 1024]",170813.5,2,Class 2 (Global Sclerosis / Necrotic),144670.0,1460.63,0.8521,0.9963,0.8284,0.9578,194.43,0.1323,42.86,1.1205
RECHERCHE-005_x015360_y024576,RECHERCHE-005,train,"[351, 930, 658, 1024]",24825.0,0,Class 0 (Normal / Preserved),71368.0,1162.59,0.6635,0.992,0.8639,2.0448,201.27,0.1085,27.6,1.1327
RECHERCHE-005_x018432_y024576,RECHERCHE-005,train,"[733, 218, 1024, 718]",111534.0,4,Class 4,102144.0,1309.84,0.7481,0.9946,0.7647,0.7908,199.88,0.1172,38.9,1.1153
RECHERCHE-005_x019968_y024576,RECHERCHE-005,train,"[0, 218, 552, 718]",225956.5,2,Class 2 (Global Sclerosis / Necrotic),138162.5,1420.96,0.8599,0.9955,0.8167,1.2291,195.43,0.1278,39.58,1.1313
RECHERCHE-005_x019968_y024576,RECHERCHE-005,train,"[683, 132, 1020, 483]",93526.0,2,Class 2 (Global Sclerosis / Necrotic),142649.0,1497.18,0.7997,0.9923,0.7927,1.0758,187.66,0.145,35.92,1.2079
RECHERCHE-005_x021504_y024576,RECHERCHE-005,train,"[0, 133, 252, 483]",75063.5,3,Class 3 (Hypertrophic / Atypical),130650.5,1453.63,0.777,0.9938,0.8541,0.9144,188.49,0.1429,35.76,1.2059
RECHERCHE-005_x062976_y024576,RECHERCHE-005,train,"[417, 635, 731, 889]",62397.0,0,Class 0 (Normal / Preserved),106524.0,1299.58,0.7926,0.9921,0.783,1.2417,205.62,0.0988,27.61,1.1139
RECHERCHE-005_x066048_y024576,RECHERCHE-005,train,"[864, 43, 1024, 495]",49154.0,4,Class 4,64392.5,1136.28,0.6267,0.9918,0.6784,0.5381,209.59,0.0937,35.43,1.0791
RECHERCHE-005_x067584_y024576,RECHERCHE-005,train,"[785, 0, 1024, 313]",59819.0,4,Class 4,141694.0,1582.07,0.7114,0.9947,0.8009,0.8509,186.87,0.145,32.23,1.2234
RECHERCHE-005_x067584_y024576,RECHERCHE-005,train,"[96, 0, 642, 504]",217503.5,4,Class 4,140797.5,1438.21,0.8554,0.9949,0.7896,0.9381,199.75,0.1167,37.94,1.1132
RECHERCHE-005_x069120_y024576,RECHERCHE-005,train,"[17, 0, 358, 313]",83205.5,3,Class 3 (Hypertrophic / Atypical),147346.5,1566.71,0.7544,0.9927,0.7787,1.0046,191.02,0.1352,32.96,1.1965
RECHERCHE-005_x113664_y024576,RECHERCHE-005,train,"[117, 807, 628, 1024]",94135.5,4,Class 4,90052.0,1232.42,0.7451,0.9945,0.8501,1.5792,194.86,0.1294,39.7,1.1419
RECHERCHE-005_x116736_y024576,RECHERCHE-005,train,"[132, 327, 746, 804]",226784.0,4,Class 4,100767.5,1231.16,0.8354,0.9889,0.7723,1.2821,196.92,0.122,36.0,1.12
RECHERCHE-005_x164352_y024576,RECHERCHE-005,train,"[378, 0, 858, 294]",121330.5,5,Class 5,118728.0,1357.96,0.8091,0.9954,0.8614,1.2136,198.57,0.1222,42.17,1.1034
RECHERCHE-005_x015360_y026112,RECHERCHE-005,train,"[351, 162, 658, 399]",55420.5,0,Class 0 (Normal / Preserved),99245.5,1294.42,0.7443,0.9905,0.7617,1.2965,193.35,0.1287,31.48,1.1757
RECHERCHE-005_x062976_y026112,RECHERCHE-005,train,"[419, 0, 720, 121]",28046.0,5,Class 5,78867.0,1217.1,0.669,0.9923,0.7744,1.6426,201.53,0.109,30.67,1.1309
RECHERCHE-005_x112128_y026112,RECHERCHE-005,train,"[885, 47, 1024, 501]",50229.5,2,Class 2 (Global Sclerosis / Necrotic),66786.5,1133.35,0.6534,0.9923,0.7987,0.4832,208.92,0.0949,35.08,1.0882
RECHERCHE-005_x113664_y026112,RECHERCHE-005,train,"[922, 475, 1024, 759]",20791.5,5,Class 5,67756.5,1187.55,0.6038,0.9887,0.7199,0.5572,190.39,0.1389,38.69,1.1485
RECHERCHE-005_x113664_y026112,RECHERCHE-005,train,"[117, 39, 629, 513]",207217.0,2,Class 2 (Global Sclerosis / Necrotic),142280.5,1430.59,0.8736,0.9948,0.8547,1.0049,197.88,0.122,39.32,1.1252
RECHERCHE-005_x115200_y026112,RECHERCHE-005,train,"[154, 469, 495, 779]",86120.0,4,Class 4,124253.0,1373.72,0.8274,0.9927,0.8145,1.0965,201.49,0.1128,38.11,1.1047
RECHERCHE-005_x013824_y027648,RECHERCHE-005,train,"[696, 774, 1024, 1024]",70815.5,4,Class 4,152398.5,1568.11,0.7788,0.995,0.8655,1.1757,187.87,0.1477,41.59,1.1586
RECHERCHE-005_x015360_y027648,RECHERCHE-005,train,"[0, 774, 402, 1024]",75814.5,4,Class 4,117024.5,1458.54,0.6913,0.9951,0.7548,1.3412,188.19,0.1475,42.69,1.152
RECHERCHE-005_x061440_y027648,RECHERCHE-005,train,"[719, 503, 1024, 883]",96916.5,4,Class 4,137413.5,1474.48,0.7943,0.9906,0.8358,0.9732,191.89,0.1372,40.76,1.1441
RECHERCHE-005_x062976_y027648,RECHERCHE-005,train,"[0, 503, 374, 883]",118061.5,2,Class 2 (Global Sclerosis / Necrotic),154236.5,1544.51,0.8125,0.9943,0.8302,1.0998,193.01,0.1347,41.03,1.1388
RECHERCHE-005_x110592_y027648,RECHERCHE-005,train,"[57, 866, 413, 1024]",45385.5,0,Class 0 (Normal / Preserved),88437.5,1227.91,0.7371,0.9901,0.8098,1.5318,210.64,0.0872,25.8,1.0912
RECHERCHE-005_x113664_y027648,RECHERCHE-005,train,"[528, 387, 1024, 849]",191113.0,2,Class 2 (Global Sclerosis / Necrotic),144526.0,1460.63,0.8513,0.9954,0.8337,1.1942,200.58,0.1149,38.15,1.1127
RECHERCHE-005_x115200_y027648,RECHERCHE-005,train,"[0, 387, 319, 849]",123845.5,4,Class 4,125524.5,1405.17,0.7989,0.9949,0.8408,0.8924,196.95,0.123,37.98,1.1277
RECHERCHE-005_x115200_y027648,RECHERCHE-005,train,"[486, 327, 822, 691]",98846.0,4,Class 4,125240.0,1376.35,0.8308,0.9933,0.8083,0.9173,193.78,0.1283,32.68,1.1797
RECHERCHE-005_x115200_y027648,RECHERCHE-005,train,"[282, 0, 446, 11]",1025.0,5,Class 5,13887.0,912.28,0.2097,0.9362,0.6375,7.7547,188.32,0.14,29.32,1.1764
RECHERCHE-005_x162816_y027648,RECHERCHE-005,train,"[417, 744, 1003, 1024]",133771.0,4,Class 4,101693.0,1324.16,0.7288,0.9946,0.813,1.5618,182.94,0.1578,39.21,1.1668
RECHERCHE-005_x013824_y029184,RECHERCHE-005,train,"[696, 6, 1024, 390]",98642.5,4,Class 4,146046.5,1530.45,0.7835,0.9942,0.7855,0.9263,189.93,0.1428,41.78,1.1503
RECHERCHE-005_x015360_y029184,RECHERCHE-005,train,"[0, 6, 403, 390]",119621.0,4,Class 4,154066.0,1565.26,0.7902,0.9943,0.7731,1.0435,191.28,0.1398,42.22,1.1424
RECHERCHE-005_x062976_y029184,RECHERCHE-005,train,"[0, 0, 372, 115]",35015.5,4,Class 4,76309.5,1236.92,0.6268,0.9924,0.8203,2.2353,196.87,0.1252,39.97,1.1328
RECHERCHE-005_x109056_y029184,RECHERCHE-005,train,"[825, 98, 1024, 329]",36340.0,0,Class 0 (Normal / Preserved),135462.0,1551.93,0.7068,0.9909,0.7943,1.0196,210.41,0.0878,25.82,1.0978
RECHERCHE-005_x110592_y029184,RECHERCHE-005,train,"[57, 98, 413, 329]",60126.0,0,Class 0 (Normal / Preserved),81125.0,1159.18,0.7587,0.9884,0.7319,1.5092,210.21,0.0883,26.35,1.0926
RECHERCHE-005_x159744_y029184,RECHERCHE-005,train,"[407, 538, 902, 1024]",199302.5,2,Class 2 (Global Sclerosis / Necrotic),152746.0,1478.51,0.8781,0.9955,0.8299,0.9089,190.98,0.1416,43.83,1.1482
RECHERCHE-005_x161280_y029184,RECHERCHE-005,train,"[466, 935, 819, 1024]",23541.0,5,Class 5,52944.0,1073.99,0.5768,0.9899,0.757,2.3918,196.95,0.1234,38.41,1.1173
RECHERCHE-005_x161280_y029184,RECHERCHE-005,train,"[0, 544, 134, 1001]",46171.0,5,Class 5,64221.5,1147.29,0.6131,0.9922,0.7554,0.4472,181.79,0.1651,44.11,1.198
RECHERCHE-005_x162816_y029184,RECHERCHE-005,train,"[0, 961, 51, 1024]",1903.5,1,Class 1 (Segmental Sclerosis),112436.5,1681.64,0.4996,0.9763,0.6161,0.8855,183.16,0.1578,36.93,1.2288
RECHERCHE-005_x162816_y029184,RECHERCHE-005,train,"[417, 0, 1006, 442]",220389.0,4,Class 4,144059.0,1458.69,0.8508,0.9958,0.8446,1.1506,189.91,0.1414,40.51,1.1382
RECHERCHE-005_x164352_y029184,RECHERCHE-005,train,"[0, 0, 238, 442]",79286.0,5,Class 5,106226.0,1364.32,0.7171,0.9946,0.7539,0.6776,189.14,0.1425,39.54,1.1353
RECHERCHE-005_x109056_y030720,RECHERCHE-005,train,"[307, 688, 734, 1024]",119916.0,2,Class 2 (Global Sclerosis / Necrotic),135549.5,1434.02,0.8283,0.9949,0.8349,1.0405,193.54,0.133,40.64,1.1366
RECHERCHE-005_x159744_y030720,RECHERCHE-005,train,"[923, 911, 1024, 1024]",6458.5,5,Class 5,111744.5,1705.52,0.4827,0.985,0.5752,0.9385,171.63,0.1908,39.61,1.2797
RECHERCHE-005_x159744_y030720,RECHERCHE-005,train,"[407, 0, 900, 265]",103971.0,4,Class 4,100372.5,1290.0,0.758,0.995,0.7968,1.3279,193.69,0.1341,42.62,1.1353
RECHERCHE-005_x161280_y030720,RECHERCHE-005,train,"[155, 892, 676, 1024]",57026.5,4,Class 4,58474.5,1074.23,0.6368,0.9943,0.8312,2.3779,196.78,0.1268,42.23,1.1238
RECHERCHE-005_x161280_y030720,RECHERCHE-005,train,"[828, 798, 1024, 1024]",40542.0,4,Class 4,175364.0,1693.62,0.7683,0.9964,0.9198,0.9209,179.29,0.1649,33.64,1.2559
RECHERCHE-005_x161280_y030720,RECHERCHE-005,train,"[452, 167, 849, 514]",109088.0,2,Class 2 (Global Sclerosis / Necrotic),115784.0,1304.23,0.8554,0.9948,0.793,1.1457,190.89,0.1406,42.15,1.1371
RECHERCHE-005_x161280_y030720,RECHERCHE-005,train,"[0, 0, 132, 233]",21502.0,4,Class 4,102606.0,1485.08,0.5846,0.9927,0.7054,0.6996,189.1,0.1484,46.61,1.1528
RECHERCHE-005_x162816_y030720,RECHERCHE-005,train,"[60, 798, 435, 1024]",65686.0,4,Class 4,105697.0,1337.07,0.743,0.9951,0.7761,1.2282,181.18,0.1603,34.03,1.2473
RECHERCHE-005_x162816_y030720,RECHERCHE-005,train,"[0, 193, 81, 509]",18985.0,1,Class 1 (Segmental Sclerosis),53702.0,1097.71,0.5601,0.9878,0.7466,0.4258,191.55,0.1388,41.07,1.1457
RECHERCHE-005_x109056_y032256,RECHERCHE-005,train,"[307, 0, 734, 309]",113946.5,4,Class 4,133406.5,1424.14,0.8266,0.9954,0.8633,1.0931,194.03,0.1314,39.93,1.1357
RECHERCHE-005_x156672_y032256,RECHERCHE-005,train,"[433, 659, 724, 896]",54768.5,0,Class 0 (Normal / Preserved),109128.5,1328.08,0.7775,0.9906,0.7926,1.2269,206.94,0.0957,26.95,1.1076
RECHERCHE-005_x161280_y032256,RECHERCHE-005,train,"[133, 124, 699, 557]",207457.0,2,Class 2 (Global Sclerosis / Necrotic),110511.0,1277.44,0.851,0.9948,0.847,1.2821,194.77,0.1307,41.35,1.1299
RECHERCHE-005_x161280_y032256,RECHERCHE-005,train,"[828, 30, 1024, 388]",59264.0,2,Class 2 (Global Sclerosis / Necrotic),111493.0,1356.22,0.7617,0.9945,0.8475,0.7352,186.19,0.1486,35.9,1.2133
RECHERCHE-005_x162816_y032256,RECHERCHE-005,train,"[60, 30, 435, 390]",101871.0,3,Class 3 (Hypertrophic / Atypical),128269.0,1386.25,0.8388,0.9939,0.7557,0.9855,188.98,0.1414,35.33,1.2003
RECHERCHE-005_x010752_y033792,RECHERCHE-005,train,"[277, 865, 812, 1024]",63400.0,4,Class 4,59832.0,1109.59,0.6107,0.9551,0.7464,2.0867,200.12,0.1163,39.15,1.0936
RECHERCHE-005_x012288_y033792,RECHERCHE-005,train,"[0, 918, 44, 1024]",3719.5,0,Class 0 (Normal / Preserved),95790.5,1400.67,0.6136,0.986,0.8206,0.5614,207.03,0.099,33.66,1.0735
RECHERCHE-005_x012288_y033792,RECHERCHE-005,train,"[473, 873, 808, 1024]",36579.0,1,Class 1 (Segmental Sclerosis),80388.0,1257.59,0.6387,0.9903,0.7253,1.5092,197.33,0.1191,32.68,1.11
RECHERCHE-005_x058368_y033792,RECHERCHE-005,train,"[204, 563, 709, 1018]",173622.0,4,Class 4,131294.0,1415.31,0.8237,0.98,0.7571,0.9646,194.1,0.1304,40.72,1.0999
RECHERCHE-005_x059904_y033792,RECHERCHE-005,train,"[366, 598, 807, 1024]",148153.0,4,Class 4,143983.5,1475.79,0.8308,0.9945,0.7893,0.917,200.85,0.1138,37.54,1.1008
RECHERCHE-005_x156672_y033792,RECHERCHE-005,train,"[433, 0, 723, 128]",27726.0,4,Class 4,82554.0,1254.42,0.6593,0.9903,0.7495,1.5336,202.69,0.1052,27.09,1.1317
RECHERCHE-005_x010752_y035328,RECHERCHE-005,train,"[265, 97, 812, 606]",220844.0,2,Class 2 (Global Sclerosis / Necrotic),124044.5,1385.76,0.8117,0.9808,0.7922,1.0787,199.56,0.1172,38.12,1.1008
RECHERCHE-005_x012288_y035328,RECHERCHE-005,train,"[0, 150, 44, 552]",14067.5,2,Class 2 (Global Sclerosis / Necrotic),27414.5,942.41,0.3879,0.9843,0.8036,0.2019,189.67,0.1468,44.16,1.1297
RECHERCHE-005_x012288_y035328,RECHERCHE-005,train,"[430, 105, 812, 622]",148353.0,4,Class 4,92917.0,1223.18,0.7804,0.9915,0.7498,0.7408,201.78,0.1118,37.79,1.0938
RECHERCHE-005_x056832_y035328,RECHERCHE-005,train,"[0, 802, 551, 1024]",81545.0,4,Class 4,75595.0,1230.26,0.6276,0.9936,0.6658,1.8313,198.76,0.1195,39.36,1.0986
RECHERCHE-005_x056832_y035328,RECHERCHE-005,train,"[974, 0, 1024, 178]",6129.0,4,Class 4,60144.0,1242.99,0.4892,0.9831,0.7016,0.4123,212.95,0.0902,40.94,1.0397
RECHERCHE-005_x058368_y035328,RECHERCHE-005,train,"[206, 0, 703, 250]",88491.5,4,Class 4,85879.5,1222.16,0.7225,0.9939,0.7142,1.3912,188.86,0.1429,41.61,1.1073
RECHERCHE-005_x059904_y035328,RECHERCHE-005,train,"[366, 0, 806, 373]",126136.5,5,Class 5,130320.5,1450.45,0.7784,0.9949,0.7696,0.9879,205.26,0.1041,37.66,1.0839
RECHERCHE-005_x155136_y035328,RECHERCHE-005,train,"[702, 505, 1024, 909]",112464.0,4,Class 4,140704.0,1472.93,0.815,0.9966,0.8644,0.9731,187.89,0.1492,43.79,1.1544
RECHERCHE-005_x156672_y035328,RECHERCHE-005,train,"[0, 505, 373, 909]",128049.5,4,Class 4,151419.5,1507.34,0.8375,0.9965,0.8491,1.066,188.36,0.148,43.79,1.1508
RECHERCHE-005_x007680_y036864,RECHERCHE-005,train,"[817, 346, 1024, 936]",86351.0,0,Class 0 (Normal / Preserved),64768.5,1110.28,0.6602,0.9935,0.707,0.5477,194.82,0.1292,39.48,1.1219
RECHERCHE-005_x009216_y036864,RECHERCHE-005,train,"[49, 331, 675, 955]",277635.5,4,Class 4,124978.0,1381.11,0.8234,0.9942,0.7103,1.0266,194.02,0.1311,39.81,1.1262
RECHERCHE-005_x055296_y036864,RECHERCHE-005,train,"[736, 41, 1024, 715]",152899.0,0,Class 0 (Normal / Preserved),88487.0,1230.04,0.7349,0.9949,0.7878,0.6019,197.53,0.1222,38.87,1.1059
RECHERCHE-005_x056832_y036864,RECHERCHE-005,train,"[490, 789, 1024, 1024]",101038.5,2,Class 2 (Global Sclerosis / Necrotic),97449.5,1311.23,0.7123,0.995,0.8069,1.7068,205.41,0.1048,39.12,1.0769
RECHERCHE-005_x056832_y036864,RECHERCHE-005,train,"[0, 34, 588, 715]",306637.5,2,Class 2 (Global Sclerosis / Necrotic),139442.5,1445.33,0.8388,0.9949,0.7633,0.961,197.74,0.1217,38.82,1.1069
RECHERCHE-005_x104448_y036864,RECHERCHE-005,train,"[321, 555, 882, 1024]",213418.5,2,Class 2 (Global Sclerosis / Necrotic),136141.5,1462.19,0.8002,0.9681,0.8119,0.9976,200.26,0.1143,36.25,1.0921
RECHERCHE-005_x105984_y036864,RECHERCHE-005,train,"[453, 677, 880, 1024]",128070.5,4,Class 4,143064.0,1491.61,0.808,0.9918,0.8637,1.0199,198.69,0.1178,36.43,1.1046
RECHERCHE-005_x105984_y036864,RECHERCHE-005,train,"[0, 580, 114, 1024]",38847.5,2,Class 2 (Global Sclerosis / Necrotic),61359.5,1156.17,0.5768,0.9932,0.7723,0.3855,197.13,0.1232,37.79,1.0976
RECHERCHE-005_x155136_y036864,RECHERCHE-005,train,"[707, 0, 1024, 141]",33955.0,4,Class 4,93203.0,1371.71,0.6225,0.9938,0.7632,1.6877,191.36,0.1407,43.29,1.1527
RECHERCHE-005_x156672_y036864,RECHERCHE-005,train,"[0, 0, 372, 141]",42054.5,4,Class 4,87618.5,1298.72,0.6528,0.993,0.804,1.9079,193.3,0.1352,42.44,1.1403
RECHERCHE-005_x007680_y038400,RECHERCHE-005,train,"[121, 880, 581, 1024]",49576.0,4,Class 4,62802.5,1108.26,0.6425,0.9917,0.749,2.0147,194.53,0.1314,41.51,1.119
RECHERCHE-005_x007680_y038400,RECHERCHE-005,train,"[834, 0, 1024, 168]",20647.5,4,Class 4,125585.5,1678.78,0.56,0.9918,0.6524,1.0708,190.99,0.1379,38.66,1.1426
RECHERCHE-005_x009216_y038400,RECHERCHE-005,train,"[530, 333, 1024, 979]",268162.5,2,Class 2 (Global Sclerosis / Necrotic),139493.5,1456.02,0.8269,0.9961,0.838,0.9044,200.81,0.1148,38.77,1.0957
RECHERCHE-005_x009216_y038400,RECHERCHE-005,train,"[66, 0, 666, 187]",72737.0,4,Class 4,55184.0,1075.49,0.5995,0.9922,0.6487,2.0244,197.62,0.1229,39.78,1.1105
RECHERCHE-005_x010752_y038400,RECHERCHE-005,train,"[0, 333, 405, 979]",221273.0,4,Class 4,124050.0,1402.93,0.792,0.9957,0.843,0.7995,205.59,0.1037,37.84,1.0798
RECHERCHE-005_x053760_y038400,RECHERCHE-005,train,"[740, 611, 1024, 1024]",106382.0,4,Class 4,149668.0,1559.71,0.7731,0.9965,0.9082,0.7996,190.58,0.1403,41.38,1.1341
RECHERCHE-005_x055296_y038400,RECHERCHE-005,train,"[0, 611, 464, 1024]",179654.0,4,Class 4,181992.0,1665.1,0.8249,0.9982,0.9369,1.0704,194.44,0.1326,43.23,1.1162
RECHERCHE-005_x056832_y038400,RECHERCHE-005,train,"[462, 21, 1024, 683]",312322.0,2,Class 2 (Global Sclerosis / Necrotic),153409.5,1515.28,0.8396,0.9957,0.8384,0.9367,202.72,0.1115,40.21,1.0866
RECHERCHE-005_x058368_y038400,RECHERCHE-005,train,"[0, 21, 301, 683]",163870.5,4,Class 4,99512.0,1302.64,0.7369,0.9955,0.8217,0.6199,208.86,0.0967,37.81,1.0672
RECHERCHE-005_x102912_y038400,RECHERCHE-005,train,"[42, 777, 588, 1024]",104023.5,0,Class 0 (Normal / Preserved),89133.0,1254.1,0.7122,0.9847,0.7721,1.572,199.52,0.1175,38.97,1.1043
RECHERCHE-005_x104448_y038400,RECHERCHE-005,train,"[321, 0, 882, 345]",158695.0,4,Class 4,113565.0,1335.35,0.8003,0.996,0.8215,1.2101,201.46,0.1118,36.22,1.0922
RECHERCHE-005_x105984_y038400,RECHERCHE-005,train,"[453, 0, 880, 453]",155742.0,2,Class 2 (Global Sclerosis / Necrotic),141212.5,1485.62,0.804,0.9919,0.8061,0.8462,204.88,0.1046,37.38,1.0859
RECHERCHE-005_x105984_y038400,RECHERCHE-005,train,"[0, 0, 114, 322]",27926.0,2,Class 2 (Global Sclerosis / Necrotic),79188.0,1295.22,0.5932,0.9932,0.765,0.4978,195.79,0.1274,38.98,1.1042
RECHERCHE-005_x006144_y039936,RECHERCHE-005,train,"[875, 112, 1024, 648]",61524.5,2,Class 2 (Global Sclerosis / Necrotic),58555.5,1085.83,0.6241,0.9911,0.7697,0.4548,190.05,0.1413,41.03,1.1347
RECHERCHE-005_x007680_y039936,RECHERCHE-005,train,"[107, 112, 606, 702]",236252.5,4,Class 4,115575.0,1310.63,0.8455,0.9934,0.8028,0.8606,194.47,0.1316,41.91,1.1206
RECHERCHE-005_x009216_y039936,RECHERCHE-005,train,"[559, 0, 1024, 211]",78987.0,4,Class 4,100172.0,1348.9,0.6918,0.9963,0.8064,1.6667,204.38,0.1057,36.92,1.0799
RECHERCHE-005_x010752_y039936,RECHERCHE-005,train,"[0, 0, 391, 211]",72216.5,4,Class 4,123525.5,1458.98,0.7292,0.9964,0.8786,1.4725,206.53,0.1003,35.77,1.0721
RECHERCHE-005_x052224_y039936,RECHERCHE-005,train,"[588, 302, 896, 594]",68243.5,4,Class 4,121461.5,1412.65,0.7649,0.9912,0.7597,1.0566,189.25,0.145,41.96,1.1486
RECHERCHE-005_x053760_y039936,RECHERCHE-005,train,"[524, 829, 885, 1024]",56753.5,5,Class 5,102110.5,1308.4,0.7495,0.9934,0.808,1.3236,181.0,0.1596,32.76,1.201
RECHERCHE-005_x053760_y039936,RECHERCHE-005,train,"[0, 304, 128, 594]",27062.0,4,Class 4,80602.0,1253.24,0.6449,0.9901,0.7318,0.6521,184.3,0.1568,40.29,1.1835
RECHERCHE-005_x053760_y039936,RECHERCHE-005,train,"[740, 0, 1024, 402]",96337.0,4,Class 4,142282.0,1549.93,0.7443,0.996,0.8456,0.8092,194.05,0.1318,40.81,1.1238
RECHERCHE-005_x055296_y039936,RECHERCHE-005,train,"[0, 849, 117, 1024]",15855.5,5,Class 5,126882.5,1574.07,0.6435,0.992,0.7828,0.7863,190.71,0.1323,27.01,1.143
RECHERCHE-005_x055296_y039936,RECHERCHE-005,train,"[0, 0, 464, 402]",168096.5,4,Class 4,172454.5,1626.74,0.8189,0.9974,0.9005,1.0857,196.33,0.1277,42.61,1.112
RECHERCHE-005_x101376_y039936,RECHERCHE-005,train,"[798, 11, 1024, 590]",103473.5,0,Class 0 (Normal / Preserved),86009.5,1248.54,0.6933,0.9945,0.7901,0.5424,198.38,0.1201,38.72,1.1069
RECHERCHE-005_x102912_y039936,RECHERCHE-005,train,"[468, 776, 1024, 1024]",118020.5,2,Class 2 (Global Sclerosis / Necrotic),104444.0,1321.33,0.7517,0.993,0.8552,1.6877,205.2,0.1049,38.77,1.0811
RECHERCHE-005_x102912_y039936,RECHERCHE-005,train,"[30, 9, 613, 608]",272445.5,2,Class 2 (Global Sclerosis / Necrotic),150138.0,1492.25,0.8473,0.9877,0.7813,0.9532,197.88,0.1214,39.0,1.1094
RECHERCHE-005_x006144_y041472,RECHERCHE-005,train,"[952, 693, 1024, 1024]",19397.0,4,Class 4,56471.0,1161.14,0.5263,0.9886,0.8219,0.3319,191.07,0.139,40.67,1.1325
RECHERCHE-005_x006144_y041472,RECHERCHE-005,train,"[656, 366, 970, 651]",70351.0,3,Class 3 (Hypertrophic / Atypical),119865.0,1379.58,0.7914,0.9912,0.7861,1.1078,177.65,0.1681,31.86,1.2278
RECHERCHE-005_x007680_y041472,RECHERCHE-005,train,"[184, 674, 675, 1024]",148942.0,4,Class 4,131899.5,1441.09,0.7981,0.9954,0.865,1.1078,191.87,0.1371,41.13,1.1328
RECHERCHE-005_x007680_y041472,RECHERCHE-005,train,"[0, 366, 202, 651]",49129.5,3,Class 3 (Hypertrophic / Atypical),129855.5,1464.03,0.7613,0.9931,0.8558,0.9071,179.85,0.1621,31.36,1.2116
RECHERCHE-005_x052224_y041472,RECHERCHE-005,train,"[362, 856, 857, 1024]",60498.0,2,Class 2 (Global Sclerosis / Necrotic),65052.5,1117.03,0.6552,0.9926,0.7296,1.8761,202.68,0.11,37.68,1.087
RECHERCHE-005_x053760_y041472,RECHERCHE-005,train,"[0, 914, 89, 1024]",5654.5,5,Class 5,107973.5,1665.72,0.489,0.9841,0.5887,0.8899,205.33,0.1052,38.48,1.0839
RECHERCHE-005_x053760_y041472,RECHERCHE-005,train,"[829, 403, 1024, 854]",51138.0,2,Class 2 (Global Sclerosis / Necrotic),62708.5,1177.05,0.5688,0.9742,0.5801,0.6399,194.1,0.1324,41.76,1.1187
RECHERCHE-005_x053760_y041472,RECHERCHE-005,train,"[524, 61, 885, 360]",81972.0,3,Class 3 (Hypertrophic / Atypical),109361.0,1306.29,0.8054,0.9922,0.7618,1.1652,183.01,0.1538,31.54,1.1925
RECHERCHE-005_x055296_y041472,RECHERCHE-005,train,"[61, 388, 563, 876]",177860.5,2,Class 2 (Global Sclerosis / Necrotic),118499.5,1353.67,0.8126,0.9839,0.7262,1.0353,191.47,0.1423,45.57,1.1207
RECHERCHE-005_x055296_y041472,RECHERCHE-005,train,"[0, 81, 117, 352]",22622.0,5,Class 5,77377.0,1253.3,0.619,0.9899,0.7193,0.643,192.21,0.1283,25.75,1.1425
RECHERCHE-005_x099840_y041472,RECHERCHE-005,train,"[0, 911, 27, 1024]",1950.0,5,Class 5,50351.0,1207.88,0.4337,0.9658,0.6707,0.3626,172.18,0.1912,41.24,1.2883
RECHERCHE-005_x099840_y041472,RECHERCHE-005,train,"[712, 448, 1024, 1017]",150551.0,2,Class 2 (Global Sclerosis / Necrotic),119106.0,1381.75,0.7839,0.9966,0.8483,0.6933,192.54,0.1363,42.53,1.1249
RECHERCHE-005_x101376_y041472,RECHERCHE-005,train,"[0, 448, 430, 1017]",211664.5,4,Class 4,150251.5,1484.65,0.8566,0.9959,0.865,0.8578,198.06,0.1233,42.28,1.1056
RECHERCHE-005_x102912_y041472,RECHERCHE-005,train,"[459, 8, 1024, 642]",300318.5,2,Class 2 (Global Sclerosis / Necrotic),160562.5,1541.22,0.8494,0.9885,0.8376,0.9467,205.93,0.1031,38.42,1.0786
RECHERCHE-005_x104448_y041472,RECHERCHE-005,train,"[0, 9, 263, 642]",139600.5,4,Class 4,96394.0,1293.53,0.7239,0.9838,0.8386,0.5702,214.65,0.0826,34.68,1.0516
RECHERCHE-005_x150528_y041472,RECHERCHE-005,train,"[809, 502, 1024, 939]",77632.0,2,Class 2 (Global Sclerosis / Necrotic),97519.0,1276.36,0.7522,0.9943,0.8279,0.7042,198.44,0.1216,40.65,1.0994
RECHERCHE-005_x152064_y041472,RECHERCHE-005,train,"[896, 601, 1024, 1024]",39944.0,2,Class 2 (Global Sclerosis / Necrotic),67018.0,1184.84,0.5999,0.9927,0.7418,0.4383,193.78,0.1304,38.51,1.0965
RECHERCHE-005_x152064_y041472,RECHERCHE-005,train,"[41, 488, 573, 981]",199536.0,2,Class 2 (Global Sclerosis / Necrotic),131275.5,1414.56,0.8244,0.9807,0.759,1.0493,194.05,0.1328,42.1,1.1116
RECHERCHE-005_x153600_y041472,RECHERCHE-005,train,"[128, 547, 594, 1024]",189456.5,4,Class 4,155000.0,1515.03,0.8486,0.9935,0.8514,0.8833,194.51,0.131,41.55,1.1138
RECHERCHE-005_x004608_y043008,RECHERCHE-005,train,"[439, 359, 971, 959]",240175.5,2,Class 2 (Global Sclerosis / Necrotic),122398.5,1363.04,0.8279,0.9931,0.7506,0.9423,196.31,0.1249,38.5,1.112
RECHERCHE-005_x006144_y043008,RECHERCHE-005,train,"[0, 391, 203, 925]",79688.5,2,Class 2 (Global Sclerosis / Necrotic),72099.0,1151.41,0.6834,0.9932,0.7376,0.5844,204.04,0.1073,38.07,1.0815
RECHERCHE-005_x006144_y043008,RECHERCHE-005,train,"[952, 0, 1024, 293]",16585.5,2,Class 2 (Global Sclerosis / Necrotic),60586.5,1202.75,0.5263,0.9879,0.7926,0.3692,191.21,0.1387,40.71,1.1314
RECHERCHE-005_x007680_y043008,RECHERCHE-005,train,"[184, 0, 675, 407]",166240.0,4,Class 4,139551.5,1469.05,0.8126,0.9924,0.8302,1.0049,192.03,0.1372,41.66,1.1325
RECHERCHE-005_x052224_y043008,RECHERCHE-005,train,"[354, 88, 875, 666]",239345.0,2,Class 2 (Global Sclerosis / Necrotic),120018.5,1324.13,0.8602,0.9946,0.7952,0.9022,197.76,0.1217,38.79,1.1035
RECHERCHE-005_x098304_y043008,RECHERCHE-005,train,"[462, 70, 795, 363]",70979.0,0,Class 0 (Normal / Preserved),107074.0,1314.09,0.7792,0.9909,0.7292,1.1393,193.6,0.1329,40.51,1.1241
RECHERCHE-005_x099840_y043008,RECHERCHE-005,train,"[743, 984, 1024, 1024]",9832.5,5,Class 5,42052.5,1088.81,0.4458,0.9878,0.8887,4.375,194.92,0.1268,36.46,1.1176
RECHERCHE-005_x099840_y043008,RECHERCHE-005,train,"[401, 675, 729, 956]",65663.5,3,Class 3 (Hypertrophic / Atypical),102497.5,1297.5,0.7651,0.9898,0.714,1.1652,183.34,0.1527,30.65,1.1986
RECHERCHE-005_x099840_y043008,RECHERCHE-005,train,"[0, 143, 27, 262]",1974.0,5,Class 5,41509.0,1099.54,0.4315,0.964,0.6423,0.3863,172.2,0.1911,41.17,1.2883
RECHERCHE-005_x099840_y043008,RECHERCHE-005,train,"[712, 0, 1024, 249]",63094.5,2,Class 2 (Global Sclerosis / Necrotic),147662.5,1615.55,0.711,0.996,0.8134,1.1404,197.97,0.1229,41.3,1.1102
RECHERCHE-005_x101376_y043008,RECHERCHE-005,train,"[0, 984, 316, 1024]",10884.0,4,Class 4,37093.0,1060.37,0.4146,0.9895,0.8766,4.8925,195.54,0.1261,37.87,1.112
RECHERCHE-005_x101376_y043008,RECHERCHE-005,train,"[0, 0, 430, 249]",89573.5,4,Class 4,123858.5,1437.09,0.7537,0.9955,0.8376,1.4,202.36,0.1125,40.63,1.0942
RECHERCHE-005_x148992_y043008,RECHERCHE-005,train,"[488, 701, 1024, 1024]",148339.5,4,Class 4,129673.0,1439.61,0.7863,0.9965,0.8558,1.3664,191.63,0.1383,42.0,1.1255
RECHERCHE-005_x150528_y043008,RECHERCHE-005,train,"[0, 705, 326, 1024]",86170.5,5,Class 5,169851.5,1715.55,0.7252,0.9937,0.8314,1.0134,189.89,0.1413,40.4,1.1334
RECHERCHE-005_x150528_y043008,RECHERCHE-005,train,"[809, 0, 1024, 171]",30150.5,4,Class 4,149327.5,1649.04,0.6901,0.9924,0.8264,1.1407,196.33,0.1257,39.48,1.1102
RECHERCHE-005_x152064_y043008,RECHERCHE-005,train,"[896, 0, 1024, 293]",28431.5,2,Class 2 (Global Sclerosis / Necrotic),91842.5,1361.61,0.6225,0.9935,0.7617,0.5824,193.55,0.1313,38.78,1.1081
RECHERCHE-005_x152064_y043008,RECHERCHE-005,train,"[41, 0, 534, 213]",76541.5,4,Class 4,81361.0,1234.44,0.6709,0.9802,0.7313,1.6084,199.06,0.1221,42.62,1.0955
RECHERCHE-005_x153600_y043008,RECHERCHE-005,train,"[128, 0, 594, 328]",125853.5,4,Class 4,124740.0,1405.21,0.7938,0.9918,0.8243,1.1054,199.7,0.119,41.47,1.098
RECHERCHE-005_x001536_y044544,RECHERCHE-005,train,"[499, 592, 968, 1024]",159007.5,4,Class 4,140077.0,1439.97,0.8489,0.9954,0.7853,0.947,190.09,0.1424,41.9,1.147
RECHERCHE-005_x003072_y044544,RECHERCHE-005,train,"[0, 600, 200, 1024]",61636.0,3,Class 3 (Hypertrophic / Atypical),93101.0,1320.38,0.6711,0.9941,0.7282,0.6176,185.7,0.1529,41.11,1.1686
RECHERCHE-005_x004608_y044544,RECHERCHE-005,train,"[470, 0, 932, 191]",61244.0,2,Class 2 (Global Sclerosis / Necrotic),72543.5,1182.83,0.6516,0.992,0.6956,1.6039,200.56,0.1147,37.58,1.0964
RECHERCHE-005_x049152_y044544,RECHERCHE-005,train,"[408, 333, 871, 790]",170004.0,2,Class 2 (Global Sclerosis / Necrotic),132855.5,1387.93,0.8667,0.9934,0.802,1.0099,194.1,0.1312,39.61,1.1365
RECHERCHE-005_x098304_y044544,RECHERCHE-005,train,"[118, 567, 654, 1024]",201385.0,2,Class 2 (Global Sclerosis / Necrotic),139435.5,1458.65,0.8235,0.9925,0.8235,0.9879,195.61,0.127,39.6,1.1088
RECHERCHE-005_x099840_y044544,RECHERCHE-005,train,"[685, 216, 1024, 763]",161705.0,2,Class 2 (Global Sclerosis / Necrotic),121235.5,1356.0,0.8286,0.9967,0.8701,0.8248,195.83,0.1263,39.18,1.1184
RECHERCHE-005_x099840_y044544,RECHERCHE-005,train,"[401, 0, 729, 188]",48409.0,3,Class 3 (Hypertrophic / Atypical),103954.0,1325.61,0.7434,0.9921,0.7893,1.2702,186.34,0.1447,30.01,1.1791
RECHERCHE-005_x101376_y044544,RECHERCHE-005,train,"[0, 216, 384, 763]",185639.0,4,Class 4,133617.5,1413.65,0.8402,0.9961,0.881,0.8978,196.63,0.1249,40.09,1.1142
RECHERCHE-005_x148992_y044544,RECHERCHE-005,train,"[993, 836, 1024, 1024]",4373.0,5,Class 5,41675.0,1124.43,0.4142,0.9793,0.7714,0.2621,194.66,0.1284,39.1,1.1083
RECHERCHE-005_x148992_y044544,RECHERCHE-005,train,"[488, 0, 1024, 505]",247328.5,2,Class 2 (Global Sclerosis / Necrotic),182771.0,1643.07,0.8508,0.9975,0.9129,1.0341,189.27,0.1442,42.13,1.1376
RECHERCHE-005_x150528_y044544,RECHERCHE-005,train,"[225, 702, 765, 1024]",138106.0,2,Class 2 (Global Sclerosis / Necrotic),107630.5,1325.94,0.7693,0.9952,0.7912,1.2417,200.92,0.1178,43.17,1.0957
RECHERCHE-005_x150528_y044544,RECHERCHE-005,train,"[0, 0, 326, 505]",145463.0,2,Class 2 (Global Sclerosis / Necrotic),140533.5,1482.4,0.8036,0.9963,0.8831,0.7654,190.1,0.142,42.01,1.1323
RECHERCHE-005_x001536_y046080,RECHERCHE-005,train,"[499, 0, 968, 283]",108568.0,4,Class 4,112231.0,1336.04,0.7901,0.9942,0.8176,1.2305,194.37,0.1316,41.24,1.1298
RECHERCHE-005_x003072_y046080,RECHERCHE-005,train,"[0, 0, 200, 279]",43371.0,4,Class 4,132985.0,1553.24,0.6927,0.9948,0.7815,0.822,189.36,0.1426,39.27,1.1559
RECHERCHE-005_x095232_y046080,RECHERCHE-005,train,"[70, 662, 539, 1024]",147032.5,2,Class 2 (Global Sclerosis / Necrotic),138311.5,1425.54,0.8553,0.9959,0.8649,1.046,192.71,0.1353,41.28,1.1331
RECHERCHE-005_x098304_y046080,RECHERCHE-005,train,"[118, 0, 654, 372]",167628.5,2,Class 2 (Global Sclerosis / Necrotic),125961.5,1388.42,0.8211,0.9961,0.8415,1.1175,195.55,0.1274,40.08,1.1077
RECHERCHE-005_x145920_y046080,RECHERCHE-005,train,"[256, 844, 547, 1024]",41012.5,4,Class 4,109041.5,1389.14,0.7101,0.9921,0.7849,1.216,189.94,0.143,42.46,1.1363
RECHERCHE-005_x147456_y046080,RECHERCHE-005,train,"[417, 426, 915, 997]",242359.5,2,Class 2 (Global Sclerosis / Necrotic),132788.5,1407.68,0.8421,0.993,0.8512,0.8169,187.95,0.15,45.17,1.1379
RECHERCHE-005_x148992_y046080,RECHERCHE-005,train,"[0, 433, 147, 997]",69213.0,4,Class 4,64603.0,1137.3,0.6276,0.9892,0.8352,0.405,198.87,0.124,44.95,1.0972
RECHERCHE-005_x148992_y046080,RECHERCHE-005,train,"[992, 68, 1024, 443]",9336.0,5,Class 5,21083.0,908.85,0.3207,0.9839,0.793,0.1589,194.88,0.1284,38.87,1.1147
RECHERCHE-005_x150528_y046080,RECHERCHE-005,train,"[224, 0, 765, 548]",259829.0,2,Class 2 (Global Sclerosis / Necrotic),161398.5,1528.79,0.8678,0.9957,0.8739,0.8882,198.9,0.1227,43.53,1.0997
RECHERCHE-005_x093696_y047616,RECHERCHE-005,train,"[838, 0, 1024, 325]",47070.5,4,Class 4,114160.5,1454.86,0.6778,0.9955,0.7816,0.7055,200.16,0.1186,42.45,1.0999
RECHERCHE-005_x095232_y047616,RECHERCHE-005,train,"[70, 0, 539, 332]",133413.0,4,Class 4,129943.5,1403.11,0.8294,0.9955,0.8564,1.1024,193.6,0.1333,41.24,1.1318
RECHERCHE-005_x145920_y047616,RECHERCHE-005,train,"[984, 703, 1024, 871]",3773.5,5,Class 5,38627.5,1094.89,0.4049,0.9708,0.5794,0.3985,166.27,0.2016,35.6,1.2848
RECHERCHE-005_x145920_y047616,RECHERCHE-005,train,"[256, 76, 547, 382]",69822.0,4,Class 4,125288.0,1410.89,0.7909,0.9919,0.7836,0.9465,186.82,0.1509,42.19,1.1507
RECHERCHE-005_x147456_y047616,RECHERCHE-005,train,"[497, 988, 850, 1024]",9886.0,5,Class 5,24799.0,930.51,0.3599,0.9795,0.7874,5.3117,195.5,0.1255,36.19,1.1222
RECHERCHE-005_x147456_y047616,RECHERCHE-005,train,"[216, 646, 498, 935]",61368.0,3,Class 3 (Hypertrophic / Atypical),123292.0,1419.86,0.7685,0.9908,0.7555,0.9756,174.13,0.1771,30.96,1.249
RECHERCHE-005_x147456_y047616,RECHERCHE-005,train,"[417, 0, 910, 229]",94967.5,4,Class 4,95607.0,1275.1,0.7389,0.9937,0.8409,1.4712,191.53,0.1414,45.22,1.1237
RECHERCHE-005_x144384_y049152,RECHERCHE-005,train,"[673, 596, 1024, 1024]",141674.0,2,Class 2 (Global Sclerosis / Necrotic),173605.0,1648.39,0.8029,0.9962,0.9442,0.8921,188.03,0.1461,40.84,1.135
RECHERCHE-005_x145920_y049152,RECHERCHE-005,train,"[0, 596, 439, 1024]",171294.0,2,Class 2 (Global Sclerosis / Necrotic),186241.0,1686.84,0.8225,0.9976,0.9116,1.0134,188.08,0.1472,42.17,1.1384
RECHERCHE-005_x145920_y049152,RECHERCHE-005,train,"[984, 0, 1024, 103]",2425.0,5,Class 5,67657.0,1366.23,0.4555,0.9749,0.6119,0.5341,159.98,0.2192,33.16,1.3588
RECHERCHE-005_x147456_y049152,RECHERCHE-005,train,"[457, 220, 965, 708]",212191.5,4,Class 4,138681.0,1412.35,0.8737,0.995,0.8544,1.0509,188.87,0.146,43.37,1.1416
RECHERCHE-005_x147456_y049152,RECHERCHE-005,train,"[216, 0, 498, 167]",37583.0,3,Class 3 (Hypertrophic / Atypical),108210.0,1379.93,0.7141,0.9922,0.8003,1.2492,175.92,0.1722,30.85,1.2366
RECHERCHE-005_x148992_y049152,RECHERCHE-005,train,"[0, 223, 197, 708]",75156.5,4,Class 4,80985.0,1190.64,0.7179,0.9941,0.7889,0.6137,190.85,0.1417,44.17,1.1363
RECHERCHE-005_x142848_y050688,RECHERCHE-005,train,"[0, 748, 351, 1024]",82734.5,2,Class 2 (Global Sclerosis / Necrotic),153978.5,1598.17,0.7576,0.996,0.8567,1.1519,182.19,0.1628,42.92,1.1789
RECHERCHE-005_x144384_y050688,RECHERCHE-005,train,"[673, 0, 1024, 400]",126189.5,2,Class 2 (Global Sclerosis / Necrotic),172672.5,1641.63,0.8052,0.9972,0.8994,0.9232,186.86,0.1505,42.9,1.1378
RECHERCHE-005_x145920_y050688,RECHERCHE-005,train,"[0, 0, 439, 400]",152167.5,2,Class 2 (Global Sclerosis / Necrotic),170751.5,1630.83,0.8068,0.9975,0.8667,1.0508,186.85,0.1515,44.1,1.1389
RECHERCHE-005_x141312_y052224,RECHERCHE-005,train,"[682, 0, 1024, 428]",132482.5,2,Class 2 (Global Sclerosis / Necrotic),164476.5,1573.37,0.8349,0.9969,0.906,0.8769,186.27,0.1537,44.43,1.162
RECHERCHE-005_x142848_y052224,RECHERCHE-005,train,"[0, 0, 353, 428]",134742.5,2,Class 2 (Global Sclerosis / Necrotic),165423.5,1586.68,0.8257,0.9963,0.8911,0.8967,184.96,0.156,43.04,1.1714
RECHERCHE-009_x026112_y003072,RECHERCHE-009,train,"[688, 392, 970, 732]",70264.0,5,Class 5,106557.0,1318.63,0.7701,0.9899,0.7324,0.8613,184.15,0.1519,33.34,1.2047
RECHERCHE-009_x027648_y003072,RECHERCHE-009,train,"[0, 392, 202, 732]",54473.5,4,Class 4,107628.5,1334.48,0.7595,0.9913,0.7935,0.8029,183.38,0.1545,34.49,1.2098
RECHERCHE-009_x023040_y006144,RECHERCHE-009,train,"[250, 792, 725, 1024]",88067.5,4,Class 4,94130.5,1263.71,0.7407,0.9943,0.798,1.4321,178.61,0.1755,46.66,1.1945
RECHERCHE-009_x023040_y007680,RECHERCHE-009,train,"[250, 24, 725, 503]",175197.5,4,Class 4,136146.5,1417.81,0.8511,0.9936,0.7672,0.9335,181.7,0.1677,47.23,1.1749
RECHERCHE-009_x024576_y007680,RECHERCHE-009,train,"[841, 377, 1024, 922]",67355.5,2,Class 2 (Global Sclerosis / Necrotic),59833.5,1101.31,0.6199,0.984,0.6773,0.5281,193.28,0.1329,40.09,1.1095
RECHERCHE-009_x026112_y007680,RECHERCHE-009,train,"[73, 361, 725, 996]",309223.0,2,Class 2 (Global Sclerosis / Necrotic),133352.5,1412.44,0.84,0.9922,0.7473,0.9606,190.16,0.1402,40.01,1.1296
RECHERCHE-009_x023040_y009216,RECHERCHE-009,train,"[193, 753, 533, 1024]",78206.0,4,Class 4,138317.0,1474.1,0.7999,0.9938,0.8497,1.0276,192.23,0.1392,43.67,1.1362
RECHERCHE-009_x026112_y009216,RECHERCHE-009,train,"[145, 0, 725, 228]",99230.5,5,Class 5,75443.5,1158.97,0.7058,0.9939,0.7498,1.6626,191.86,0.1361,40.09,1.121
RECHERCHE-009_x018432_y010752,RECHERCHE-009,train,"[437, 136, 1024, 793]",303679.5,0,Class 0 (Normal / Preserved),137428.0,1434.03,0.8398,0.9951,0.7888,1.0416,201.04,0.1175,43.88,1.0924
RECHERCHE-009_x019968_y010752,RECHERCHE-009,train,"[0, 136, 310, 786]",164427.0,0,Class 0 (Normal / Preserved),94709.5,1237.65,0.777,0.9954,0.8182,0.6919,206.54,0.1041,42.02,1.0735
RECHERCHE-009_x023040_y010752,RECHERCHE-009,train,"[237, 948, 576, 1024]",16141.0,4,Class 4,40174.0,1041.3,0.4656,0.9852,0.6306,2.6516,188.62,0.1441,39.85,1.1389
RECHERCHE-009_x023040_y010752,RECHERCHE-009,train,"[193, 0, 533, 316]",87452.5,4,Class 4,145693.5,1507.82,0.8053,0.993,0.8133,0.9338,192.34,0.1389,43.49,1.1332
RECHERCHE-009_x018432_y012288,RECHERCHE-009,train,"[494, 254, 965, 726]",169604.5,0,Class 0 (Normal / Preserved),127608.5,1388.07,0.8323,0.9905,0.7647,0.9976,180.2,0.1705,44.5,1.2386
RECHERCHE-009_x018432_y012288,RECHERCHE-009,train,"[657, 0, 932, 25]",3390.0,0,Class 0 (Normal / Preserved),14965.0,929.88,0.2175,0.9545,0.5202,5.8714,238.29,0.0293,1.22,0.9938
RECHERCHE-009_x019968_y012288,RECHERCHE-009,train,"[0, 257, 197, 726]",65074.0,2,Class 2 (Global Sclerosis / Necrotic),74381.0,1194.1,0.6555,0.9838,0.7049,0.6308,182.55,0.1627,42.65,1.2216
RECHERCHE-009_x019968_y012288,RECHERCHE-009,train,"[0, 0, 164, 18]",1458.5,0,Class 0 (Normal / Preserved),20459.5,1066.04,0.2262,0.9456,0.5394,5.506,238.05,0.0298,1.2,0.9934
RECHERCHE-009_x023040_y012288,RECHERCHE-009,train,"[183, 180, 658, 675]",172801.0,4,Class 4,118110.0,1338.74,0.8281,0.9862,0.7348,0.9609,180.82,0.1661,42.31,1.1901
RECHERCHE-009_x073728_y012288,RECHERCHE-009,train,"[178, 873, 495, 1024]",34331.5,5,Class 5,82823.5,1262.6,0.6529,0.9907,0.7181,1.4504,188.82,0.1373,26.42,1.1807
RECHERCHE-009_x072192_y013824,RECHERCHE-009,train,"[945, 133, 1024, 402]",14852.0,5,Class 5,55877.0,1130.53,0.5494,0.9861,0.7042,0.4743,192.43,0.1285,26.16,1.1617
RECHERCHE-009_x073728_y013824,RECHERCHE-009,train,"[177, 105, 495, 430]",74076.5,5,Class 5,117604.5,1378.76,0.7774,0.9908,0.7171,0.9804,186.22,0.1446,28.37,1.1941
RECHERCHE-009_x004608_y015360,RECHERCHE-009,train,"[367, 239, 695, 562]",80806.5,3,Class 3 (Hypertrophic / Atypical),126123.5,1408.19,0.7993,0.9922,0.7633,1.0124,193.52,0.1333,40.7,1.1373
RECHERCHE-009_x006144_y015360,RECHERCHE-009,train,"[743, 1015, 871, 1024]",508.0,5,Class 5,11762.0,912.63,0.1775,0.9088,0.5326,7.5741,223.01,0.0611,23.52,1.0253
RECHERCHE-009_x006144_y015360,RECHERCHE-009,train,"[458, 434, 690, 698]",45884.0,3,Class 3 (Hypertrophic / Atypical),110705.0,1378.52,0.7321,0.9893,0.754,0.8778,188.26,0.1412,31.91,1.1813
RECHERCHE-009_x006144_y015360,RECHERCHE-009,train,"[838, 164, 1024, 595]",57804.0,0,Class 0 (Normal / Preserved),77557.0,1263.01,0.611,0.9511,0.721,0.643,186.91,0.1516,44.81,1.1371
RECHERCHE-009_x007680_y015360,RECHERCHE-009,train,"[0, 1015, 103, 1024]",502.0,5,Class 5,19113.0,1029.8,0.2265,0.9222,0.6365,6.8939,222.24,0.0627,23.94,1.0271
RECHERCHE-009_x007680_y015360,RECHERCHE-009,train,"[70, 158, 524, 602]",153805.0,2,Class 2 (Global Sclerosis / Necrotic),124942.5,1384.24,0.8194,0.9772,0.7618,1.02,186.85,0.1522,44.93,1.1435
RECHERCHE-009_x010752_y015360,RECHERCHE-009,train,"[456, 801, 716, 1024]",42635.0,4,Class 4,126087.0,1516.44,0.689,0.9885,0.7375,0.988,184.17,0.1549,38.74,1.1981
RECHERCHE-009_x012288_y015360,RECHERCHE-009,train,"[303, 475, 585, 824]",75104.0,4,Class 4,103444.0,1283.86,0.7886,0.991,0.7641,0.8093,194.08,0.1287,34.59,1.1453
RECHERCHE-009_x004608_y016896,RECHERCHE-009,train,"[822, 689, 1024, 996]",48245.0,4,Class 4,115794.0,1408.44,0.7335,0.9927,0.7814,0.8361,193.65,0.1331,41.82,1.126
RECHERCHE-009_x006144_y016896,RECHERCHE-009,train,"[54, 689, 710, 1024]",111790.5,5,Class 5,63741.5,1452.61,0.3796,0.9178,0.5079,1.4324,191.96,0.1354,38.32,1.1495
RECHERCHE-009_x006144_y016896,RECHERCHE-009,train,"[647, 247, 999, 626]",100813.0,3,Class 3 (Hypertrophic / Atypical),127593.0,1388.11,0.8321,0.9917,0.7553,1.0,184.36,0.1534,35.59,1.2071
RECHERCHE-009_x007680_y016896,RECHERCHE-009,train,"[447, 943, 773, 1024]",20152.0,5,Class 5,97840.5,1314.43,0.7116,0.9934,0.8057,1.0203,189.94,0.139,36.28,1.1607
RECHERCHE-009_x007680_y016896,RECHERCHE-009,train,"[764, 604, 1024, 852]",46568.0,1,Class 1 (Segmental Sclerosis),129305.0,1513.44,0.7094,0.9887,0.7268,1.1637,182.18,0.1564,31.29,1.2173
RECHERCHE-009_x007680_y016896,RECHERCHE-009,train,"[324, 531, 688, 944]",113799.5,3,Class 3 (Hypertrophic / Atypical),111648.5,1295.24,0.8363,0.9947,0.7562,0.8826,188.28,0.1431,36.09,1.1799
RECHERCHE-009_x007680_y016896,RECHERCHE-009,train,"[0, 247, 231, 626]",69149.0,3,Class 3 (Hypertrophic / Atypical),109155.0,1329.49,0.776,0.993,0.7904,0.8175,187.65,0.1442,34.13,1.1861
RECHERCHE-009_x009216_y016896,RECHERCHE-009,train,"[407, 855, 844, 1024]",52942.5,4,Class 4,89900.5,1237.91,0.7372,0.9939,0.7758,0.9569,181.93,0.1635,43.01,1.1893
RECHERCHE-009_x009216_y016896,RECHERCHE-009,train,"[0, 604, 269, 852]",46723.0,3,Class 3 (Hypertrophic / Atypical),120552.0,1474.89,0.6964,0.9888,0.7028,1.2069,182.12,0.1565,31.32,1.2169
RECHERCHE-009_x009216_y016896,RECHERCHE-009,train,"[543, 504, 912, 909]",109092.5,2,Class 2 (Global Sclerosis / Necrotic),111353.5,1296.98,0.8319,0.994,0.7299,0.912,193.44,0.136,44.54,1.1271
RECHERCHE-009_x010752_y016896,RECHERCHE-009,train,"[0, 934, 76, 1024]",5161.0,4,Class 4,145667.0,1712.57,0.6241,0.9872,0.7716,0.9079,195.83,0.126,38.48,1.1386
RECHERCHE-009_x010752_y016896,RECHERCHE-009,train,"[0, 515, 144, 893]",36674.5,2,Class 2 (Global Sclerosis / Necrotic),66529.5,1169.71,0.611,0.9901,0.6745,0.5839,203.33,0.1123,43.12,1.0822
RECHERCHE-009_x010752_y016896,RECHERCHE-009,train,"[456, 33, 716, 359]",59248.5,4,Class 4,95259.5,1265.5,0.7475,0.988,0.6986,0.7842,186.91,0.1478,38.54,1.1815
RECHERCHE-009_x013824_y016896,RECHERCHE-009,train,"[612, 156, 1024, 728]",196714.5,2,Class 2 (Global Sclerosis / Necrotic),127442.5,1380.99,0.8397,0.9949,0.8331,0.9144,189.69,0.1443,43.77,1.1262
RECHERCHE-009_x015360_y016896,RECHERCHE-009,train,"[0, 156, 333, 728]",154301.5,2,Class 2 (Global Sclerosis / Necrotic),107904.0,1317.21,0.7815,0.994,0.8093,0.7971,187.13,0.1507,43.79,1.1386
RECHERCHE-009_x069120_y016896,RECHERCHE-009,train,"[377, 405, 874, 894]",182212.5,4,Class 4,123727.5,1362.84,0.8371,0.9924,0.7507,1.0149,182.6,0.1657,47.16,1.1722
RECHERCHE-009_x072192_y016896,RECHERCHE-009,train,"[220, 794, 821, 1024]",91132.0,2,Class 2 (Global Sclerosis / Necrotic),64552.5,1119.19,0.6476,0.9932,0.6604,1.7113,192.39,0.1374,43.42,1.1071
RECHERCHE-009_x147456_y016896,RECHERCHE-009,train,"[564, 322, 1002, 766]",114697.5,0,Class 0 (Normal / Preserved),104302.0,1740.13,0.4329,0.8767,0.589,1.0587,189.86,0.139,36.23,1.1499
RECHERCHE-009_x148992_y016896,RECHERCHE-009,train,"[0, 324, 234, 766]",63883.5,4,Class 4,77443.0,1638.37,0.3625,0.8651,0.6208,0.7457,189.34,0.1414,38.31,1.1421
RECHERCHE-009_x004608_y018432,RECHERCHE-009,train,"[822, 0, 1024, 228]",38159.0,4,Class 4,160587.0,1677.85,0.7168,0.9956,0.8325,0.9276,194.73,0.1304,41.55,1.1278
RECHERCHE-009_x006144_y018432,RECHERCHE-009,train,"[809, 340, 998, 551]",26342.0,3,Class 3 (Hypertrophic / Atypical),104691.0,1458.3,0.6186,0.9851,0.6633,0.9343,189.65,0.1386,32.98,1.1702
RECHERCHE-009_x006144_y018432,RECHERCHE-009,train,"[54, 0, 758, 462]",151420.5,5,Class 5,69749.0,1535.08,0.3719,0.8632,0.4638,1.2068,196.31,0.1234,35.59,1.1307
RECHERCHE-009_x007680_y018432,RECHERCHE-009,train,"[269, 352, 709, 744]",126001.0,3,Class 3 (Hypertrophic / Atypical),109147.5,1277.47,0.8405,0.9882,0.7311,1.1205,181.64,0.1609,37.24,1.2217
RECHERCHE-009_x007680_y018432,RECHERCHE-009,train,"[41, 340, 230, 551]",26342.0,5,Class 5,100309.0,1424.3,0.6214,0.9847,0.665,0.8929,189.65,0.1386,32.98,1.1701
RECHERCHE-009_x007680_y018432,RECHERCHE-009,train,"[696, 301, 1022, 613]",72359.0,2,Class 2 (Global Sclerosis / Necrotic),126106.0,1488.35,0.7154,0.981,0.712,1.1586,171.95,0.1877,39.18,1.2536
RECHERCHE-009_x007680_y018432,RECHERCHE-009,train,"[445, 175, 773, 427]",58242.5,5,Class 5,90922.5,1259.48,0.7203,0.99,0.7057,1.2984,181.39,0.1609,36.85,1.2051
RECHERCHE-009_x007680_y018432,RECHERCHE-009,train,"[778, 0, 1009, 84]",13840.5,1,Class 1 (Segmental Sclerosis),71855.5,1255.81,0.5726,0.9854,0.7186,1.8578,172.97,0.1836,35.19,1.2774
RECHERCHE-009_x007680_y018432,RECHERCHE-009,train,"[334, 0, 686, 176]",47626.5,5,Class 5,92546.5,1297.49,0.6908,0.9924,0.7723,1.3959,186.76,0.1474,37.14,1.1785
RECHERCHE-009_x009216_y018432,RECHERCHE-009,train,"[0, 301, 254, 613]",59708.5,5,Class 5,125048.5,1491.37,0.7065,0.9852,0.7568,0.9878,168.21,0.1991,40.33,1.2742
RECHERCHE-009_x009216_y018432,RECHERCHE-009,train,"[407, 87, 846, 421]",104390.0,3,Class 3 (Hypertrophic / Atypical),94331.0,1218.31,0.7986,0.9925,0.7118,1.2623,182.81,0.1601,41.22,1.2001
RECHERCHE-009_x009216_y018432,RECHERCHE-009,train,"[543, 0, 881, 141]",31414.5,5,Class 5,114033.5,1465.61,0.6671,0.9943,0.7706,1.1808,180.28,0.1662,40.52,1.2158
RECHERCHE-009_x009216_y018432,RECHERCHE-009,train,"[10, 0, 241, 84]",13840.5,0,Class 0 (Normal / Preserved),73190.5,1271.81,0.5686,0.9859,0.7186,1.8922,172.98,0.1836,35.18,1.2774
RECHERCHE-009_x069120_y018432,RECHERCHE-009,train,"[458, 0, 858, 126]",37095.5,4,Class 4,62530.5,1119.63,0.6268,0.9886,0.7386,1.9758,191.08,0.1423,44.58,1.1273
RECHERCHE-009_x072192_y018432,RECHERCHE-009,train,"[220, 26, 856, 691]",319200.5,2,Class 2 (Global Sclerosis / Necrotic),129729.0,1399.08,0.8328,0.9946,0.7541,0.8886,186.5,0.1521,43.52,1.1409
RECHERCHE-009_x003072_y019968,RECHERCHE-009,train,"[433, 295, 801, 583]",79562.0,3,Class 3 (Hypertrophic / Atypical),98615.0,1252.15,0.7904,0.9896,0.7511,1.2741,186.74,0.1479,38.09,1.1742
RECHERCHE-009_x064512_y019968,RECHERCHE-009,train,"[460, 486, 1024, 1024]",258515.0,0,Class 0 (Normal / Preserved),171348.0,1615.44,0.8251,0.997,0.852,1.0294,198.88,0.1217,42.89,1.1034
RECHERCHE-009_x066048_y019968,RECHERCHE-009,train,"[0, 489, 299, 1024]",137968.0,0,Class 0 (Normal / Preserved),124254.0,1422.84,0.7713,0.9972,0.8615,0.6967,202.19,0.114,42.34,1.0933
RECHERCHE-009_x069120_y019968,RECHERCHE-009,train,"[250, 272, 600, 690]",106383.5,4,Class 4,102328.0,1256.31,0.8147,0.9834,0.7294,0.8386,190.7,0.1441,44.95,1.1359
RECHERCHE-009_x145920_y019968,RECHERCHE-009,train,"[271, 844, 684, 1024]",59772.0,3,Class 3 (Hypertrophic / Atypical),86976.5,1232.46,0.7196,0.9948,0.8055,1.5492,184.24,0.1531,35.33,1.2029
RECHERCHE-009_x145920_y019968,RECHERCHE-009,train,"[645, 751, 934, 952]",44189.5,3,Class 3 (Hypertrophic / Atypical),91094.5,1245.45,0.738,0.9894,0.7654,1.4055,193.73,0.1277,30.93,1.1465
RECHERCHE-009_x145920_y019968,RECHERCHE-009,train,"[963, 637, 1024, 844]",9586.0,5,Class 5,61297.0,1158.31,0.5741,0.981,0.7686,0.4768,198.42,0.1161,30.15,1.121
RECHERCHE-009_x147456_y019968,RECHERCHE-009,train,"[0, 751, 166, 951]",25663.5,3,Class 3 (Hypertrophic / Atypical),130271.5,1552.92,0.6788,0.9914,0.7788,1.0,196.44,0.1198,27.48,1.1397
RECHERCHE-009_x147456_y019968,RECHERCHE-009,train,"[195, 486, 922, 850]",151968.5,2,Class 2 (Global Sclerosis / Necrotic),53878.5,1300.39,0.4004,0.8755,0.5703,1.7706,198.97,0.1157,32.43,1.1159
RECHERCHE-009_x148992_y019968,RECHERCHE-009,train,"[0, 486, 154, 737]",29090.0,3,Class 3 (Hypertrophic / Atypical),104754.0,1384.22,0.687,0.9915,0.7563,0.82,197.1,0.1217,36.27,1.1087
RECHERCHE-009_x064512_y021504,RECHERCHE-009,train,"[502, 645, 947, 1024]",134088.5,0,Class 0 (Normal / Preserved),134658.5,1419.99,0.8392,0.9949,0.7953,0.9879,170.78,0.1961,43.7,1.3082
RECHERCHE-009_x064512_y021504,RECHERCHE-009,train,"[462, 0, 1024, 365]",183383.5,0,Class 0 (Normal / Preserved),142541.5,1497.63,0.7986,0.9968,0.8951,1.3,200.69,0.1172,42.33,1.0967
RECHERCHE-009_x066048_y021504,RECHERCHE-009,train,"[0, 676, 179, 1024]",42600.5,2,Class 2 (Global Sclerosis / Necrotic),93209.5,1365.51,0.6282,0.9928,0.6866,0.6586,176.13,0.1817,44.34,1.2671
RECHERCHE-009_x066048_y021504,RECHERCHE-009,train,"[0, 0, 299, 365]",92195.5,0,Class 0 (Normal / Preserved),156136.5,1634.58,0.7344,0.9969,0.8473,0.8901,206.18,0.1039,40.55,1.079
RECHERCHE-009_x069120_y021504,RECHERCHE-009,train,"[212, 570, 649, 990]",140159.5,4,Class 4,129862.5,1416.7,0.8131,0.9812,0.7633,0.9832,173.29,0.1895,45.14,1.2391
RECHERCHE-009_x145920_y021504,RECHERCHE-009,train,"[505, 813, 799, 1024]",45797.5,3,Class 3 (Hypertrophic / Atypical),112971.5,1428.2,0.696,0.9927,0.7405,1.0965,197.23,0.1171,25.54,1.1423
RECHERCHE-009_x145920_y021504,RECHERCHE-009,train,"[689, 489, 1024, 828]",87531.5,3,Class 3 (Hypertrophic / Atypical),143117.5,1514.05,0.7846,0.9931,0.7704,1.0998,192.81,0.1292,30.34,1.1624
RECHERCHE-009_x145920_y021504,RECHERCHE-009,train,"[128, 410, 425, 751]",78886.5,3,Class 3 (Hypertrophic / Atypical),113524.5,1328.25,0.8086,0.9914,0.7775,0.8729,186.14,0.1463,32.68,1.1795
RECHERCHE-009_x145920_y021504,RECHERCHE-009,train,"[265, 76, 684, 430]",120324.5,3,Class 3 (Hypertrophic / Atypical),117126.5,1297.64,0.8741,0.9955,0.8096,1.1676,188.5,0.1412,32.92,1.1821
RECHERCHE-009_x145920_y021504,RECHERCHE-009,train,"[963, 0, 1024, 76]",2630.5,1,Class 1 (Segmental Sclerosis),106191.5,1669.78,0.4786,0.9776,0.586,0.883,187.41,0.1449,36.46,1.1435
RECHERCHE-009_x145920_y021504,RECHERCHE-009,train,"[645, 0, 934, 184]",42519.0,3,Class 3 (Hypertrophic / Atypical),113541.0,1374.78,0.7549,0.9922,0.8023,1.1821,193.78,0.1276,30.82,1.1487
RECHERCHE-009_x147456_y021504,RECHERCHE-009,train,"[0, 906, 31, 1024]",2611.0,5,Class 5,60350.0,1244.43,0.4897,0.9847,0.7426,0.3943,208.03,0.0957,33.14,1.0651
RECHERCHE-009_x147456_y021504,RECHERCHE-009,train,"[0, 489, 319, 828]",85383.5,3,Class 3 (Hypertrophic / Atypical),142904.5,1504.93,0.7929,0.9931,0.7884,1.073,191.43,0.1322,29.8,1.1704
RECHERCHE-009_x147456_y021504,RECHERCHE-009,train,"[458, 373, 871, 749]",120084.0,3,Class 3 (Hypertrophic / Atypical),117885.5,1304.01,0.8712,0.9948,0.7727,1.0965,189.21,0.1406,35.25,1.1666
RECHERCHE-009_x147456_y021504,RECHERCHE-009,train,"[195, 0, 656, 82]",19728.0,5,Class 5,27629.0,1065.22,0.306,0.7989,0.5278,3.1953,192.41,0.1308,31.96,1.1454
RECHERCHE-009_x147456_y021504,RECHERCHE-009,train,"[0, 0, 166, 183]",24700.5,3,Class 3 (Hypertrophic / Atypical),160943.5,1702.63,0.6977,0.9921,0.8188,0.9495,197.5,0.1169,26.15,1.1383
RECHERCHE-009_x148992_y021504,RECHERCHE-009,train,"[346, 724, 631, 930]",40208.5,5,Class 5,83070.5,1228.16,0.6921,0.9878,0.6839,1.3771,192.33,0.131,31.94,1.1356
RECHERCHE-009_x148992_y021504,RECHERCHE-009,train,"[0, 389, 103, 724]",25181.5,5,Class 5,60957.5,1126.86,0.6032,0.99,0.7342,0.4963,197.23,0.1234,38.97,1.1128
RECHERCHE-009_x148992_y021504,RECHERCHE-009,train,"[994, 278, 1024, 442]",2364.0,5,Class 5,26838.0,1044.02,0.3094,0.9585,0.5023,0.3163,182.36,0.1678,51.98,1.0427
RECHERCHE-009_x150528_y021504,RECHERCHE-009,train,"[226, 241, 578, 471]",63540.5,3,Class 3 (Hypertrophic / Atypical),86120.5,1193.94,0.7592,0.9904,0.7886,1.5318,207.44,0.0956,30.13,1.0788
RECHERCHE-009_x064512_y023040,RECHERCHE-009,train,"[502, 0, 947, 308]",113131.0,4,Class 4,123403.5,1377.88,0.8168,0.9945,0.8244,1.1175,167.33,0.2045,41.88,1.3315
RECHERCHE-009_x066048_y023040,RECHERCHE-009,train,"[0, 0, 179, 296]",39759.0,4,Class 4,114944.0,1470.22,0.6682,0.9924,0.7524,0.7346,173.52,0.1878,43.1,1.2798
RECHERCHE-009_x069120_y023040,RECHERCHE-009,train,"[214, 0, 649, 222]",74134.0,4,Class 4,93730.0,1302.44,0.6943,0.968,0.7679,1.3838,171.22,0.1939,44.05,1.2446
RECHERCHE-009_x144384_y023040,RECHERCHE-009,train,"[618, 263, 1024, 892]",158293.5,3,Class 3 (Hypertrophic / Atypical),88130.5,1571.1,0.4487,0.9042,0.6192,0.8509,195.12,0.1257,35.18,1.1355
RECHERCHE-009_x145920_y023040,RECHERCHE-009,train,"[0, 263, 445, 892]",183040.0,2,Class 2 (Global Sclerosis / Necrotic),98876.5,1594.27,0.4889,0.9152,0.6534,0.9046,198.28,0.1186,35.84,1.1167
RECHERCHE-009_x145920_y023040,RECHERCHE-009,train,"[505, 45, 799, 331]",60922.5,3,Class 3 (Hypertrophic / Atypical),118075.5,1407.08,0.7494,0.9916,0.7272,1.0302,196.75,0.1182,25.66,1.1447
RECHERCHE-009_x145920_y023040,RECHERCHE-009,train,"[757, 0, 1024, 60]",11587.0,5,Class 5,52228.0,1162.94,0.4853,0.9866,0.7358,2.9167,195.56,0.1217,28.59,1.1317
RECHERCHE-009_x147456_y023040,RECHERCHE-009,train,"[862, 292, 1024, 722]",45403.0,5,Class 5,63111.5,1135.45,0.6151,0.9873,0.6538,0.577,188.62,0.1444,41.18,1.1226
RECHERCHE-009_x147456_y023040,RECHERCHE-009,train,"[0, 138, 31, 311]",3496.0,5,Class 5,35383.0,1034.85,0.4152,0.9785,0.6759,0.313,206.65,0.0988,33.48,1.0682
RECHERCHE-009_x147456_y023040,RECHERCHE-009,train,"[0, 0, 286, 60]",11991.5,5,Class 5,47557.5,1137.32,0.462,0.9844,0.711,3.0952,196.6,0.1193,28.53,1.1305
RECHERCHE-009_x148992_y023040,RECHERCHE-009,train,"[94, 270, 492, 741]",132426.5,4,Class 4,100350.0,1229.99,0.8335,0.9919,0.705,0.8509,190.24,0.139,38.97,1.1174
RECHERCHE-009_x148992_y023040,RECHERCHE-009,train,"[346, 0, 631, 162]",35418.0,5,Class 5,100916.0,1322.44,0.7251,0.9907,0.7687,1.2741,194.72,0.1249,31.14,1.125
RECHERCHE-009_x144384_y024576,RECHERCHE-009,train,"[829, 576, 1024, 857]",43396.5,4,Class 4,118925.5,1423.91,0.7371,0.9885,0.7966,0.8924,193.43,0.1269,29.85,1.1526
RECHERCHE-009_x144384_y024576,RECHERCHE-009,train,"[851, 0, 1024, 124]",15317.0,0,Class 0 (Normal / Preserved),122410.0,1596.94,0.6032,0.9914,0.7209,1.2139,211.5,0.0912,37.92,1.0671
RECHERCHE-009_x145920_y024576,RECHERCHE-009,train,"[61, 576, 316, 857]",52187.5,4,Class 4,111255.5,1371.48,0.7433,0.9872,0.7332,0.9071,193.59,0.127,30.88,1.1468
RECHERCHE-009_x145920_y024576,RECHERCHE-009,train,"[83, 0, 435, 124]",29200.5,2,Class 2 (Global Sclerosis / Necrotic),62153.5,1148.26,0.5924,0.9908,0.6724,1.8097,211.57,0.0903,36.89,1.0667
RECHERCHE-009_x050688_y026112,RECHERCHE-009,train,"[328, 550, 684, 863]",82975.5,3,Class 3 (Hypertrophic / Atypical),110129.5,1317.99,0.7967,0.9841,0.7423,1.1385,193.03,0.1358,42.26,1.137
RECHERCHE-009_x052224_y026112,RECHERCHE-009,train,"[435, 673, 683, 935]",52146.5,3,Class 3 (Hypertrophic / Atypical),127262.5,1435.11,0.7765,0.9908,0.804,0.9462,184.88,0.1512,34.96,1.1949
RECHERCHE-009_x052224_y026112,RECHERCHE-009,train,"[793, 352, 1024, 777]",77244.5,0,Class 0 (Normal / Preserved),100039.0,1321.9,0.7194,0.9765,0.789,0.7579,181.27,0.1673,46.07,1.1613
RECHERCHE-009_x053760_y026112,RECHERCHE-009,train,"[25, 348, 466, 777]",150593.0,2,Class 2 (Global Sclerosis / Necrotic),137471.0,1425.43,0.8502,0.9849,0.7957,1.0852,182.27,0.165,46.22,1.1589
RECHERCHE-009_x056832_y026112,RECHERCHE-009,train,"[498, 750, 721, 1024]",49806.5,2,Class 2 (Global Sclerosis / Necrotic),123707.5,1441.37,0.7483,0.9904,0.8165,0.7319,183.62,0.157,39.82,1.1953
RECHERCHE-009_x058368_y026112,RECHERCHE-009,train,"[316, 362, 536, 659]",51683.0,3,Class 3 (Hypertrophic / Atypical),98337.0,1271.21,0.7647,0.99,0.7935,0.7408,195.56,0.1253,34.32,1.139
RECHERCHE-009_x059904_y026112,RECHERCHE-009,train,"[649, 638, 1024, 1024]",135916.5,2,Class 2 (Global Sclerosis / Necrotic),191147.5,1716.23,0.8155,0.9965,0.9398,0.9824,188.49,0.149,45.82,1.1318
RECHERCHE-009_x061440_y026112,RECHERCHE-009,train,"[0, 638, 349, 1024]",117950.0,2,Class 2 (Global Sclerosis / Necrotic),171454.0,1667.59,0.7748,0.9967,0.8763,0.9451,183.71,0.1612,45.91,1.1531
RECHERCHE-009_x142848_y026112,RECHERCHE-009,train,"[147, 887, 646, 1024]",50532.5,2,Class 2 (Global Sclerosis / Necrotic),55837.5,1077.63,0.6042,0.9918,0.7384,2.2337,191.97,0.1382,43.66,1.104
RECHERCHE-009_x144384_y026112,RECHERCHE-009,train,"[586, 452, 963, 778]",85441.0,3,Class 3 (Hypertrophic / Atypical),100751.0,1244.68,0.8172,0.9922,0.6978,1.1586,198.24,0.1163,30.46,1.1215
RECHERCHE-009_x144384_y026112,RECHERCHE-009,train,"[863, 0, 1024, 89]",10072.5,4,Class 4,101977.5,1478.01,0.5866,0.9882,0.7115,1.4444,196.03,0.1204,28.38,1.1458
RECHERCHE-009_x145920_y026112,RECHERCHE-009,train,"[0, 453, 195, 778]",47493.0,3,Class 3 (Hypertrophic / Atypical),102052.0,1337.41,0.717,0.9917,0.7516,0.8117,200.79,0.1099,28.61,1.1164
RECHERCHE-009_x145920_y026112,RECHERCHE-009,train,"[95, 0, 306, 89]",12441.5,4,Class 4,71334.5,1254.58,0.5695,0.9859,0.6701,1.5869,196.86,0.1194,30.39,1.1398
RECHERCHE-009_x050688_y027648,RECHERCHE-009,train,"[920, 962, 1024, 1024]",4944.0,5,Class 5,117592.0,1537.88,0.6248,0.9879,0.7832,1.3788,190.87,0.1429,44.65,1.1018
RECHERCHE-009_x050688_y027648,RECHERCHE-009,train,"[376, 0, 678, 95]",21315.5,5,Class 5,63252.5,1151.26,0.5997,0.9887,0.7471,1.9758,178.67,0.1752,46.93,1.1807
RECHERCHE-009_x052224_y027648,RECHERCHE-009,train,"[152, 961, 401, 1024]",11243.5,5,Class 5,51125.5,1092.98,0.5378,0.9853,0.7268,2.3779,185.36,0.1555,44.0,1.1412
RECHERCHE-009_x052224_y027648,RECHERCHE-009,train,"[690, 440, 1024, 804]",100294.0,3,Class 3 (Hypertrophic / Atypical),146404.0,1483.66,0.8358,0.9929,0.8248,1.0611,185.27,0.1518,36.47,1.1992
RECHERCHE-009_x052224_y027648,RECHERCHE-009,train,"[907, 0, 1021, 9]",452.0,5,Class 5,14610.0,1000.63,0.1834,0.9027,0.537,7.3115,186.49,0.1496,42.42,1.1057
RECHERCHE-009_x052224_y027648,RECHERCHE-009,train,"[437, 0, 683, 167]",34591.0,5,Class 5,124927.0,1458.68,0.7378,0.9924,0.8461,1.133,182.15,0.1585,35.38,1.2121
RECHERCHE-009_x053760_y027648,RECHERCHE-009,train,"[870, 719, 1024, 912]",23940.5,1,Class 1 (Segmental Sclerosis),132146.5,1534.92,0.7048,0.9888,0.8079,0.9684,182.46,0.1525,24.17,1.2382
RECHERCHE-009_x053760_y027648,RECHERCHE-009,train,"[390, 700, 769, 1024]",99334.0,3,Class 3 (Hypertrophic / Atypical),137955.0,1455.86,0.8179,0.9869,0.8088,0.9904,183.0,0.1578,37.64,1.2193
RECHERCHE-009_x053760_y027648,RECHERCHE-009,train,"[0, 440, 278, 804]",81355.0,3,Class 3 (Hypertrophic / Atypical),128158.0,1438.52,0.7783,0.9946,0.8055,0.9511,185.05,0.1519,35.81,1.2038
RECHERCHE-009_x053760_y027648,RECHERCHE-009,train,"[139, 0, 253, 9]",452.0,5,Class 5,13477.0,930.63,0.1955,0.9025,0.5376,6.7377,186.5,0.1496,42.41,1.1056
RECHERCHE-009_x055296_y027648,RECHERCHE-009,train,"[571, 911, 1024, 1024]",41389.0,4,Class 4,100312.5,1277.03,0.773,0.994,0.8047,1.1042,183.97,0.1595,44.42,1.1746
RECHERCHE-009_x055296_y027648,RECHERCHE-009,train,"[102, 719, 288, 912]",27790.0,3,Class 3 (Hypertrophic / Atypical),125482.0,1496.22,0.7044,0.987,0.7769,0.9562,181.83,0.154,24.12,1.2395
RECHERCHE-009_x055296_y027648,RECHERCHE-009,train,"[628, 526, 998, 907]",108945.0,2,Class 2 (Global Sclerosis / Necrotic),133426.0,1400.25,0.8551,0.9925,0.773,1.0318,196.26,0.1304,45.64,1.1099
RECHERCHE-009_x056832_y027648,RECHERCHE-009,train,"[0, 911, 266, 1024]",22281.0,4,Class 4,88117.0,1360.39,0.5983,0.9932,0.7461,1.7606,185.35,0.1555,43.89,1.1721
RECHERCHE-009_x056832_y027648,RECHERCHE-009,train,"[0, 526, 230, 907]",73851.0,2,Class 2 (Global Sclerosis / Necrotic),115358.0,1361.33,0.7822,0.9946,0.8445,0.8166,197.01,0.1286,45.8,1.1037
RECHERCHE-009_x056832_y027648,RECHERCHE-009,train,"[498, 0, 721, 278]",51200.0,2,Class 2 (Global Sclerosis / Necrotic),123977.0,1428.1,0.7639,0.9908,0.8282,0.7231,183.37,0.1574,39.56,1.1956
RECHERCHE-009_x059904_y027648,RECHERCHE-009,train,"[649, 0, 1024, 419]",139951.5,2,Class 2 (Global Sclerosis / Necrotic),173573.5,1655.97,0.7954,0.9973,0.8914,0.9364,183.54,0.1607,45.11,1.1527
RECHERCHE-009_x061440_y027648,RECHERCHE-009,train,"[0, 0, 349, 419]",131808.5,2,Class 2 (Global Sclerosis / Necrotic),168709.5,1612.6,0.8153,0.9971,0.9024,0.8991,179.58,0.1706,44.57,1.1706
RECHERCHE-009_x141312_y027648,RECHERCHE-009,train,"[895, 127, 1024, 617]",47400.5,5,Class 5,54634.0,1061.04,0.6098,0.9921,0.7504,0.4352,187.54,0.1485,42.35,1.1373
RECHERCHE-009_x142848_y027648,RECHERCHE-009,train,"[127, 119, 682, 644]",232429.5,2,Class 2 (Global Sclerosis / Necrotic),126699.5,1358.27,0.863,0.9947,0.7966,1.062,191.36,0.1385,41.8,1.1151
RECHERCHE-009_x050688_y029184,RECHERCHE-009,train,"[908, 194, 1024, 453]",21827.0,5,Class 5,80824.0,1264.62,0.6351,0.9896,0.731,0.6545,196.11,0.1273,41.42,1.1016
RECHERCHE-009_x052224_y029184,RECHERCHE-009,train,"[965, 563, 1024, 725]",6403.0,5,Class 5,64378.0,1227.62,0.5368,0.9824,0.681,0.5596,171.29,0.1871,33.69,1.2866
RECHERCHE-009_x052224_y029184,RECHERCHE-009,train,"[416, 292, 852, 660]",88778.0,5,Class 5,78676.0,1390.45,0.5114,0.9078,0.5517,1.1844,193.82,0.1286,33.88,1.1461
RECHERCHE-009_x052224_y029184,RECHERCHE-009,train,"[140, 193, 413, 475]",58947.0,4,Class 4,124583.0,1425.23,0.7707,0.9894,0.7674,0.9611,190.64,0.1418,43.3,1.1365
RECHERCHE-009_x052224_y029184,RECHERCHE-009,train,"[747, 0, 954, 36]",4641.0,5,Class 5,33053.0,1024.99,0.3953,0.9746,0.6414,3.246,200.74,0.1158,41.19,1.0585
RECHERCHE-009_x053760_y029184,RECHERCHE-009,train,"[197, 563, 369, 752]",21947.0,5,Class 5,103326.0,1418.24,0.6455,0.9848,0.6773,0.912,180.47,0.1638,36.66,1.2012
RECHERCHE-009_x053760_y029184,RECHERCHE-009,train,"[383, 510, 828, 910]",129047.0,3,Class 3 (Hypertrophic / Atypical),109160.5,1280.78,0.8362,0.9905,0.7233,1.1084,182.35,0.1611,39.21,1.2239
RECHERCHE-009_x053760_y029184,RECHERCHE-009,train,"[0, 435, 84, 660]",14031.0,5,Class 5,72450.0,1221.56,0.6101,0.9874,0.7506,0.577,196.33,0.1249,38.61,1.1168
RECHERCHE-009_x053760_y029184,RECHERCHE-009,train,"[812, 432, 1024, 762]",56960.0,4,Class 4,116242.0,1403.04,0.742,0.9919,0.8151,0.8443,180.32,0.1666,40.1,1.2228
RECHERCHE-009_x053760_y029184,RECHERCHE-009,train,"[870, 0, 1024, 144]",19755.0,4,Class 4,179663.0,1745.34,0.7412,0.9931,0.8995,1.0364,183.51,0.15,24.32,1.2359
RECHERCHE-009_x053760_y029184,RECHERCHE-009,train,"[390, 0, 769, 325]",99461.5,3,Class 3 (Hypertrophic / Atypical),138413.5,1460.1,0.8159,0.9938,0.8057,0.9833,184.71,0.1536,38.21,1.2024
RECHERCHE-009_x053760_y029184,RECHERCHE-009,train,"[0, 0, 186, 36]",4518.5,5,Class 5,43759.5,1150.61,0.4154,0.9781,0.6954,3.3043,201.64,0.1137,40.98,1.0592
RECHERCHE-009_x055296_y029184,RECHERCHE-009,train,"[0, 623, 60, 856]",10189.5,4,Class 4,96214.5,1319.1,0.6949,0.9892,0.8465,1.2973,188.23,0.1443,37.24,1.1844
RECHERCHE-009_x055296_y029184,RECHERCHE-009,train,"[44, 432, 417, 762]",94429.0,4,Class 4,114539.0,1322.23,0.8233,0.9918,0.7659,1.135,181.47,0.1643,41.66,1.2027
RECHERCHE-009_x055296_y029184,RECHERCHE-009,train,"[571, 143, 1024, 482]",117858.0,4,Class 4,106810.5,1266.7,0.8365,0.9949,0.7663,1.4788,183.86,0.1582,41.98,1.1943
RECHERCHE-009_x055296_y029184,RECHERCHE-009,train,"[637, 0, 989, 139]",35945.0,4,Class 4,115281.5,1447.2,0.6917,0.996,0.8693,1.9768,181.15,0.1654,42.5,1.2028
RECHERCHE-009_x055296_y029184,RECHERCHE-009,train,"[102, 0, 288, 144]",23140.0,3,Class 3 (Hypertrophic / Atypical),140181.0,1544.25,0.7387,0.9895,0.8679,1.0458,182.75,0.1518,24.17,1.2387
RECHERCHE-009_x056832_y029184,RECHERCHE-009,train,"[0, 143, 273, 482]",65931.0,4,Class 4,117838.0,1453.29,0.7011,0.9905,0.7132,0.9781,188.75,0.1454,41.16,1.1752
RECHERCHE-009_x056832_y029184,RECHERCHE-009,train,"[0, 0, 221, 139]",24460.5,4,Class 4,125019.5,1532.84,0.6686,0.9926,0.8011,1.3265,186.51,0.1537,45.65,1.1472
RECHERCHE-009_x049152_y030720,RECHERCHE-009,train,"[615, 661, 984, 956]",83771.5,3,Class 3 (Hypertrophic / Atypical),108191.5,1296.39,0.809,0.9872,0.7713,1.2278,184.32,0.1556,39.7,1.1955
RECHERCHE-009_x050688_y030720,RECHERCHE-009,train,"[0, 661, 216, 956]",51164.0,3,Class 3 (Hypertrophic / Atypical),124961.0,1459.53,0.7372,0.9841,0.8061,0.9267,176.46,0.177,41.14,1.2349
RECHERCHE-009_x053760_y030720,RECHERCHE-009,train,"[410, 0, 825, 142]",44404.0,3,Class 3 (Hypertrophic / Atypical),68322.0,1145.87,0.6539,0.9931,0.7559,1.8507,186.45,0.1535,42.9,1.1951
RECHERCHE-009_x142848_y033792,RECHERCHE-009,train,"[739, 806, 1024, 1024]",45462.5,0,Class 0 (Normal / Preserved),129378.5,1589.2,0.6437,0.9937,0.7345,1.1701,210.51,0.091,34.91,1.0607
RECHERCHE-009_x142848_y033792,RECHERCHE-009,train,"[233, 245, 774, 666]",172305.5,2,Class 2 (Global Sclerosis / Necrotic),98383.5,1237.02,0.8079,0.9839,0.7541,1.2821,190.74,0.1395,39.78,1.1787
RECHERCHE-009_x139776_y035328,RECHERCHE-009,train,"[478, 891, 870, 1024]",32049.5,5,Class 5,54931.5,1105.31,0.565,0.9705,0.6161,1.8761,183.91,0.1519,33.09,1.1697
RECHERCHE-009_x142848_y035328,RECHERCHE-009,train,"[710, 38, 1024, 694]",155324.5,0,Class 0 (Normal / Preserved),92206.5,1255.54,0.735,0.9948,0.7542,0.6551,206.78,0.0997,36.38,1.0673
RECHERCHE-009_x144384_y035328,RECHERCHE-009,train,"[0, 38, 567, 694]",297803.5,0,Class 0 (Normal / Preserved),144847.5,1452.56,0.8627,0.9952,0.8002,0.9699,206.71,0.1,36.9,1.0673
RECHERCHE-009_x139776_y036864,RECHERCHE-009,train,"[453, 123, 894, 566]",153363.5,3,Class 3 (Hypertrophic / Atypical),131544.0,1380.6,0.8673,0.9907,0.7825,0.9951,179.33,0.1661,36.47,1.2101
RECHERCHE-009_x141312_y036864,RECHERCHE-009,train,"[0, 170, 126, 557]",36482.5,3,Class 3 (Hypertrophic / Atypical),65344.5,1134.8,0.6376,0.9904,0.7499,0.5158,176.16,0.1766,38.55,1.248
RECHERCHE-009_x141312_y038400,RECHERCHE-009,train,"[912, 667, 1024, 892]",19472.5,5,Class 5,92684.5,1328.63,0.6598,0.9884,0.7787,0.7115,189.83,0.1393,36.85,1.1399
RECHERCHE-009_x142848_y038400,RECHERCHE-009,train,"[144, 663, 413, 897]",49250.0,2,Class 2 (Global Sclerosis / Necrotic),114304.0,1385.07,0.7487,0.9901,0.7828,1.1457,196.98,0.1254,41.14,1.1015
RECHERCHE-009_x109056_y039936,RECHERCHE-009,train,"[764, 408, 984, 610]",30673.0,1,Class 1 (Segmental Sclerosis),106718.0,1433.27,0.6528,0.9864,0.6921,1.0849,177.72,0.1734,40.56,1.2147
RECHERCHE-009_x109056_y039936,RECHERCHE-009,train,"[581, 142, 936, 468]",85206.0,0,Class 0 (Normal / Preserved),113570.0,1330.17,0.8066,0.9835,0.7369,1.096,185.78,0.1524,40.0,1.1854
RECHERCHE-009_x110592_y039936,RECHERCHE-009,train,"[0, 408, 216, 610]",30626.0,1,Class 1 (Segmental Sclerosis),122869.0,1543.96,0.6477,0.9871,0.7035,1.1906,178.4,0.1719,40.9,1.2101
RECHERCHE-009_x110592_y039936,RECHERCHE-009,train,"[0, 142, 168, 460]",37791.0,0,Class 0 (Normal / Preserved),88366.0,1295.47,0.6617,0.9848,0.7107,0.7433,187.08,0.1481,38.21,1.1794
RECHERCHE-009_x141312_y039936,RECHERCHE-009,train,"[912, 0, 1024, 124]",10981.0,1,Class 1 (Segmental Sclerosis),155492.0,1727.54,0.6547,0.9901,0.8021,0.9405,186.65,0.1481,38.12,1.162
RECHERCHE-009_x142848_y039936,RECHERCHE-009,train,"[397, 511, 891, 964]",167704.0,2,Class 2 (Global Sclerosis / Necrotic),119440.5,1322.78,0.8578,0.9921,0.7488,1.0487,186.72,0.1501,41.93,1.1488
RECHERCHE-009_x142848_y039936,RECHERCHE-009,train,"[144, 0, 411, 129]",28831.5,2,Class 2 (Global Sclerosis / Necrotic),98943.5,1329.66,0.7033,0.9917,0.8417,1.4371,196.44,0.1281,42.97,1.105
RECHERCHE-009_x109056_y041472,RECHERCHE-009,train,"[0, 993, 67, 1024]",1400.5,5,Class 5,90072.5,1451.01,0.5376,0.9733,0.7074,1.6475,204.19,0.106,36.25,1.0942
RECHERCHE-009_x109056_y041472,RECHERCHE-009,train,"[85, 973, 355, 1024]",11174.5,5,Class 5,45089.5,1049.78,0.5141,0.9808,0.8227,3.0522,197.79,0.1231,41.04,1.1067
RECHERCHE-009_x109056_y041472,RECHERCHE-009,train,"[354, 960, 603, 1024]",12404.0,5,Class 5,56075.0,1104.59,0.5775,0.9866,0.7879,2.3506,203.47,0.112,43.73,1.0804
RECHERCHE-009_x139776_y041472,RECHERCHE-009,train,"[503, 299, 1024, 855]",238460.5,2,Class 2 (Global Sclerosis / Necrotic),147826.5,1508.31,0.8166,0.9954,0.8212,1.0657,183.2,0.1574,40.1,1.1468
RECHERCHE-009_x141312_y041472,RECHERCHE-009,train,"[0, 299, 417, 855]",192559.5,2,Class 2 (Global Sclerosis / Necrotic),130901.5,1438.97,0.7944,0.995,0.8294,0.9343,183.03,0.1582,40.7,1.1428
RECHERCHE-009_x142848_y041472,RECHERCHE-009,train,"[407, 0, 887, 196]",66563.5,4,Class 4,73302.0,1167.7,0.6756,0.9893,0.7084,1.6166,182.93,0.1588,40.41,1.1784
RECHERCHE-009_x105984_y043008,RECHERCHE-009,train,"[477, 576, 783, 951]",87655.5,5,Class 5,104750.5,1258.47,0.8311,0.9926,0.7645,0.8191,177.69,0.1737,40.08,1.2302
RECHERCHE-009_x105984_y043008,RECHERCHE-009,train,"[680, 302, 1024, 673]",110250.5,3,Class 3 (Hypertrophic / Atypical),154497.5,1553.85,0.8041,0.9953,0.8642,1.0584,180.27,0.1671,39.71,1.2367
RECHERCHE-009_x107520_y043008,RECHERCHE-009,train,"[812, 818, 1024, 1024]",38461.0,3,Class 3 (Hypertrophic / Atypical),179895.0,1744.94,0.7425,0.9945,0.8845,1.0224,182.62,0.1596,37.74,1.2204
RECHERCHE-009_x107520_y043008,RECHERCHE-009,train,"[257, 794, 642, 1024]",68114.5,5,Class 5,104187.5,1329.31,0.7409,0.9934,0.7719,1.2394,186.55,0.1478,36.42,1.1914
RECHERCHE-009_x107520_y043008,RECHERCHE-009,train,"[0, 669, 15, 812]",1484.0,5,Class 5,24269.0,957.6,0.3326,0.9562,0.7417,0.1956,191.78,0.1342,36.27,1.1373
RECHERCHE-009_x107520_y043008,RECHERCHE-009,train,"[353, 302, 606, 475]",36303.0,3,Class 3 (Hypertrophic / Atypical),95015.0,1287.65,0.7201,0.9893,0.8327,1.4659,188.39,0.1418,32.55,1.1818
RECHERCHE-009_x107520_y043008,RECHERCHE-009,train,"[0, 302, 340, 673]",114597.5,3,Class 3 (Hypertrophic / Atypical),161818.5,1561.23,0.8343,0.996,0.9072,1.056,177.87,0.1737,40.0,1.2473
RECHERCHE-009_x107520_y043008,RECHERCHE-009,train,"[640, 205, 1024, 453]",77570.5,3,Class 3 (Hypertrophic / Atypical),98027.5,1564.51,0.5033,0.9165,0.813,1.717,196.36,0.1209,29.95,1.1406
RECHERCHE-009_x109056_y043008,RECHERCHE-009,train,"[44, 818, 436, 1024]",65402.0,5,Class 5,101547.0,1301.13,0.7538,0.9935,0.8095,1.3663,179.92,0.1676,39.37,1.2306
RECHERCHE-009_x109056_y043008,RECHERCHE-009,train,"[0, 192, 647, 459]",136788.0,5,Class 5,67337.0,1476.97,0.3879,0.8958,0.7897,2.4385,193.93,0.1295,36.08,1.1434
RECHERCHE-009_x110592_y043008,RECHERCHE-009,train,"[592, 916, 934, 1024]",27705.0,5,Class 5,63426.0,1132.27,0.6217,0.9907,0.7528,1.9854,180.8,0.1663,42.75,1.1854
RECHERCHE-009_x104448_y044544,RECHERCHE-009,train,"[978, 674, 1024, 909]",5083.5,5,Class 5,27433.5,1054.75,0.3099,0.8524,0.4837,0.3358,185.81,0.1545,43.84,1.156
RECHERCHE-009_x104448_y044544,RECHERCHE-009,train,"[839, 369, 1024, 680]",43990.0,4,Class 4,103396.0,1361.53,0.7009,0.9917,0.7661,0.8068,185.91,0.1531,41.15,1.1933
RECHERCHE-009_x105984_y044544,RECHERCHE-009,train,"[71, 364, 572, 1023]",214944.0,2,Class 2 (Global Sclerosis / Necrotic),103331.0,1742.74,0.4275,0.8995,0.6489,0.7692,186.89,0.1522,43.95,1.166
RECHERCHE-009_x105984_y044544,RECHERCHE-009,train,"[767, 316, 1024, 588]",54239.0,3,Class 3 (Hypertrophic / Atypical),140510.0,1530.81,0.7535,0.9924,0.779,1.0782,185.73,0.1466,29.1,1.2125
RECHERCHE-009_x105984_y044544,RECHERCHE-009,train,"[477, 0, 783, 183]",43700.0,5,Class 5,106491.0,1373.04,0.7098,0.9911,0.7804,1.238,174.89,0.1811,40.49,1.2274
RECHERCHE-009_x107520_y044544,RECHERCHE-009,train,"[0, 316, 276, 588]",57273.5,3,Class 3 (Hypertrophic / Atypical),141009.5,1533.48,0.7535,0.991,0.7635,1.1259,186.13,0.1458,29.73,1.2049
RECHERCHE-009_x107520_y044544,RECHERCHE-009,train,"[812, 50, 1024, 403]",62324.0,3,Class 3 (Hypertrophic / Atypical),113266.0,1363.53,0.7656,0.9941,0.8367,0.8093,185.51,0.1509,35.77,1.2
RECHERCHE-009_x107520_y044544,RECHERCHE-009,train,"[257, 26, 642, 383]",104694.5,3,Class 3 (Hypertrophic / Atypical),128229.5,1382.35,0.8433,0.9929,0.7628,0.9951,185.78,0.1489,35.1,1.1952
RECHERCHE-009_x109056_y044544,RECHERCHE-009,train,"[269, 789, 685, 1024]",70464.5,4,Class 4,93846.0,1316.44,0.6805,0.972,0.7215,1.2862,185.76,0.1525,42.08,1.1441
RECHERCHE-009_x109056_y044544,RECHERCHE-009,train,"[606, 488, 901, 702]",47273.0,3,Class 3 (Hypertrophic / Atypical),91396.0,1243.98,0.7422,0.9895,0.7524,1.3771,191.46,0.1327,30.46,1.1626
RECHERCHE-009_x109056_y044544,RECHERCHE-009,train,"[44, 50, 436, 404]",109403.5,3,Class 3 (Hypertrophic / Atypical),125337.5,1352.41,0.8611,0.9933,0.7884,1.0781,184.26,0.155,37.47,1.2033
RECHERCHE-009_x110592_y044544,RECHERCHE-009,train,"[0, 488, 133, 702]",22006.0,3,Class 3 (Hypertrophic / Atypical),108533.0,1432.74,0.6644,0.9893,0.7782,0.8337,191.32,0.1325,29.51,1.1595
RECHERCHE-009_x110592_y044544,RECHERCHE-009,train,"[582, 148, 934, 427]",73483.0,3,Class 3 (Hypertrophic / Atypical),99532.0,1241.74,0.8112,0.9882,0.7511,1.2623,193.0,0.1342,39.95,1.1437
RECHERCHE-009_x112128_y044544,RECHERCHE-009,train,"[0, 152, 166, 427]",35766.0,3,Class 3 (Hypertrophic / Atypical),107855.0,1391.1,0.7004,0.9921,0.7857,0.8127,196.83,0.1247,38.82,1.1334
RECHERCHE-009_x104448_y046080,RECHERCHE-009,train,"[841, 701, 1024, 994]",42301.0,4,Class 4,112125.0,1389.33,0.73,0.9891,0.7908,0.8153,182.01,0.1595,36.94,1.2218
RECHERCHE-009_x104448_y046080,RECHERCHE-009,train,"[997, 0, 1024, 141]",2013.0,1,Class 1 (Segmental Sclerosis),34379.0,1160.77,0.3206,0.8777,0.5597,0.2967,180.62,0.1692,44.28,1.1711
RECHERCHE-009_x105984_y046080,RECHERCHE-009,train,"[73, 701, 323, 994]",54300.0,4,Class 4,108177.0,1341.72,0.7551,0.9887,0.7433,0.8369,182.55,0.1589,38.37,1.2067
RECHERCHE-009_x105984_y046080,RECHERCHE-009,train,"[229, 0, 572, 255]",73857.5,2,Class 2 (Global Sclerosis / Necrotic),132332.5,1471.97,0.7675,0.9919,0.847,1.0707,198.85,0.1243,45.18,1.0958
RECHERCHE-009_x109056_y046080,RECHERCHE-009,train,"[267, 21, 688, 495]",151918.5,4,Class 4,121110.5,1365.44,0.8163,0.9829,0.7617,0.8288,188.29,0.1472,43.22,1.1371
RECHERCHE-009_x142848_y046080,RECHERCHE-009,train,"[360, 252, 686, 561]",77052.0,3,Class 3 (Hypertrophic / Atypical),121805.0,1401.18,0.7796,0.9847,0.7656,1.0514,184.54,0.1502,32.27,1.2049
RECHERCHE-009_x101376_y047616,RECHERCHE-009,train,"[657, 653, 1024, 1024]",122661.0,2,Class 2 (Global Sclerosis / Necrotic),185600.0,1697.53,0.8094,0.9967,0.9025,0.9934,179.18,0.1712,44.14,1.1657
RECHERCHE-009_x102912_y047616,RECHERCHE-009,train,"[0, 653, 443, 1024]",134298.0,2,Class 2 (Global Sclerosis / Necrotic),153091.0,1588.24,0.7627,0.9969,0.8169,1.1095,184.51,0.1572,43.82,1.1446
RECHERCHE-009_x104448_y047616,RECHERCHE-009,train,"[478, 512, 832, 831]",76903.5,3,Class 3 (Hypertrophic / Atypical),103033.5,1303.53,0.762,0.9858,0.6794,1.1138,188.45,0.143,35.93,1.1669
RECHERCHE-009_x104448_y047616,RECHERCHE-009,train,"[841, 0, 1024, 226]",33229.5,4,Class 4,147896.5,1644.63,0.6871,0.9909,0.8068,0.8816,179.23,0.1666,36.6,1.2434
RECHERCHE-009_x105984_y047616,RECHERCHE-009,train,"[0, 606, 64, 818]",7469.5,4,Class 4,46187.5,1150.63,0.4384,0.9796,0.5619,0.4866,187.91,0.1462,38.3,1.1653
RECHERCHE-009_x105984_y047616,RECHERCHE-009,train,"[73, 0, 323, 226]",44639.5,4,Class 4,140060.5,1564.6,0.719,0.9894,0.7907,0.9536,180.41,0.1645,38.34,1.2211
RECHERCHE-009_x101376_y049152,RECHERCHE-009,train,"[657, 0, 1024, 395]",126569.0,4,Class 4,173881.0,1673.39,0.7803,0.9955,0.8746,0.9561,181.42,0.1654,44.13,1.1546
RECHERCHE-009_x102912_y049152,RECHERCHE-009,train,"[0, 0, 443, 395]",154884.0,2,Class 2 (Global Sclerosis / Necrotic),172396.0,1602.67,0.8434,0.9967,0.8854,1.0679,187.45,0.15,43.88,1.1299
RECHERCHE-009_x101376_y053760,RECHERCHE-009,train,"[216, 671, 668, 1024]",126208.5,2,Class 2 (Global Sclerosis / Necrotic),127709.5,1387.84,0.8332,0.9915,0.7907,1.0458,170.09,0.1936,38.64,1.319
RECHERCHE-009_x101376_y055296,RECHERCHE-009,train,"[634, 419, 1024, 1024]",203772.0,0,Class 0 (Normal / Preserved),136447.5,1474.06,0.7891,0.9962,0.8636,0.7665,203.51,0.1092,40.1,1.0789
RECHERCHE-009_x101376_y055296,RECHERCHE-009,train,"[216, 0, 668, 294]",106664.0,0,Class 0 (Normal / Preserved),115493.5,1351.88,0.7941,0.9903,0.8006,1.1709,171.71,0.1895,39.29,1.3087
RECHERCHE-009_x102912_y055296,RECHERCHE-009,train,"[0, 419, 498, 1024]",259737.0,0,Class 0 (Normal / Preserved),159373.0,1558.67,0.8244,0.9966,0.8625,0.8965,201.53,0.1141,40.82,1.0871
RECHERCHE-009_x098304_y056832,RECHERCHE-009,train,"[277, 332, 772, 826]",170414.0,4,Class 4,116656.5,1350.24,0.8041,0.971,0.6974,1.0,173.68,0.1852,41.34,1.2325
RECHERCHE-009_x101376_y056832,RECHERCHE-009,train,"[635, 0, 1024, 324]",102417.5,0,Class 0 (Normal / Preserved),151537.5,1634.37,0.7129,0.9956,0.8141,1.1073,207.28,0.1007,39.65,1.0662
RECHERCHE-009_x099840_y058368,RECHERCHE-009,train,"[288, 432, 579, 766]",71238.0,4,Class 4,107221.0,1304.23,0.7921,0.991,0.7343,0.8729,187.56,0.1515,43.9,1.1581
RECHERCHE-009_x101376_y059904,RECHERCHE-009,train,"[228, 738, 736, 1024]",124667.0,4,Class 4,111507.0,1316.44,0.8086,0.9917,0.8573,1.2862,189.03,0.1455,43.11,1.1331
RECHERCHE-009_x098304_y061440,RECHERCHE-009,train,"[328, 540, 987, 1024]",260049.0,2,Class 2 (Global Sclerosis / Necrotic),133668.0,1402.09,0.8545,0.9951,0.8148,1.1481,180.42,0.1651,40.4,1.16
RECHERCHE-009_x099840_y061440,RECHERCHE-009,train,"[0, 551, 219, 1024]",80100.0,2,Class 2 (Global Sclerosis / Necrotic),97706.5,1314.14,0.711,0.9949,0.7752,0.6088,183.87,0.1557,39.74,1.1364
RECHERCHE-009_x099840_y061440,RECHERCHE-009,train,"[996, 40, 1024, 231]",3338.0,1,Class 1 (Segmental Sclerosis),28423.0,997.54,0.3589,0.9674,0.6495,0.2616,194.29,0.1286,35.58,1.0976
RECHERCHE-009_x101376_y061440,RECHERCHE-009,train,"[228, 0, 736, 404]",162945.0,4,Class 4,129219.5,1376.27,0.8573,0.9942,0.7938,1.0276,184.84,0.1559,42.92,1.1607
RECHERCHE-009_x098304_y062976,RECHERCHE-009,train,"[328, 0, 984, 316]",166567.5,2,Class 2 (Global Sclerosis / Necrotic),98891.5,1281.8,0.7564,0.995,0.8032,1.5158,181.93,0.1611,40.31,1.1514
RECHERCHE-009_x101376_y066048,RECHERCHE-009,train,"[254, 431, 575, 733]",71214.5,3,Class 3 (Hypertrophic / Atypical),115916.5,1377.22,0.768,0.9827,0.7361,1.0623,182.77,0.1559,34.39,1.2022
RECHERCHE-010_x118272_y004608,RECHERCHE-010,train,"[415, 386, 853, 771]",129820.5,4,Class 4,113537.0,1297.0,0.8481,0.9935,0.769,1.133,161.91,0.2197,40.94,1.3468
RECHERCHE-010_x118272_y004608,RECHERCHE-010,train,"[726, 238, 1024, 519]",67358.5,1,Class 1 (Segmental Sclerosis),141368.5,1540.68,0.7484,0.9927,0.807,1.1818,163.54,0.2168,43.78,1.3267
RECHERCHE-010_x119808_y004608,RECHERCHE-010,train,"[0, 447, 85, 759]",18093.0,1,Class 1 (Segmental Sclerosis),59379.0,1266.31,0.4653,0.9923,0.7943,3.5068,160.93,0.2243,43.64,1.3399
RECHERCHE-010_x119808_y004608,RECHERCHE-010,train,"[0, 238, 362, 519]",78673.0,5,Class 5,112026.0,1351.03,0.7713,0.9925,0.775,1.4385,163.53,0.2168,44.23,1.3104
RECHERCHE-010_x150528_y004608,RECHERCHE-010,train,"[429, 644, 923, 1024]",154608.5,3,Class 3 (Hypertrophic / Atypical),131236.5,1382.87,0.8624,0.9949,0.8249,1.0514,196.12,0.1234,34.54,1.1344
RECHERCHE-010_x152064_y004608,RECHERCHE-010,train,"[443, 790, 1021, 1024]",96512.0,0,Class 0 (Normal / Preserved),80810.5,1373.19,0.5385,0.926,0.7136,1.812,191.81,0.136,39.34,1.1458
RECHERCHE-010_x152064_y004608,RECHERCHE-010,train,"[0, 644, 155, 1024]",44691.0,0,Class 0 (Normal / Preserved),87360.0,1296.7,0.6529,0.9919,0.7636,0.5551,187.94,0.1442,37.63,1.1547
RECHERCHE-010_x153600_y004608,RECHERCHE-010,train,"[350, 959, 593, 1024]",11271.0,5,Class 5,53444.0,1114.74,0.5405,0.9841,0.7224,2.2833,203.34,0.1067,33.67,1.0823
RECHERCHE-010_x153600_y004608,RECHERCHE-010,train,"[803, 876, 1024, 1024]",22706.0,5,Class 5,113116.0,1538.33,0.6007,0.9923,0.6979,1.2717,187.57,0.1487,41.54,1.1744
RECHERCHE-010_x153600_y004608,RECHERCHE-010,train,"[0, 790, 253, 1024]",51677.5,5,Class 5,173446.5,1687.55,0.7654,0.9952,0.8763,1.046,187.89,0.1462,40.28,1.1575
RECHERCHE-010_x153600_y004608,RECHERCHE-010,train,"[887, 143, 1024, 504]",33624.0,5,Class 5,66495.0,1177.53,0.6026,0.9865,0.6831,0.5819,172.24,0.1893,43.44,1.2031
RECHERCHE-010_x153600_y004608,RECHERCHE-010,train,"[754, 0, 850, 37]",1709.5,5,Class 5,50257.5,1261.92,0.3966,0.9591,0.5057,1.6831,174.95,0.1734,29.2,1.2342
RECHERCHE-010_x155136_y004608,RECHERCHE-010,train,"[35, 876, 442, 1024]",44113.5,5,Class 5,71480.5,1183.91,0.6409,0.9915,0.7315,1.8312,188.95,0.1454,41.46,1.1764
RECHERCHE-010_x155136_y004608,RECHERCHE-010,train,"[119, 122, 509, 506]",115202.5,3,Class 3 (Hypertrophic / Atypical),126892.5,1375.73,0.8425,0.992,0.7699,1.0149,194.18,0.1316,40.57,1.1413
RECHERCHE-010_x155136_y004608,RECHERCHE-010,train,"[0, 0, 82, 37]",1639.0,5,Class 5,69896.0,1418.02,0.4368,0.9624,0.5644,1.6863,175.9,0.171,29.07,1.2354
RECHERCHE-010_x113664_y006144,RECHERCHE-010,train,"[712, 279, 1024, 867]",140088.5,0,Class 0 (Normal / Preserved),95211.5,1264.91,0.7478,0.9949,0.762,0.7397,183.92,0.1657,51.27,1.1479
RECHERCHE-010_x115200_y006144,RECHERCHE-010,train,"[997, 459, 1024, 664]",4100.0,5,Class 5,30263.0,977.54,0.398,0.9737,0.7628,0.2372,162.43,0.2237,49.63,1.23
RECHERCHE-010_x115200_y006144,RECHERCHE-010,train,"[0, 279, 561, 867]",272717.5,2,Class 2 (Global Sclerosis / Necrotic),150221.0,1489.26,0.8511,0.9947,0.8232,1.0803,181.33,0.1716,50.22,1.1607
RECHERCHE-010_x116736_y006144,RECHERCHE-010,train,"[229, 359, 842, 849]",224541.5,2,Class 2 (Global Sclerosis / Necrotic),99993.5,1238.96,0.8186,0.9935,0.7477,1.2508,169.15,0.209,53.3,1.2175
RECHERCHE-010_x150528_y006144,RECHERCHE-010,train,"[429, 0, 923, 264]",111595.5,3,Class 3 (Hypertrophic / Atypical),107538.0,1310.84,0.7864,0.9942,0.8564,1.3322,195.36,0.1258,35.63,1.1388
RECHERCHE-010_x152064_y006144,RECHERCHE-010,train,"[848, 699, 1024, 959]",40848.5,5,Class 5,131765.5,1467.81,0.7686,0.9936,0.8949,0.8802,187.85,0.1425,33.23,1.1929
RECHERCHE-010_x152064_y006144,RECHERCHE-010,train,"[350, 604, 834, 1024]",135436.0,3,Class 3 (Hypertrophic / Atypical),114752.0,1573.59,0.5824,0.9357,0.6648,0.9786,197.79,0.1176,29.57,1.1418
RECHERCHE-010_x152064_y006144,RECHERCHE-010,train,"[606, 317, 948, 570]",58629.5,3,Class 3 (Hypertrophic / Atypical),84154.5,1200.33,0.734,0.9752,0.6791,1.3498,195.29,0.126,35.1,1.1429
RECHERCHE-010_x152064_y006144,RECHERCHE-010,train,"[420, 22, 1021, 470]",150233.0,2,Class 2 (Global Sclerosis / Necrotic),93024.5,1549.95,0.4866,0.8758,0.558,1.231,195.26,0.1269,37.1,1.1377
RECHERCHE-010_x152064_y006144,RECHERCHE-010,train,"[0, 0, 155, 261]",32604.0,4,Class 4,121638.0,1507.42,0.6727,0.9929,0.8101,0.7253,186.37,0.149,38.98,1.1667
RECHERCHE-010_x153600_y006144,RECHERCHE-010,train,"[0, 788, 66, 967]",5963.0,5,Class 5,90547.5,1314.33,0.6587,0.9919,0.8966,0.5193,193.37,0.1282,31.09,1.16
RECHERCHE-010_x153600_y006144,RECHERCHE-010,train,"[80, 699, 320, 959]",52010.5,5,Class 5,129396.5,1449.57,0.7738,0.9913,0.8348,0.9267,188.34,0.1406,31.79,1.1935
RECHERCHE-010_x153600_y006144,RECHERCHE-010,train,"[779, 551, 1024, 1024]",82178.5,3,Class 3 (Hypertrophic / Atypical),96671.5,1324.99,0.692,0.9945,0.7082,0.6593,186.45,0.1503,39.67,1.1956
RECHERCHE-010_x153600_y006144,RECHERCHE-010,train,"[0, 317, 180, 569]",34353.0,3,Class 3 (Hypertrophic / Atypical),116308.0,1457.73,0.6878,0.9908,0.7607,0.9051,191.87,0.1326,32.68,1.1623
RECHERCHE-010_x153600_y006144,RECHERCHE-010,train,"[307, 191, 606, 480]",61535.5,3,Class 3 (Hypertrophic / Atypical),116069.5,1409.9,0.7338,0.9894,0.7114,1.0353,199.33,0.1136,29.46,1.1219
RECHERCHE-010_x153600_y006144,RECHERCHE-010,train,"[790, 108, 1024, 452]",63470.0,3,Class 3 (Hypertrophic / Atypical),116487.0,1402.78,0.7439,0.9946,0.7911,0.8802,192.75,0.1324,35.11,1.1623
RECHERCHE-010_x153600_y006144,RECHERCHE-010,train,"[0, 22, 253, 290]",55546.5,5,Class 5,153481.5,1614.11,0.7403,0.9934,0.8208,1.0401,188.12,0.1457,40.25,1.1567
RECHERCHE-010_x155136_y006144,RECHERCHE-010,train,"[11, 550, 493, 1024]",166855.5,3,Class 3 (Hypertrophic / Atypical),146981.0,1484.22,0.8384,0.9924,0.7307,0.9889,183.67,0.1569,38.95,1.2119
RECHERCHE-010_x155136_y006144,RECHERCHE-010,train,"[22, 108, 442, 452]",113005.0,3,Class 3 (Hypertrophic / Atypical),114547.5,1308.27,0.841,0.9948,0.7796,1.2938,193.39,0.1325,37.62,1.1606
RECHERCHE-010_x113664_y007680,RECHERCHE-010,train,"[349, 357, 858, 880]",203339.0,2,Class 2 (Global Sclerosis / Necrotic),124881.5,1364.7,0.8426,0.9937,0.7615,0.9708,179.48,0.1777,51.29,1.1613
RECHERCHE-010_x113664_y007680,RECHERCHE-010,train,"[758, 0, 1024, 99]",17850.5,0,Class 0 (Normal / Preserved),73164.5,1314.49,0.5321,0.9909,0.6843,1.9362,180.2,0.1701,45.88,1.1462
RECHERCHE-010_x116736_y007680,RECHERCHE-010,train,"[624, 809, 1024, 1024]",69948.5,2,Class 2 (Global Sclerosis / Necrotic),113661.5,1443.26,0.6857,0.9954,0.8137,1.4821,174.97,0.1879,49.59,1.1852
RECHERCHE-010_x116736_y007680,RECHERCHE-010,train,"[336, 0, 769, 81]",22894.5,5,Class 5,36093.5,993.55,0.4595,0.9863,0.6586,3.0522,165.87,0.2148,50.11,1.2352
RECHERCHE-010_x118272_y007680,RECHERCHE-010,train,"[0, 809, 461, 1024]",80525.5,2,Class 2 (Global Sclerosis / Necrotic),102647.0,1347.53,0.7104,0.9958,0.8144,1.6426,174.86,0.1877,49.07,1.1851
RECHERCHE-010_x152064_y007680,RECHERCHE-010,train,"[387, 306, 675, 573]",55729.5,3,Class 3 (Hypertrophic / Atypical),112895.5,1385.96,0.7386,0.9799,0.7264,1.0763,193.75,0.1252,25.58,1.1712
RECHERCHE-010_x152064_y007680,RECHERCHE-010,train,"[848, 0, 1024, 191]",31118.0,5,Class 5,184437.0,1740.85,0.7648,0.995,0.9319,0.956,185.05,0.1483,30.35,1.2271
RECHERCHE-010_x152064_y007680,RECHERCHE-010,train,"[350, 0, 834, 261]",91225.0,3,Class 3 (Hypertrophic / Atypical),91610.0,1372.55,0.6111,0.942,0.7213,1.3301,196.91,0.1188,27.53,1.1503
RECHERCHE-010_x153600_y007680,RECHERCHE-010,train,"[0, 20, 66, 199]",5963.0,5,Class 5,90356.5,1314.33,0.6573,0.9915,0.8947,0.5193,193.39,0.1281,31.08,1.1599
RECHERCHE-010_x153600_y007680,RECHERCHE-010,train,"[779, 0, 1024, 268]",51749.0,4,Class 4,155331.0,1661.04,0.7075,0.9955,0.7902,0.9495,191.73,0.136,37.79,1.1685
RECHERCHE-010_x153600_y007680,RECHERCHE-010,train,"[80, 0, 320, 191]",39491.5,5,Class 5,141002.5,1543.81,0.7434,0.9928,0.8662,1.0276,185.49,0.1468,29.68,1.2213
RECHERCHE-010_x155136_y007680,RECHERCHE-010,train,"[11, 0, 474, 268]",92731.0,5,Class 5,108287.5,1348.79,0.748,0.9939,0.7471,1.3723,188.42,0.1443,37.7,1.1895
RECHERCHE-010_x109056_y009216,RECHERCHE-010,train,"[464, 186, 962, 595]",155282.5,0,Class 0 (Normal / Preserved),104945.0,1286.49,0.7968,0.9916,0.7614,1.2136,189.47,0.1499,49.61,1.1325
RECHERCHE-010_x110592_y009216,RECHERCHE-010,train,"[0, 201, 194, 565]",42971.5,0,Class 0 (Normal / Preserved),76934.5,1258.02,0.6109,0.9905,0.6097,0.747,208.86,0.1007,43.86,1.063
RECHERCHE-010_x112128_y009216,RECHERCHE-010,train,"[832, 641, 1024, 1024]",61708.0,2,Class 2 (Global Sclerosis / Necrotic),111912.0,1417.36,0.7,0.9942,0.8413,0.6454,172.73,0.1961,51.11,1.1942
RECHERCHE-010_x113664_y009216,RECHERCHE-010,train,"[621, 724, 882, 1024]",56257.0,3,Class 3 (Hypertrophic / Atypical),116470.0,1420.0,0.7258,0.9899,0.7186,0.7863,167.13,0.1997,33.83,1.3235
RECHERCHE-010_x113664_y009216,RECHERCHE-010,train,"[64, 620, 589, 1024]",168707.5,2,Class 2 (Global Sclerosis / Necrotic),127114.5,1427.88,0.7835,0.9946,0.795,1.0513,165.61,0.2158,50.16,1.2372
RECHERCHE-010_x113664_y009216,RECHERCHE-010,train,"[413, 0, 837, 112]",32759.0,2,Class 2 (Global Sclerosis / Necrotic),50865.5,1070.66,0.5576,0.9893,0.6948,2.2849,176.76,0.1843,51.03,1.1683
RECHERCHE-010_x115200_y009216,RECHERCHE-010,train,"[0, 736, 114, 1024]",23560.0,1,Class 1 (Segmental Sclerosis),81136.0,1316.82,0.588,0.9887,0.7219,0.5429,164.81,0.2053,32.69,1.3394
RECHERCHE-010_x115200_y009216,RECHERCHE-010,train,"[0, 0, 69, 77]",3461.5,0,Class 0 (Normal / Preserved),129618.5,1727.3,0.5459,0.9818,0.6702,0.9383,193.17,0.1372,46.18,1.0652
RECHERCHE-010_x116736_y009216,RECHERCHE-010,train,"[624, 41, 1024, 657]",206775.0,2,Class 2 (Global Sclerosis / Necrotic),125870.5,1420.68,0.7837,0.9954,0.8363,0.814,174.63,0.1888,49.52,1.184
RECHERCHE-010_x118272_y009216,RECHERCHE-010,train,"[0, 41, 484, 657]",248507.5,2,Class 2 (Global Sclerosis / Necrotic),141554.0,1459.38,0.8352,0.9958,0.8313,0.9209,175.51,0.1862,49.53,1.1783
RECHERCHE-010_x152064_y009216,RECHERCHE-010,train,"[183, 637, 549, 1024]",111494.0,0,Class 0 (Normal / Preserved),138771.0,1472.63,0.8041,0.9947,0.7881,0.8505,191.39,0.1355,36.26,1.1691
RECHERCHE-010_x156672_y009216,RECHERCHE-010,train,"[79, 667, 701, 1024]",178269.5,0,Class 0 (Normal / Preserved),105645.0,1298.67,0.7872,0.9955,0.8022,1.2702,196.07,0.1253,39.31,1.1129
RECHERCHE-010_x095232_y010752,RECHERCHE-010,train,"[529, 82, 820, 384]",64608.5,3,Class 3 (Hypertrophic / Atypical),119021.5,1430.02,0.7314,0.9902,0.7367,0.9658,169.92,0.1982,43.37,1.2743
RECHERCHE-010_x095232_y010752,RECHERCHE-010,train,"[176, 69, 496, 374]",74416.5,3,Class 3 (Hypertrophic / Atypical),121959.5,1395.42,0.7871,0.9922,0.7646,1.0487,179.27,0.1764,49.42,1.1743
RECHERCHE-010_x096768_y010752,RECHERCHE-010,train,"[314, 1009, 385, 1024]",497.0,1,Class 1 (Segmental Sclerosis),31407.0,1091.6,0.3312,0.9391,0.5224,2.7823,199.96,0.1125,31.5,1.1084
RECHERCHE-010_x096768_y010752,RECHERCHE-010,train,"[803, 585, 1024, 1024]",78287.0,1,Class 1 (Segmental Sclerosis),107672.0,1368.16,0.7228,0.9948,0.8094,0.6454,165.07,0.214,44.73,1.3181
RECHERCHE-010_x096768_y010752,RECHERCHE-010,train,"[380, 412, 723, 831]",115883.0,3,Class 3 (Hypertrophic / Atypical),111081.5,1288.25,0.8411,0.9942,0.8068,0.8151,170.48,0.2024,48.47,1.2738
RECHERCHE-010_x096768_y010752,RECHERCHE-010,train,"[0, 132, 52, 357]",7540.5,0,Class 0 (Normal / Preserved),43128.5,1091.24,0.4551,0.979,0.6591,0.3912,199.8,0.1239,45.78,1.1176
RECHERCHE-010_x098304_y010752,RECHERCHE-010,train,"[35, 585, 471, 1024]",154927.0,3,Class 3 (Hypertrophic / Atypical),155874.0,1520.37,0.8474,0.995,0.8117,0.9317,164.97,0.2124,42.22,1.3232
RECHERCHE-010_x101376_y010752,RECHERCHE-010,train,"[338, 457, 963, 1024]",277274.5,0,Class 0 (Normal / Preserved),140920.5,1456.76,0.8345,0.9942,0.7822,0.9744,184.32,0.1641,50.67,1.1531
RECHERCHE-010_x102912_y010752,RECHERCHE-010,train,"[0, 457, 195, 1017]",75063.5,0,Class 0 (Normal / Preserved),69153.5,1183.25,0.6207,0.993,0.6891,0.4956,187.81,0.1553,50.64,1.1432
RECHERCHE-010_x109056_y010752,RECHERCHE-010,train,"[167, 742, 702, 1024]",110320.0,0,Class 0 (Normal / Preserved),90756.0,1278.24,0.698,0.9935,0.7323,1.3498,170.8,0.1992,48.88,1.2091
RECHERCHE-010_x112128_y010752,RECHERCHE-010,train,"[832, 0, 1024, 409]",60616.0,1,Class 1 (Segmental Sclerosis),98224.0,1362.9,0.6645,0.9943,0.7721,0.6118,165.86,0.2145,49.99,1.2272
RECHERCHE-010_x113664_y010752,RECHERCHE-010,train,"[621, 0, 882, 264]",50966.0,3,Class 3 (Hypertrophic / Atypical),136810.0,1562.18,0.7045,0.9911,0.7408,0.8882,165.98,0.2024,32.76,1.336
RECHERCHE-010_x113664_y010752,RECHERCHE-010,train,"[64, 0, 592, 418]",186645.5,2,Class 2 (Global Sclerosis / Necrotic),138050.5,1445.88,0.8298,0.9953,0.8439,1.0327,164.29,0.2184,48.93,1.2448
RECHERCHE-010_x115200_y010752,RECHERCHE-010,train,"[974, 290, 1024, 598]",11364.0,1,Class 1 (Segmental Sclerosis),35903.0,994.59,0.4561,0.9853,0.7466,0.2847,174.76,0.1876,47.47,1.2355
RECHERCHE-010_x115200_y010752,RECHERCHE-010,train,"[0, 0, 114, 261]",22267.5,1,Class 1 (Segmental Sclerosis),91195.5,1370.63,0.61,0.9912,0.7535,0.5846,164.09,0.207,31.99,1.3472
RECHERCHE-010_x116736_y010752,RECHERCHE-010,train,"[206, 258, 615, 630]",134011.5,3,Class 3 (Hypertrophic / Atypical),134011.5,1392.22,0.8688,0.9962,0.8808,1.0995,161.22,0.2286,48.37,1.3487
RECHERCHE-010_x152064_y010752,RECHERCHE-010,train,"[477, 922, 862, 1024]",23120.0,5,Class 5,43190.0,1051.67,0.4907,0.987,0.5933,2.2978,188.17,0.1446,38.8,1.1452
RECHERCHE-010_x152064_y010752,RECHERCHE-010,train,"[183, 0, 549, 313]",91304.5,0,Class 0 (Normal / Preserved),136015.5,1479.88,0.7805,0.994,0.7975,0.9808,190.29,0.1388,37.18,1.1752
RECHERCHE-010_x155136_y010752,RECHERCHE-010,train,"[847, 0, 1024, 414]",56872.0,2,Class 2 (Global Sclerosis / Necrotic),92232.0,1309.67,0.6757,0.9937,0.7767,0.5736,193.68,0.132,40.81,1.1236
RECHERCHE-010_x156672_y010752,RECHERCHE-010,train,"[258, 658, 660, 1024]",112026.5,2,Class 2 (Global Sclerosis / Necrotic),134641.5,1421.67,0.8371,0.9937,0.7601,0.9536,189.45,0.1424,40.58,1.1377
RECHERCHE-010_x156672_y010752,RECHERCHE-010,train,"[79, 0, 701, 463]",236633.5,0,Class 0 (Normal / Preserved),128620.0,1380.83,0.8477,0.9955,0.8211,1.0679,194.4,0.1293,39.38,1.1211
RECHERCHE-010_x093696_y012288,RECHERCHE-010,train,"[432, 406, 745, 710]",68200.5,0,Class 0 (Normal / Preserved),116788.5,1397.7,0.7512,0.9901,0.7193,1.0302,157.33,0.2396,48.61,1.3073
RECHERCHE-010_x095232_y012288,RECHERCHE-010,train,"[720, 838, 949, 1024]",31329.0,3,Class 3 (Hypertrophic / Atypical),121576.0,1491.13,0.6871,0.9885,0.7376,1.0149,173.64,0.1857,40.1,1.2554
RECHERCHE-010_x095232_y012288,RECHERCHE-010,train,"[877, 638, 1024, 1002]",35681.5,1,Class 1 (Segmental Sclerosis),71951.5,1225.03,0.6025,0.9912,0.6678,0.58,168.82,0.2001,41.62,1.2839
RECHERCHE-010_x095232_y012288,RECHERCHE-010,train,"[943, 412, 1024, 622]",11218.0,5,Class 5,65849.0,1226.19,0.5504,0.9842,0.6648,0.5864,163.42,0.2163,44.05,1.2326
RECHERCHE-010_x096768_y012288,RECHERCHE-010,train,"[470, 948, 727, 1024]",12291.0,5,Class 5,75761.0,1288.68,0.5733,0.9915,0.6555,0.7839,153.1,0.2447,37.23,1.459
RECHERCHE-010_x096768_y012288,RECHERCHE-010,train,"[0, 838, 181, 1024]",26268.5,3,Class 3 (Hypertrophic / Atypical),160142.5,1717.06,0.6826,0.9923,0.7856,0.9846,176.05,0.1786,39.19,1.2438
RECHERCHE-010_x096768_y012288,RECHERCHE-010,train,"[109, 638, 400, 1013]",79800.0,1,Class 1 (Segmental Sclerosis),103011.0,1288.71,0.7794,0.9923,0.7335,0.7156,169.76,0.1972,41.18,1.2876
RECHERCHE-010_x096768_y012288,RECHERCHE-010,train,"[545, 633, 875, 974]",75402.0,1,Class 1 (Segmental Sclerosis),108765.0,1354.94,0.7445,0.9901,0.6698,0.9707,158.68,0.2288,39.76,1.3927
RECHERCHE-010_x096768_y012288,RECHERCHE-010,train,"[175, 412, 433, 651]",42704.5,3,Class 3 (Hypertrophic / Atypical),107851.5,1398.51,0.693,0.9879,0.6924,1.0844,168.1,0.2003,39.03,1.29
RECHERCHE-010_x096768_y012288,RECHERCHE-010,train,"[251, 241, 479, 461]",35286.5,3,Class 3 (Hypertrophic / Atypical),113491.5,1474.06,0.6564,0.9788,0.7061,1.0407,173.95,0.1826,37.56,1.2501
RECHERCHE-010_x096768_y012288,RECHERCHE-010,train,"[803, 0, 1024, 273]",42979.0,3,Class 3 (Hypertrophic / Atypical),131038.0,1617.1,0.6297,0.9941,0.7148,0.8816,163.53,0.2181,43.87,1.3427
RECHERCHE-010_x096768_y012288,RECHERCHE-010,train,"[451, 0, 691, 63]",11315.0,5,Class 5,55281.0,1114.94,0.5588,0.9896,0.7593,2.2978,179.68,0.1736,44.74,1.2261
RECHERCHE-010_x098304_y012288,RECHERCHE-010,train,"[0, 678, 107, 969]",19444.5,1,Class 1 (Segmental Sclerosis),60349.5,1187.0,0.5382,0.987,0.6275,0.5693,153.15,0.2445,36.85,1.4559
RECHERCHE-010_x098304_y012288,RECHERCHE-010,train,"[35, 0, 471, 291]",94998.5,3,Class 3 (Hypertrophic / Atypical),113520.0,1384.61,0.7441,0.994,0.75,1.1877,167.59,0.2056,43.09,1.3096
RECHERCHE-010_x101376_y012288,RECHERCHE-010,train,"[349, 0, 941, 294]",124450.0,4,Class 4,85411.5,1227.54,0.7123,0.9939,0.7152,1.4007,180.16,0.1751,50.97,1.1663
RECHERCHE-010_x105984_y012288,RECHERCHE-010,train,"[728, 244, 1024, 847]",152076.0,2,Class 2 (Global Sclerosis / Necrotic),100511.0,1267.47,0.7862,0.9954,0.8491,0.7007,173.67,0.1904,48.66,1.1932
RECHERCHE-010_x107520_y012288,RECHERCHE-010,train,"[0, 244, 488, 847]",240158.0,2,Class 2 (Global Sclerosis / Necrotic),134585.0,1415.46,0.8441,0.9948,0.8125,0.9805,172.04,0.1951,48.77,1.1999
RECHERCHE-010_x107520_y012288,RECHERCHE-010,train,"[897, 51, 1024, 643]",43721.0,4,Class 4,36673.0,1007.61,0.4539,0.9891,0.5819,0.3522,178.09,0.1796,49.77,1.1571
RECHERCHE-010_x109056_y012288,RECHERCHE-010,train,"[129, 0, 746, 742]",343723.5,2,Class 2 (Global Sclerosis / Necrotic),119587.0,1375.2,0.7946,0.9943,0.7509,0.7692,170.65,0.1996,49.02,1.2063
RECHERCHE-010_x152064_y012288,RECHERCHE-010,train,"[436, 154, 890, 581]",145078.5,4,Class 4,117990.0,1343.83,0.821,0.9803,0.7493,1.0623,192.12,0.1371,42.17,1.1329
RECHERCHE-010_x153600_y012288,RECHERCHE-010,train,"[0, 193, 122, 543]",30510.0,2,Class 2 (Global Sclerosis / Necrotic),65701.0,1160.07,0.6135,0.9898,0.7171,0.5477,188.6,0.1453,40.63,1.1678
RECHERCHE-010_x156672_y012288,RECHERCHE-010,train,"[258, 0, 660, 307]",92028.0,4,Class 4,118797.0,1389.8,0.7729,0.9935,0.743,1.0566,188.26,0.1457,41.27,1.1381
RECHERCHE-010_x093696_y013824,RECHERCHE-010,train,"[926, 514, 1024, 880]",26980.0,3,Class 3 (Hypertrophic / Atypical),55605.0,1080.27,0.5988,0.9903,0.7553,0.4401,173.53,0.1845,38.19,1.2764
RECHERCHE-010_x095232_y013824,RECHERCHE-010,train,"[158, 507, 548, 880]",110044.0,3,Class 3 (Hypertrophic / Atypical),121467.0,1342.25,0.8472,0.9933,0.7557,1.0407,165.45,0.2081,40.08,1.2946
RECHERCHE-010_x095232_y013824,RECHERCHE-010,train,"[720, 70, 949, 295]",35026.0,3,Class 3 (Hypertrophic / Atypical),111773.0,1446.12,0.6716,0.9866,0.6815,1.02,172.09,0.1901,40.37,1.259
RECHERCHE-010_x095232_y013824,RECHERCHE-010,train,"[877, 0, 1024, 234]",21776.0,1,Class 1 (Segmental Sclerosis),99286.0,1514.68,0.5438,0.9918,0.6366,0.75,171.99,0.1905,40.39,1.272
RECHERCHE-010_x096768_y013824,RECHERCHE-010,train,"[670, 407, 1024, 769]",94613.0,3,Class 3 (Hypertrophic / Atypical),136161.0,1514.49,0.746,0.9734,0.7378,1.0925,170.46,0.1952,40.19,1.2862
RECHERCHE-010_x096768_y013824,RECHERCHE-010,train,"[468, 180, 753, 559]",86496.0,3,Class 3 (Hypertrophic / Atypical),101412.0,1233.32,0.8378,0.9925,0.7985,0.7518,167.41,0.2032,38.94,1.3261
RECHERCHE-010_x096768_y013824,RECHERCHE-010,train,"[0, 70, 181, 295]",29971.5,3,Class 3 (Hypertrophic / Atypical),121695.5,1492.06,0.6869,0.9887,0.7402,0.9829,172.43,0.1891,40.11,1.26
RECHERCHE-010_x096768_y013824,RECHERCHE-010,train,"[559, 0, 875, 206]",47442.5,1,Class 1 (Segmental Sclerosis),105658.5,1377.31,0.6999,0.9913,0.7303,1.1676,153.66,0.2435,37.94,1.4491
RECHERCHE-010_x096768_y013824,RECHERCHE-010,train,"[109, 0, 400, 245]",52257.0,4,Class 4,124629.0,1520.98,0.677,0.9919,0.7342,0.9952,171.37,0.1917,39.92,1.2795
RECHERCHE-010_x098304_y013824,RECHERCHE-010,train,"[660, 545, 981, 847]",72122.0,2,Class 2 (Global Sclerosis / Necrotic),117376.0,1362.57,0.7945,0.9907,0.7454,1.0623,164.27,0.2131,40.69,1.3488
RECHERCHE-010_x098304_y013824,RECHERCHE-010,train,"[0, 407, 303, 766]",79853.0,3,Class 3 (Hypertrophic / Atypical),124267.0,1464.26,0.7283,0.9914,0.7357,1.0098,171.77,0.1909,39.53,1.2819
RECHERCHE-010_x098304_y013824,RECHERCHE-010,train,"[0, 0, 107, 201]",16050.5,1,Class 1 (Segmental Sclerosis),105282.5,1462.84,0.6183,0.9892,0.7521,0.6732,151.08,0.2513,36.85,1.4752
RECHERCHE-010_x099840_y013824,RECHERCHE-010,train,"[0, 545, 213, 847]",49149.5,2,Class 2 (Global Sclerosis / Necrotic),116047.5,1426.88,0.7163,0.9921,0.7669,0.9046,161.61,0.2221,41.96,1.3709
RECHERCHE-010_x104448_y013824,RECHERCHE-010,train,"[367, 418, 791, 1024]",187015.0,2,Class 2 (Global Sclerosis / Necrotic),94583.5,1284.1,0.7208,0.9932,0.7259,0.6322,184.46,0.1626,49.32,1.1404
RECHERCHE-010_x153600_y013824,RECHERCHE-010,train,"[304, 593, 632, 868]",66545.5,4,Class 4,103899.5,1304.59,0.7671,0.9905,0.7385,1.189,192.44,0.1324,35.06,1.1696
RECHERCHE-010_x095232_y015360,RECHERCHE-010,train,"[164, 0, 497, 112]",27794.0,3,Class 3 (Hypertrophic / Atypical),66727.0,1149.24,0.6349,0.9918,0.7484,1.8761,180.58,0.1628,34.42,1.2398
RECHERCHE-010_x098304_y015360,RECHERCHE-010,train,"[892, 350, 1024, 684]",32124.0,0,Class 0 (Normal / Preserved),73343.0,1193.87,0.6466,0.9911,0.7319,0.599,168.15,0.2084,49.71,1.2643
RECHERCHE-010_x098304_y015360,RECHERCHE-010,train,"[676, 0, 940, 79]",13456.0,5,Class 5,53121.0,1120.62,0.5316,0.9846,0.6527,2.0553,177.64,0.1795,45.49,1.2452
RECHERCHE-010_x099840_y015360,RECHERCHE-010,train,"[124, 327, 584, 689]",135438.5,3,Class 3 (Hypertrophic / Atypical),106877.5,1245.7,0.8655,0.994,0.8141,1.2741,169.54,0.2045,49.18,1.2678
RECHERCHE-010_x099840_y015360,RECHERCHE-010,train,"[0, 0, 172, 79]",9842.5,5,Class 5,92033.5,1405.04,0.5858,0.9879,0.7345,1.6449,173.47,0.1906,45.22,1.2749
RECHERCHE-010_x101376_y015360,RECHERCHE-010,train,"[493, 522, 747, 871]",65621.5,0,Class 0 (Normal / Preserved),90326.5,1218.1,0.765,0.9902,0.7386,0.7311,167.82,0.2062,45.58,1.2756
RECHERCHE-010_x104448_y015360,RECHERCHE-010,train,"[220, 560, 521, 806]",52694.5,2,Class 2 (Global Sclerosis / Necrotic),97612.5,1281.9,0.7465,0.9903,0.7124,1.2209,176.66,0.1741,37.08,1.2526
RECHERCHE-010_x104448_y015360,RECHERCHE-010,train,"[367, 0, 791, 307]",96721.5,2,Class 2 (Global Sclerosis / Necrotic),114697.0,1409.84,0.7251,0.9937,0.7439,1.0849,185.11,0.1609,48.97,1.1432
RECHERCHE-010_x153600_y015360,RECHERCHE-010,train,"[330, 0, 627, 100]",18451.5,0,Class 0 (Normal / Preserved),55859.5,1157.2,0.5242,0.9865,0.6294,1.8848,198.37,0.1182,34.89,1.1341
RECHERCHE-010_x156672_y015360,RECHERCHE-010,train,"[746, 210, 1024, 738]",115874.5,4,Class 4,97921.5,1288.2,0.7415,0.9945,0.7902,0.7408,183.21,0.1586,41.81,1.1532
RECHERCHE-010_x158208_y015360,RECHERCHE-010,train,"[856, 989, 1024, 1024]",3744.0,5,Class 5,43759.0,1178.08,0.3962,0.9782,0.6587,3.1164,198.52,0.1229,43.43,1.0738
RECHERCHE-010_x158208_y015360,RECHERCHE-010,train,"[0, 210, 552, 738]",229608.5,2,Class 2 (Global Sclerosis / Necrotic),140414.5,1462.13,0.8254,0.9951,0.7875,1.1662,186.92,0.1499,42.69,1.1387
RECHERCHE-010_x158208_y016896,RECHERCHE-010,train,"[522, 221, 1024, 857]",259200.5,2,Class 2 (Global Sclerosis / Necrotic),131697.0,1447.15,0.7902,0.9951,0.8092,0.9635,184.54,0.1564,43.03,1.1549
RECHERCHE-010_x159744_y016896,RECHERCHE-010,train,"[0, 217, 472, 856]",242844.5,2,Class 2 (Global Sclerosis / Necrotic),125473.0,1417.84,0.7843,0.9952,0.8052,0.9315,187.09,0.1497,42.72,1.1411
RECHERCHE-010_x161280_y016896,RECHERCHE-010,train,"[490, 0, 1024, 357]",166140.5,0,Class 0 (Normal / Preserved),141403.5,1472.14,0.8199,0.9969,0.8724,1.2717,210.56,0.0916,36.5,1.059
RECHERCHE-010_x162816_y016896,RECHERCHE-010,train,"[0, 0, 277, 357]",86962.0,0,Class 0 (Normal / Preserved),157282.0,1603.3,0.7689,0.9956,0.8818,0.8615,210.14,0.0922,36.08,1.061
RECHERCHE-010_x021504_y018432,RECHERCHE-010,train,"[264, 639, 834, 1024]",187592.0,0,Class 0 (Normal / Preserved),125547.0,1399.61,0.8054,0.9956,0.855,1.1393,183.82,0.1642,49.19,1.1475
RECHERCHE-010_x021504_y019968,RECHERCHE-010,train,"[579, 985, 890, 1024]",7072.0,2,Class 2 (Global Sclerosis / Necrotic),22579.0,958.99,0.3085,0.9716,0.5936,4.3978,182.11,0.1639,43.82,1.1427
RECHERCHE-010_x021504_y019968,RECHERCHE-010,train,"[202, 874, 488, 1024]",37998.0,2,Class 2 (Global Sclerosis / Necrotic),109883.0,1352.39,0.755,0.9916,0.8896,1.3543,189.89,0.1493,48.44,1.1172
RECHERCHE-010_x021504_y019968,RECHERCHE-010,train,"[264, 0, 834, 414]",204975.0,2,Class 2 (Global Sclerosis / Necrotic),134085.5,1419.8,0.8359,0.9941,0.8696,1.0849,185.33,0.1593,48.09,1.1412
RECHERCHE-010_x161280_y019968,RECHERCHE-010,train,"[813, 289, 1024, 890]",86321.0,2,Class 2 (Global Sclerosis / Necrotic),62414.5,1098.57,0.6499,0.9938,0.6813,0.5477,191.69,0.1371,40.96,1.12
RECHERCHE-010_x162816_y019968,RECHERCHE-010,train,"[45, 220, 751, 1024]",378022.5,2,Class 2 (Global Sclerosis / Necrotic),121380.5,1722.75,0.5139,0.9032,0.6636,0.8835,184.86,0.1547,41.56,1.1624
RECHERCHE-010_x164352_y019968,RECHERCHE-010,train,"[445, 132, 926, 672]",201760.5,2,Class 2 (Global Sclerosis / Necrotic),115733.0,1312.03,0.8449,0.9937,0.7752,0.8924,197.47,0.1245,42.6,1.0962
RECHERCHE-010_x165888_y019968,RECHERCHE-010,train,"[571, 176, 1024, 716]",216177.5,2,Class 2 (Global Sclerosis / Necrotic),148366.0,1479.01,0.8523,0.9946,0.8826,1.0049,202.44,0.1104,38.67,1.0829
RECHERCHE-010_x165888_y019968,RECHERCHE-010,train,"[0, 135, 158, 659]",64282.5,2,Class 2 (Global Sclerosis / Necrotic),63707.0,1106.7,0.6536,0.9918,0.775,0.4866,201.44,0.115,41.76,1.0813
RECHERCHE-010_x167424_y019968,RECHERCHE-010,train,"[0, 187, 346, 716]",150136.0,0,Class 0 (Normal / Preserved),118285.0,1369.21,0.7929,0.9957,0.8216,0.8606,204.33,0.1057,37.95,1.0765
RECHERCHE-010_x021504_y021504,RECHERCHE-010,train,"[543, 217, 998, 698]",175362.0,2,Class 2 (Global Sclerosis / Necrotic),137996.5,1421.44,0.8583,0.9936,0.8033,1.0269,173.37,0.1944,50.79,1.193
RECHERCHE-010_x021504_y021504,RECHERCHE-010,train,"[202, 106, 488, 420]",74741.0,2,Class 2 (Global Sclerosis / Necrotic),127687.0,1407.01,0.8105,0.9909,0.8329,0.9075,189.15,0.1484,45.94,1.127
RECHERCHE-010_x023040_y021504,RECHERCHE-010,train,"[0, 230, 230, 698]",85467.0,2,Class 2 (Global Sclerosis / Necrotic),94301.5,1260.68,0.7456,0.9944,0.7939,0.7032,171.57,0.2003,51.65,1.2014
RECHERCHE-010_x162816_y021504,RECHERCHE-010,train,"[102, 0, 751, 354]",125792.0,2,Class 2 (Global Sclerosis / Necrotic),69746.0,1445.46,0.4195,0.84,0.5483,1.3151,180.16,0.165,37.51,1.2264
RECHERCHE-010_x167424_y021504,RECHERCHE-010,train,"[208, 312, 708, 931]",245722.0,5,Class 5,107501.5,1275.08,0.8309,0.9938,0.7941,0.8093,190.44,0.1402,41.63,1.1241
RECHERCHE-010_x168960_y021504,RECHERCHE-010,train,"[591, 910, 928, 1024]",28328.0,5,Class 5,65926.0,1157.79,0.618,0.9896,0.7428,1.8848,194.9,0.1256,33.15,1.1427
RECHERCHE-010_x024576_y023040,RECHERCHE-010,train,"[370, 200, 737, 533]",91686.0,3,Class 3 (Hypertrophic / Atypical),114119.0,1332.86,0.8072,0.9821,0.7521,1.1024,195.57,0.1315,44.74,1.1189
RECHERCHE-010_x162816_y023040,RECHERCHE-010,train,"[540, 460, 949, 810]",107557.5,3,Class 3 (Hypertrophic / Atypical),107557.5,1254.5,0.8588,0.9956,0.7514,1.1686,184.12,0.1568,40.29,1.2123
RECHERCHE-010_x164352_y023040,RECHERCHE-010,train,"[0, 460, 181, 810]",47525.0,3,Class 3 (Hypertrophic / Atypical),92485.0,1289.81,0.6986,0.9926,0.7537,0.7335,182.44,0.1597,37.77,1.2191
RECHERCHE-010_x164352_y023040,RECHERCHE-010,train,"[700, 425, 1024, 1024]",160296.5,2,Class 2 (Global Sclerosis / Necrotic),115922.5,1378.14,0.767,0.9958,0.8245,0.6791,192.54,0.1346,40.72,1.1073
RECHERCHE-010_x165888_y023040,RECHERCHE-010,train,"[0, 425, 560, 1024]",273604.0,2,Class 2 (Global Sclerosis / Necrotic),162633.0,1547.34,0.8536,0.996,0.8142,0.9648,191.05,0.1386,41.26,1.112
RECHERCHE-010_x165888_y023040,RECHERCHE-010,train,"[983, 0, 1024, 53]",1494.5,5,Class 5,126400.5,1661.01,0.5757,0.9773,0.7191,0.8565,191.77,0.1303,30.11,1.127
RECHERCHE-010_x167424_y023040,RECHERCHE-010,train,"[215, 0, 686, 163]",57314.5,5,Class 5,68119.5,1141.43,0.657,0.9927,0.7502,1.8423,191.63,0.136,39.48,1.1222
RECHERCHE-010_x168960_y023040,RECHERCHE-010,train,"[565, 142, 1024, 683]",153206.0,5,Class 5,104130.0,1701.97,0.4517,0.863,0.6165,1.0098,186.99,0.1445,33.04,1.1882
RECHERCHE-010_x170496_y023040,RECHERCHE-010,train,"[0, 142, 458, 684]",138851.5,5,Class 5,94551.5,1692.5,0.4148,0.8355,0.5598,1.0098,189.94,0.138,34.93,1.162
RECHERCHE-010_x021504_y024576,RECHERCHE-010,train,"[318, 873, 641, 1024]",41868.0,1,Class 1 (Segmental Sclerosis),98526.0,1295.16,0.7381,0.9914,0.8592,1.4731,168.74,0.2006,43.27,1.2778
RECHERCHE-010_x021504_y024576,RECHERCHE-010,train,"[757, 383, 1024, 827]",98465.5,2,Class 2 (Global Sclerosis / Necrotic),113243.0,1336.72,0.7964,0.9943,0.8299,0.8078,181.3,0.169,47.4,1.1667
RECHERCHE-010_x023040_y024576,RECHERCHE-010,train,"[0, 383, 399, 827]",139332.0,4,Class 4,138279.5,1423.53,0.8575,0.994,0.7843,1.0438,183.57,0.1634,47.75,1.1537
RECHERCHE-010_x164352_y024576,RECHERCHE-010,train,"[702, 0, 1024, 265]",71250.5,4,Class 4,154843.5,1640.92,0.7227,0.9957,0.8362,1.1179,196.28,0.1258,40.59,1.096
RECHERCHE-010_x164352_y024576,RECHERCHE-010,train,"[0, 0, 107, 42]",2613.5,0,Class 0 (Normal / Preserved),67657.5,1374.81,0.4498,0.9756,0.6043,1.8653,193.68,0.132,39.38,1.1442
RECHERCHE-010_x165888_y024576,RECHERCHE-010,train,"[0, 0, 554, 265]",117822.0,5,Class 5,103827.5,1336.0,0.731,0.9962,0.8017,1.6056,192.89,0.1342,41.32,1.1071
RECHERCHE-010_x015360_y026112,RECHERCHE-010,train,"[588, 717, 1024, 1024]",105179.0,4,Class 4,131888.0,1477.64,0.7591,0.9946,0.7877,1.2364,179.3,0.1754,48.67,1.162
RECHERCHE-010_x016896_y026112,RECHERCHE-010,train,"[0, 718, 276, 1024]",56593.0,4,Class 4,131437.0,1648.84,0.6075,0.9942,0.6718,0.9451,175.32,0.1852,47.76,1.1832
RECHERCHE-010_x016896_y026112,RECHERCHE-010,train,"[797, 361, 1024, 739]",71292.0,2,Class 2 (Global Sclerosis / Necrotic),113074.0,1348.44,0.7815,0.9931,0.8287,0.8078,192.42,0.1388,44.36,1.1174
RECHERCHE-010_x018432_y026112,RECHERCHE-010,train,"[29, 361, 305, 739]",84878.0,2,Class 2 (Global Sclerosis / Necrotic),117017.0,1335.52,0.8244,0.9884,0.8111,0.854,188.85,0.1481,45.09,1.1307
RECHERCHE-010_x021504_y026112,RECHERCHE-010,train,"[318, 105, 641, 418]",80663.0,1,Class 1 (Segmental Sclerosis),130281.0,1429.23,0.8015,0.9895,0.7985,1.0353,167.73,0.2026,42.43,1.2813
RECHERCHE-010_x021504_y026112,RECHERCHE-010,train,"[799, 0, 1024, 59]",8757.5,5,Class 5,54466.5,1214.55,0.464,0.9844,0.6725,2.5562,192.97,0.1333,40.01,1.0985
RECHERCHE-010_x015360_y027648,RECHERCHE-010,train,"[588, 0, 1024, 514]",186379.5,2,Class 2 (Global Sclerosis / Necrotic),156824.0,1517.74,0.8555,0.9956,0.8307,0.9079,181.31,0.1683,46.79,1.1555
RECHERCHE-010_x016896_y027648,RECHERCHE-010,train,"[0, 0, 307, 514]",122656.0,2,Class 2 (Global Sclerosis / Necrotic),117390.5,1399.54,0.7531,0.9954,0.7778,0.7259,180.11,0.1711,46.64,1.1583
RECHERCHE-010_x006144_y029184,RECHERCHE-010,train,"[388, 982, 551, 1024]",4820.5,4,Class 4,51625.5,1125.58,0.5121,0.9788,0.7219,2.3621,182.46,0.1579,35.67,1.206
RECHERCHE-010_x006144_y029184,RECHERCHE-010,train,"[598, 937, 906, 1024]",18217.5,5,Class 5,52863.5,1099.69,0.5493,0.9885,0.6842,2.1862,183.65,0.1601,41.37,1.1952
RECHERCHE-010_x010752_y029184,RECHERCHE-010,train,"[859, 176, 1024, 687]",63347.5,2,Class 2 (Global Sclerosis / Necrotic),64487.0,1107.61,0.6606,0.9897,0.7508,0.5134,165.89,0.2153,49.35,1.2745
RECHERCHE-010_x012288_y029184,RECHERCHE-010,train,"[91, 171, 563, 700]",197132.5,4,Class 4,118703.0,1324.37,0.8505,0.9928,0.7887,0.8998,167.06,0.2094,47.26,1.2616
RECHERCHE-010_x013824_y029184,RECHERCHE-010,train,"[459, 525, 1024, 1024]",234120.5,2,Class 2 (Global Sclerosis / Necrotic),159565.0,1567.23,0.8164,0.9956,0.8309,1.0733,181.36,0.1683,47.26,1.1537
RECHERCHE-010_x015360_y029184,RECHERCHE-010,train,"[907, 584, 1024, 978]",32749.0,4,Class 4,57577.0,1094.84,0.6036,0.9923,0.713,0.4757,178.05,0.1779,47.48,1.1917
RECHERCHE-010_x015360_y029184,RECHERCHE-010,train,"[0, 544, 339, 1024]",125918.5,2,Class 2 (Global Sclerosis / Necrotic),130166.0,1501.9,0.7251,0.9964,0.7732,0.8132,183.37,0.1632,47.13,1.1517
RECHERCHE-010_x015360_y029184,RECHERCHE-010,train,"[410, 438, 804, 1024]",179630.0,5,Class 5,97451.0,1256.83,0.7752,0.9939,0.7788,0.6044,169.01,0.2012,45.09,1.2685
RECHERCHE-010_x016896_y029184,RECHERCHE-010,train,"[0, 628, 36, 941]",7254.0,4,Class 4,54736.5,1142.23,0.5272,0.9892,0.7014,0.4106,178.04,0.1758,45.55,1.1826
RECHERCHE-010_x016896_y029184,RECHERCHE-010,train,"[139, 582, 716, 1024]",179946.5,3,Class 3 (Hypertrophic / Atypical),112247.5,1338.7,0.7871,0.9808,0.7073,1.0541,169.54,0.2005,45.93,1.2458
RECHERCHE-010_x003072_y030720,RECHERCHE-010,train,"[389, 823, 664, 1024]",45942.5,3,Class 3 (Hypertrophic / Atypical),129268.5,1472.66,0.749,0.9918,0.8321,1.0873,187.75,0.144,34.37,1.1577
RECHERCHE-010_x006144_y030720,RECHERCHE-010,train,"[623, 886, 995, 1024]",29229.0,5,Class 5,56650.0,1188.98,0.5036,0.9259,0.5721,1.824,172.91,0.19,45.12,1.2345
RECHERCHE-010_x006144_y030720,RECHERCHE-010,train,"[272, 756, 552, 1024]",56207.5,3,Class 3 (Hypertrophic / Atypical),136392.5,1533.88,0.7285,0.9914,0.7511,0.9212,186.52,0.1486,36.92,1.1707
RECHERCHE-010_x006144_y030720,RECHERCHE-010,train,"[309, 594, 515, 758]",24741.0,1,Class 1 (Segmental Sclerosis),97747.0,1348.01,0.676,0.9819,0.7354,1.2585,179.5,0.1651,35.38,1.2042
RECHERCHE-010_x006144_y030720,RECHERCHE-010,train,"[216, 214, 583, 577]",98848.5,3,Class 3 (Hypertrophic / Atypical),123010.5,1403.16,0.7851,0.9834,0.7426,1.0099,177.55,0.172,36.72,1.2388
RECHERCHE-010_x006144_y030720,RECHERCHE-010,train,"[582, 169, 924, 517]",91263.0,3,Class 3 (Hypertrophic / Atypical),127130.0,1390.86,0.8258,0.9925,0.7675,0.9805,171.83,0.1888,37.97,1.2732
RECHERCHE-010_x007680_y030720,RECHERCHE-010,train,"[0, 930, 227, 1024]",14746.5,5,Class 5,80916.5,1361.52,0.5485,0.9907,0.6986,1.7953,176.56,0.1779,42.07,1.2306
RECHERCHE-010_x007680_y030720,RECHERCHE-010,train,"[269, 805, 598, 1024]",62791.5,3,Class 3 (Hypertrophic / Atypical),127133.5,1423.83,0.788,0.9943,0.8756,1.1521,185.57,0.1489,32.61,1.1996
RECHERCHE-010_x007680_y030720,RECHERCHE-010,train,"[1000, 741, 1024, 947]",3839.5,2,Class 2 (Global Sclerosis / Necrotic),97366.5,1448.98,0.5828,0.9894,0.6768,0.9362,180.03,0.1719,47.07,1.1833
RECHERCHE-010_x007680_y030720,RECHERCHE-010,train,"[431, 480, 984, 1024]",203851.5,4,Class 4,130395.5,1706.84,0.5625,0.8982,0.677,0.9511,172.39,0.1881,40.12,1.2548
RECHERCHE-010_x007680_y030720,RECHERCHE-010,train,"[0, 170, 156, 513]",39728.5,3,Class 3 (Hypertrophic / Atypical),83581.5,1244.26,0.6784,0.9919,0.7458,0.6699,180.39,0.1646,36.15,1.2163
RECHERCHE-010_x009216_y030720,RECHERCHE-010,train,"[232, 689, 542, 1021]",81222.0,4,Class 4,136902.0,1468.0,0.7983,0.9922,0.7908,0.8473,178.09,0.1705,37.63,1.2322
RECHERCHE-010_x009216_y030720,RECHERCHE-010,train,"[0, 499, 216, 1024]",81995.5,4,Class 4,83561.5,1446.71,0.5017,0.8822,0.7246,0.5595,175.4,0.1795,39.85,1.2485
RECHERCHE-010_x013824_y030720,RECHERCHE-010,train,"[467, 0, 1024, 453]",207629.0,2,Class 2 (Global Sclerosis / Necrotic),150936.0,1566.72,0.7727,0.9958,0.8229,1.1238,176.86,0.179,45.99,1.1768
RECHERCHE-010_x015360_y030720,RECHERCHE-010,train,"[907, 0, 1024, 210]",18350.0,1,Class 1 (Segmental Sclerosis),108156.0,1484.11,0.6171,0.9932,0.753,0.6908,167.61,0.2031,43.41,1.2525
RECHERCHE-010_x015360_y030720,RECHERCHE-010,train,"[410, 0, 804, 264]",85043.5,4,Class 4,120136.5,1402.2,0.7678,0.9944,0.8165,1.148,168.04,0.2042,45.24,1.2798
RECHERCHE-010_x015360_y030720,RECHERCHE-010,train,"[0, 0, 339, 453]",134124.0,4,Class 4,152553.0,1552.16,0.7957,0.9973,0.8731,0.844,179.96,0.1708,45.97,1.1658
RECHERCHE-010_x016896_y030720,RECHERCHE-010,train,"[139, 0, 712, 257]",108661.0,3,Class 3 (Hypertrophic / Atypical),81749.5,1203.11,0.7097,0.995,0.7376,1.5092,165.11,0.2121,44.22,1.2887
RECHERCHE-010_x016896_y030720,RECHERCHE-010,train,"[0, 0, 36, 173]",4786.0,1,Class 1 (Segmental Sclerosis),52866.0,1176.57,0.4799,0.9822,0.7904,0.3231,196.05,0.1318,46.5,1.0945
RECHERCHE-010_x003072_y032256,RECHERCHE-010,train,"[597, 626, 852, 839]",35635.0,0,Class 0 (Normal / Preserved),92039.0,1334.32,0.6496,0.963,0.6599,1.1994,167.01,0.2049,41.79,1.2699
RECHERCHE-010_x003072_y032256,RECHERCHE-010,train,"[389, 55, 664, 314]",54830.0,3,Class 3 (Hypertrophic / Atypical),122359.0,1436.18,0.7455,0.9904,0.7693,1.062,187.18,0.1459,35.35,1.1567
RECHERCHE-010_x004608_y032256,RECHERCHE-010,train,"[0, 633, 84, 796]",7698.5,0,Class 0 (Normal / Preserved),70165.5,1335.75,0.4942,0.9801,0.571,0.7275,155.63,0.2439,46.89,1.3332
RECHERCHE-010_x004608_y032256,RECHERCHE-010,train,"[534, 565, 939, 999]",129024.0,3,Class 3 (Hypertrophic / Atypical),121642.5,1350.09,0.8386,0.9947,0.7356,0.8779,191.13,0.1445,48.11,1.1168
RECHERCHE-010_x006144_y032256,RECHERCHE-010,train,"[0, 565, 171, 994]",59878.5,3,Class 3 (Hypertrophic / Atypical),86955.5,1243.97,0.7061,0.9943,0.8173,0.5781,184.71,0.1602,48.03,1.1386
RECHERCHE-010_x006144_y032256,RECHERCHE-010,train,"[623, 118, 1024, 541]",125303.5,3,Class 3 (Hypertrophic / Atypical),133479.0,1454.31,0.7931,0.9756,0.74,1.0782,184.86,0.1561,42.1,1.1805
RECHERCHE-010_x006144_y032256,RECHERCHE-010,train,"[272, 0, 552, 277]",57509.5,3,Class 3 (Hypertrophic / Atypical),137486.5,1540.51,0.728,0.9907,0.7437,0.9049,187.55,0.1459,36.96,1.1649
RECHERCHE-010_x007680_y032256,RECHERCHE-010,train,"[0, 162, 271, 541]",84787.5,3,Class 3 (Hypertrophic / Atypical),126634.5,1429.85,0.7784,0.9945,0.826,0.9075,187.28,0.1461,36.31,1.1781
RECHERCHE-010_x007680_y032256,RECHERCHE-010,train,"[269, 37, 598, 391]",98205.5,3,Class 3 (Hypertrophic / Atypical),133631.5,1416.85,0.8365,0.9921,0.8411,0.9137,188.07,0.1402,28.84,1.1826
RECHERCHE-010_x007680_y032256,RECHERCHE-010,train,"[1000, 0, 1024, 179]",3473.5,1,Class 1 (Segmental Sclerosis),105333.5,1541.52,0.557,0.9882,0.6701,0.766,181.41,0.1684,47.17,1.1726
RECHERCHE-010_x007680_y032256,RECHERCHE-010,train,"[504, 0, 984, 283]",83744.5,5,Class 5,85810.0,1404.69,0.5465,0.904,0.617,1.2927,176.74,0.1754,39.35,1.2343
RECHERCHE-010_x009216_y032256,RECHERCHE-010,train,"[232, 0, 542, 253]",65043.5,3,Class 3 (Hypertrophic / Atypical),137723.5,1495.71,0.7736,0.9933,0.8314,1.0099,178.21,0.17,37.16,1.2369
RECHERCHE-010_x009216_y032256,RECHERCHE-010,train,"[0, 0, 216, 283]",49852.5,4,Class 4,144934.5,1595.14,0.7158,0.9922,0.8171,0.8531,173.63,0.1877,44.55,1.2478
RECHERCHE-010_x064512_y032256,RECHERCHE-010,train,"[533, 87, 1024, 639]",228512.5,0,Class 0 (Normal / Preserved),146909.0,1470.35,0.8539,0.9955,0.8432,1.0416,185.66,0.1596,49.59,1.1309
RECHERCHE-010_x066048_y032256,RECHERCHE-010,train,"[0, 87, 324, 635]",137913.5,2,Class 2 (Global Sclerosis / Necrotic),104714.0,1312.32,0.7641,0.995,0.7758,0.8068,177.93,0.1789,48.72,1.1608
RECHERCHE-010_x004608_y033792,RECHERCHE-010,train,"[534, 0, 936, 231]",71358.5,3,Class 3 (Hypertrophic / Atypical),101777.5,1329.85,0.7232,0.9938,0.7667,1.2724,202.46,0.1141,43.04,1.0826
RECHERCHE-010_x006144_y033792,RECHERCHE-010,train,"[0, 0, 168, 226]",30510.0,5,Class 5,141228.0,1624.79,0.6723,0.9942,0.8086,0.8399,192.26,0.1402,46.46,1.112
RECHERCHE-010_x064512_y033792,RECHERCHE-010,train,"[792, 434, 1024, 920]",93199.5,2,Class 2 (Global Sclerosis / Necrotic),95459.5,1261.43,0.7539,0.995,0.8277,0.6895,170.17,0.2054,51.97,1.202
RECHERCHE-010_x064512_y033792,RECHERCHE-010,train,"[441, 330, 715, 640]",68897.0,2,Class 2 (Global Sclerosis / Necrotic),120086.0,1389.55,0.7815,0.9908,0.8133,0.8826,186.83,0.1554,47.18,1.1293
RECHERCHE-010_x066048_y033792,RECHERCHE-010,train,"[24, 434, 492, 922]",179162.5,2,Class 2 (Global Sclerosis / Necrotic),136627.5,1413.53,0.8593,0.9942,0.7842,1.0416,170.55,0.2061,53.57,1.1966
RECHERCHE-010_x066048_y035328,RECHERCHE-010,train,"[37, 0, 483, 154]",49486.0,4,Class 4,67942.0,1148.93,0.6468,0.9927,0.7235,1.9054,165.91,0.2204,54.31,1.2166
RECHERCHE-010_x067584_y035328,RECHERCHE-010,train,"[603, 469, 955, 781]",89041.0,4,Class 4,120683.0,1366.61,0.812,0.9904,0.8129,1.1267,192.68,0.1391,44.86,1.13
RECHERCHE-010_x069120_y035328,RECHERCHE-010,train,"[0, 469, 187, 781]",47234.0,0,Class 0 (Normal / Preserved),110709.0,1388.62,0.7215,0.9925,0.8129,0.8142,197.23,0.1308,47.73,1.1139
RECHERCHE-010_x066048_y036864,RECHERCHE-010,train,"[175, 609, 586, 1024]",140654.5,2,Class 2 (Global Sclerosis / Necrotic),151917.5,1482.61,0.8685,0.9955,0.8262,0.8921,176.63,0.1855,50.81,1.1793
RECHERCHE-010_x058368_y038400,RECHERCHE-010,train,"[717, 804, 1024, 1024]",59598.0,1,Class 1 (Segmental Sclerosis),149895.0,1580.88,0.7537,0.9963,0.8856,1.2231,175.15,0.1874,49.11,1.181
RECHERCHE-010_x059904_y038400,RECHERCHE-010,train,"[0, 804, 400, 1024]",70508.5,4,Class 4,114114.5,1413.09,0.7181,0.9957,0.8021,1.4615,177.58,0.181,49.09,1.1682
RECHERCHE-010_x064512_y038400,RECHERCHE-010,train,"[468, 324, 798, 619]",78220.5,2,Class 2 (Global Sclerosis / Necrotic),120574.5,1362.31,0.8164,0.9925,0.8037,1.126,161.98,0.2209,43.26,1.3205
RECHERCHE-010_x064512_y038400,RECHERCHE-010,train,"[943, 0, 1024, 243]",15026.5,2,Class 2 (Global Sclerosis / Necrotic),75888.5,1296.07,0.5677,0.9893,0.7705,0.4737,185.82,0.1594,49.03,1.1441
RECHERCHE-010_x066048_y038400,RECHERCHE-010,train,"[0, 356, 30, 544]",3909.5,4,Class 4,34208.5,1011.78,0.4199,0.9788,0.7184,0.2875,184.37,0.1614,48.04,1.1402
RECHERCHE-010_x066048_y038400,RECHERCHE-010,train,"[175, 0, 586, 291]",97785.0,4,Class 4,124828.0,1406.52,0.7929,0.996,0.8186,1.1078,176.28,0.1851,49.8,1.1821
RECHERCHE-010_x058368_y039936,RECHERCHE-010,train,"[715, 36, 1024, 595]",141792.0,2,Class 2 (Global Sclerosis / Necrotic),110602.0,1334.04,0.781,0.9959,0.8199,0.7262,174.12,0.1892,48.15,1.1836
RECHERCHE-010_x059904_y039936,RECHERCHE-010,train,"[0, 36, 443, 603]",201706.0,2,Class 2 (Global Sclerosis / Necrotic),136190.0,1430.43,0.8364,0.9953,0.802,0.9142,176.04,0.1837,47.84,1.1727
RECHERCHE-010_x049152_y041472,RECHERCHE-010,train,"[311, 942, 613, 1024]",20028.5,5,Class 5,60658.5,1115.32,0.6128,0.9903,0.8149,2.2473,182.0,0.1617,39.66,1.1665
RECHERCHE-010_x049152_y041472,RECHERCHE-010,train,"[623, 893, 976, 1024]",39287.5,3,Class 3 (Hypertrophic / Atypical),81743.5,1227.12,0.6822,0.9801,0.8541,1.7479,175.59,0.1791,37.95,1.2473
RECHERCHE-010_x050688_y041472,RECHERCHE-010,train,"[0, 898, 208, 1024]",22816.0,3,Class 3 (Hypertrophic / Atypical),133368.0,1542.02,0.7048,0.9898,0.8757,1.3653,183.88,0.1565,36.33,1.1997
RECHERCHE-010_x055296_y041472,RECHERCHE-010,train,"[133, 211, 635, 707]",197561.5,1,Class 1 (Segmental Sclerosis),131194.5,1404.33,0.836,0.9898,0.792,1.0099,162.97,0.2238,49.07,1.2708
RECHERCHE-010_x056832_y041472,RECHERCHE-010,train,"[537, 597, 1024, 1024]",185208.0,2,Class 2 (Global Sclerosis / Necrotic),170685.5,1631.09,0.8062,0.9931,0.8889,1.0782,174.72,0.1891,50.13,1.1656
RECHERCHE-010_x058368_y041472,RECHERCHE-010,train,"[977, 700, 1024, 1018]",13030.0,1,Class 1 (Segmental Sclerosis),80664.5,1401.32,0.5162,0.9899,0.7097,0.4336,176.74,0.1838,49.09,1.1949
RECHERCHE-010_x058368_y041472,RECHERCHE-010,train,"[0, 597, 422, 1024]",149416.5,2,Class 2 (Global Sclerosis / Necrotic),170789.5,1689.57,0.7518,0.9965,0.8286,0.9956,174.97,0.1893,50.97,1.1646
RECHERCHE-010_x058368_y041472,RECHERCHE-010,train,"[502, 508, 898, 1024]",168533.5,4,Class 4,118052.5,1361.34,0.8005,0.9933,0.8237,0.6923,159.09,0.2329,46.51,1.333
RECHERCHE-010_x059904_y041472,RECHERCHE-010,train,"[209, 684, 676, 1024]",137568.0,4,Class 4,133783.0,1437.61,0.8134,0.9945,0.8657,1.0931,162.09,0.2269,49.59,1.2801
RECHERCHE-010_x059904_y041472,RECHERCHE-010,train,"[0, 520, 130, 1024]",46141.5,4,Class 4,65343.5,1030.61,0.7731,0.9938,0.9345,0.7566,167.04,0.2121,50.13,1.2482
RECHERCHE-010_x046080_y043008,RECHERCHE-010,train,"[448, 784, 686, 1022]",46383.0,3,Class 3 (Hypertrophic / Atypical),151619.0,1607.87,0.737,0.9893,0.8201,0.9049,181.41,0.1626,38.05,1.1801
RECHERCHE-010_x049152_y043008,RECHERCHE-010,train,"[687, 862, 1024, 1024]",37931.5,5,Class 5,89933.5,1404.32,0.5731,0.9549,0.696,1.6021,168.4,0.2049,46.6,1.2739
RECHERCHE-010_x049152_y043008,RECHERCHE-010,train,"[313, 705, 584, 995]",55639.0,3,Class 3 (Hypertrophic / Atypical),113381.0,1404.35,0.7224,0.9899,0.7065,0.9141,182.91,0.1572,36.46,1.1929
RECHERCHE-010_x049152_y043008,RECHERCHE-010,train,"[271, 174, 629, 529]",104753.0,3,Class 3 (Hypertrophic / Atypical),137272.0,1433.52,0.8394,0.9934,0.8246,1.0049,174.61,0.1806,38.47,1.2306
RECHERCHE-010_x049152_y043008,RECHERCHE-010,train,"[623, 125, 981, 479]",108919.0,3,Class 3 (Hypertrophic / Atypical),143048.0,1486.32,0.8137,0.9879,0.8594,1.0148,169.45,0.1961,38.57,1.2802
RECHERCHE-010_x050688_y043008,RECHERCHE-010,train,"[0, 868, 279, 1024]",27843.0,5,Class 5,92668.0,1450.13,0.5538,0.9819,0.6445,1.4399,171.81,0.1948,45.95,1.2553
RECHERCHE-010_x050688_y043008,RECHERCHE-010,train,"[316, 784, 686, 1024]",75229.0,3,Class 3 (Hypertrophic / Atypical),121562.0,1387.96,0.793,0.9936,0.8451,1.1743,177.27,0.1713,34.09,1.2395
RECHERCHE-010_x050688_y043008,RECHERCHE-010,train,"[681, 771, 1003, 1012]",61043.0,3,Class 3 (Hypertrophic / Atypical),125271.0,1437.01,0.7623,0.9921,0.7895,1.1653,164.0,0.216,44.12,1.3092
RECHERCHE-010_x050688_y043008,RECHERCHE-010,train,"[478, 423, 989, 759]",140697.5,3,Class 3 (Hypertrophic / Atypical),94633.5,1219.19,0.8,0.993,0.82,1.5948,163.49,0.2149,41.17,1.306
RECHERCHE-010_x050688_y043008,RECHERCHE-010,train,"[0, 130, 213, 479]",66127.5,3,Class 3 (Hypertrophic / Atypical),122484.5,1413.95,0.7699,0.9933,0.8913,0.8215,175.07,0.1795,36.55,1.2492
RECHERCHE-010_x052224_y043008,RECHERCHE-010,train,"[0, 771, 235, 1012]",49767.0,3,Class 3 (Hypertrophic / Atypical),172797.0,1682.82,0.7668,0.9938,0.8827,1.0298,158.55,0.2322,43.76,1.3626
RECHERCHE-010_x052224_y043008,RECHERCHE-010,train,"[312, 674, 605, 975]",73674.5,4,Class 4,136079.5,1448.08,0.8155,0.9923,0.8381,0.9707,171.31,0.1895,37.68,1.268
RECHERCHE-010_x052224_y043008,RECHERCHE-010,train,"[0, 423, 221, 759]",60092.5,3,Class 3 (Hypertrophic / Atypical),117582.5,1410.11,0.7431,0.9936,0.8121,0.8655,170.21,0.1953,39.75,1.2783
RECHERCHE-010_x056832_y043008,RECHERCHE-010,train,"[537, 0, 1024, 494]",205503.0,2,Class 2 (Global Sclerosis / Necrotic),175465.0,1684.98,0.7766,0.9936,0.8551,0.9912,169.77,0.2008,48.09,1.1962
RECHERCHE-010_x058368_y043008,RECHERCHE-010,train,"[977, 0, 1024, 250]",10567.5,1,Class 1 (Segmental Sclerosis),55593.5,1159.36,0.5198,0.9846,0.9167,0.2917,181.86,0.1682,47.35,1.1578
RECHERCHE-010_x058368_y043008,RECHERCHE-010,train,"[502, 0, 898, 346]",109219.0,1,Class 1 (Segmental Sclerosis),137778.0,1504.67,0.7647,0.9929,0.7983,0.9692,156.38,0.2411,46.33,1.3589
RECHERCHE-010_x058368_y043008,RECHERCHE-010,train,"[0, 0, 422, 494]",183991.5,2,Class 2 (Global Sclerosis / Necrotic),167144.0,1605.61,0.8147,0.9972,0.8831,0.9143,170.35,0.2008,49.62,1.1943
RECHERCHE-010_x059904_y043008,RECHERCHE-010,train,"[209, 0, 676, 329]",132230.0,3,Class 3 (Hypertrophic / Atypical),130631.0,1416.24,0.8184,0.995,0.859,1.1108,159.45,0.2337,48.21,1.3053
RECHERCHE-010_x059904_y043008,RECHERCHE-010,train,"[0, 0, 130, 319]",26400.0,1,Class 1 (Segmental Sclerosis),73778.0,1331.16,0.5232,0.9915,0.6409,0.556,169.49,0.2052,49.99,1.2445
RECHERCHE-010_x046080_y044544,RECHERCHE-010,train,"[605, 534, 902, 830]",61405.0,0,Class 0 (Normal / Preserved),116735.0,1421.8,0.7257,0.9879,0.7013,1.0049,183.15,0.1646,45.92,1.1566
RECHERCHE-010_x046080_y044544,RECHERCHE-010,train,"[448, 16, 686, 254]",46383.0,3,Class 3 (Hypertrophic / Atypical),144061.0,1561.87,0.7421,0.9896,0.821,0.9534,181.43,0.1626,38.05,1.1801
RECHERCHE-010_x047616_y044544,RECHERCHE-010,train,"[0, 534, 134, 804]",27106.5,3,Class 3 (Hypertrophic / Atypical),89652.5,1300.52,0.6661,0.9915,0.7533,0.7115,189.28,0.1507,47.71,1.1219
RECHERCHE-010_x047616_y044544,RECHERCHE-010,train,"[557, 476, 990, 938]",140527.5,3,Class 3 (Hypertrophic / Atypical),118159.5,1350.72,0.8139,0.9821,0.7029,1.0049,186.17,0.1577,48.7,1.1353
RECHERCHE-010_x049152_y044544,RECHERCHE-010,train,"[0, 476, 222, 938]",82520.0,3,Class 3 (Hypertrophic / Atypical),93753.0,1229.35,0.7795,0.9936,0.8043,0.6968,181.53,0.1686,47.86,1.1543
RECHERCHE-010_x049152_y044544,RECHERCHE-010,train,"[682, 94, 1024, 498]",105816.5,3,Class 3 (Hypertrophic / Atypical),129787.5,1480.1,0.7445,0.9798,0.7665,1.0024,178.57,0.1735,42.73,1.2188
RECHERCHE-010_x049152_y044544,RECHERCHE-010,train,"[314, 0, 584, 227]",45704.0,3,Class 3 (Hypertrophic / Atypical),126177.0,1502.93,0.702,0.9922,0.747,0.9903,186.14,0.1485,35.31,1.1833
RECHERCHE-010_x050688_y044544,RECHERCHE-010,train,"[0, 100, 323, 498]",96981.0,3,Class 3 (Hypertrophic / Atypical),124793.0,1439.23,0.7571,0.9922,0.7552,0.9878,180.44,0.1664,39.95,1.2083
RECHERCHE-010_x050688_y044544,RECHERCHE-010,train,"[316, 16, 686, 330]",93104.0,3,Class 3 (Hypertrophic / Atypical),130806.0,1414.83,0.8212,0.9922,0.7997,1.0327,181.48,0.158,31.0,1.2176
RECHERCHE-010_x050688_y044544,RECHERCHE-010,train,"[681, 3, 1003, 244]",61043.0,3,Class 3 (Hypertrophic / Atypical),128793.0,1459.01,0.7603,0.9919,0.7882,1.1316,160.38,0.2251,42.69,1.3388
RECHERCHE-010_x052224_y044544,RECHERCHE-010,train,"[0, 3, 235, 244]",49767.0,3,Class 3 (Hypertrophic / Atypical),178434.0,1710.82,0.7661,0.9939,0.8831,0.9978,157.12,0.2356,42.61,1.3799
RECHERCHE-010_x052224_y044544,RECHERCHE-010,train,"[312, 0, 605, 207]",53744.0,1,Class 1 (Segmental Sclerosis),134330.0,1477.85,0.7729,0.9939,0.8877,1.1054,171.97,0.1881,38.2,1.2676
RECHERCHE-010_x047616_y046080,RECHERCHE-010,train,"[557, 0, 987, 170]",52522.5,3,Class 3 (Hypertrophic / Atypical),74981.5,1188.48,0.6671,0.9931,0.7223,1.7154,201.95,0.1155,43.18,1.081
RECHERCHE-010_x047616_y046080,RECHERCHE-010,train,"[0, 0, 52, 36]",894.5,1,Class 1 (Segmental Sclerosis),86734.5,1633.5,0.4085,0.9596,0.511,1.2466,154.81,0.2621,62.96,1.0759
RECHERCHE-010_x049152_y046080,RECHERCHE-010,train,"[0, 0, 219, 170]",29880.5,5,Class 5,144655.5,1630.15,0.6841,0.9932,0.8072,1.1603,198.6,0.1244,44.8,1.0936
RECHERCHE-010_x147456_y046080,RECHERCHE-010,train,"[792, 580, 1024, 911]",65864.5,3,Class 3 (Hypertrophic / Atypical),129513.5,1457.69,0.7659,0.9943,0.8586,0.8929,194.8,0.1249,31.91,1.1316
RECHERCHE-010_x144384_y047616,RECHERCHE-010,train,"[850, 866, 1024, 1024]",21123.5,3,Class 3 (Hypertrophic / Atypical),151025.5,1701.32,0.6557,0.9828,0.7736,1.0558,207.79,0.0923,22.24,1.091
RECHERCHE-010_x144384_y047616,RECHERCHE-010,train,"[935, 466, 1024, 732]",15723.0,0,Class 0 (Normal / Preserved),59144.0,1168.33,0.5445,0.9859,0.6693,0.5231,207.85,0.0991,38.68,1.0534
RECHERCHE-010_x144384_y047616,RECHERCHE-010,train,"[235, 110, 693, 452]",125540.0,3,Class 3 (Hypertrophic / Atypical),101351.5,1248.31,0.8173,0.9889,0.802,1.3236,197.08,0.1193,30.8,1.1326
RECHERCHE-010_x145920_y047616,RECHERCHE-010,train,"[352, 1011, 431, 1024]",466.0,5,Class 5,52283.5,1383.5,0.3433,0.9637,0.5319,0.375,186.46,0.1443,29.71,1.1965
RECHERCHE-010_x145920_y047616,RECHERCHE-010,train,"[573, 1008, 782, 1024]",1828.0,5,Class 5,14068.0,912.43,0.2123,0.9456,0.593,7.0517,192.02,0.1319,34.48,1.0781
RECHERCHE-010_x145920_y047616,RECHERCHE-010,train,"[82, 866, 403, 1024]",35393.5,5,Class 5,82754.5,1271.09,0.6437,0.9763,0.7025,1.4201,202.22,0.1067,28.24,1.1067
RECHERCHE-010_x145920_y047616,RECHERCHE-010,train,"[865, 554, 1024, 823]",36153.5,3,Class 3 (Hypertrophic / Atypical),113701.5,1401.46,0.7275,0.9922,0.8476,0.802,201.66,0.1087,29.9,1.0955
RECHERCHE-010_x145920_y047616,RECHERCHE-010,train,"[167, 415, 695, 871]",136647.0,2,Class 2 (Global Sclerosis / Necrotic),82077.5,1502.44,0.4569,0.8565,0.5685,1.1586,200.11,0.1138,33.85,1.1071
RECHERCHE-010_x145920_y047616,RECHERCHE-010,train,"[447, 346, 747, 605]",60725.5,3,Class 3 (Hypertrophic / Atypical),113640.5,1354.71,0.7781,0.9907,0.7833,1.1643,195.02,0.1269,36.84,1.1189
RECHERCHE-010_x147456_y047616,RECHERCHE-010,train,"[592, 960, 908, 1024]",14972.0,4,Class 4,81208.5,1361.23,0.5507,0.99,0.6629,2.0408,202.94,0.1073,33.47,1.0968
RECHERCHE-010_x147456_y047616,RECHERCHE-010,train,"[97, 554, 383, 823]",61487.0,3,Class 3 (Hypertrophic / Atypical),126331.0,1425.84,0.7809,0.9912,0.8023,1.0623,203.27,0.1047,28.95,1.0904
RECHERCHE-010_x147456_y047616,RECHERCHE-010,train,"[541, 526, 990, 904]",125763.5,3,Class 3 (Hypertrophic / Atypical),108795.5,1282.01,0.8318,0.9925,0.7403,1.2348,201.23,0.1119,34.84,1.1086
RECHERCHE-010_x147456_y047616,RECHERCHE-010,train,"[794, 0, 1024, 143]",29342.0,3,Class 3 (Hypertrophic / Atypical),138981.0,1553.2,0.724,0.9957,0.8977,1.3314,195.13,0.1224,27.24,1.1578
RECHERCHE-010_x148992_y047616,RECHERCHE-010,train,"[0, 960, 140, 1024]",5122.0,4,Class 4,72402.0,1412.51,0.456,0.9833,0.5842,1.663,199.71,0.1138,34.41,1.0559
RECHERCHE-010_x148992_y047616,RECHERCHE-010,train,"[0, 526, 222, 902]",64358.5,3,Class 3 (Hypertrophic / Atypical),104102.5,1335.51,0.7335,0.9931,0.7736,0.8044,201.4,0.113,37.42,1.1138
RECHERCHE-010_x148992_y047616,RECHERCHE-010,train,"[26, 0, 352, 143]",38712.5,3,Class 3 (Hypertrophic / Atypical),94489.5,1298.58,0.7041,0.9929,0.8327,1.5918,201.75,0.1081,29.6,1.1217
RECHERCHE-010_x144384_y049152,RECHERCHE-010,train,"[810, 544, 1024, 855]",49209.5,5,Class 5,110292.5,1411.37,0.6958,0.972,0.7408,0.89,196.63,0.1185,25.98,1.1368
RECHERCHE-010_x144384_y049152,RECHERCHE-010,train,"[840, 98, 1024, 546]",62569.0,0,Class 0 (Normal / Preserved),78614.0,1400.3,0.5038,0.9298,0.7597,0.6186,200.96,0.1096,28.66,1.11
RECHERCHE-010_x145920_y049152,RECHERCHE-010,train,"[42, 544, 377, 855]",73244.0,3,Class 3 (Hypertrophic / Atypical),109514.0,1367.46,0.736,0.9671,0.7028,1.0735,196.39,0.1199,27.88,1.1366
RECHERCHE-010_x145920_y049152,RECHERCHE-010,train,"[72, 98, 828, 546]",209149.5,2,Class 2 (Global Sclerosis / Necrotic),74624.0,1681.39,0.3317,0.8226,0.6148,1.4533,197.74,0.1172,29.34,1.1276
RECHERCHE-010_x145920_y049152,RECHERCHE-010,train,"[868, 0, 1024, 55]",6797.0,4,Class 4,82763.0,1335.25,0.5833,0.9879,0.8084,2.0044,203.81,0.1041,30.73,1.0993
RECHERCHE-010_x145920_y049152,RECHERCHE-010,train,"[363, 0, 685, 103]",25779.0,5,Class 5,67083.0,1153.99,0.633,0.9918,0.781,1.9665,200.38,0.112,30.92,1.114
RECHERCHE-010_x147456_y049152,RECHERCHE-010,train,"[0, 253, 60, 474]",8028.5,5,Class 5,46174.5,1117.32,0.4648,0.9814,0.6169,0.4474,194.7,0.1269,34.79,1.1236
RECHERCHE-010_x147456_y049152,RECHERCHE-010,train,"[528, 192, 958, 645]",150209.5,3,Class 3 (Hypertrophic / Atypical),123049.0,1353.48,0.8441,0.9935,0.7694,0.956,187.81,0.144,35.67,1.1784
RECHERCHE-010_x147456_y049152,RECHERCHE-010,train,"[541, 0, 961, 136]",38577.0,4,Class 4,62701.0,1087.45,0.6663,0.9918,0.7751,1.7664,197.84,0.12,35.66,1.12
RECHERCHE-010_x147456_y049152,RECHERCHE-010,train,"[100, 0, 338, 55]",9371.0,5,Class 5,47747.0,1084.79,0.5099,0.9857,0.7296,2.5562,202.2,0.1074,30.5,1.102
RECHERCHE-010_x148992_y049152,RECHERCHE-010,train,"[0, 192, 190, 641]",60828.0,4,Class 4,75863.5,1194.34,0.6683,0.9926,0.7162,0.6333,186.49,0.1466,34.48,1.1892
RECHERCHE-010_x148992_y049152,RECHERCHE-010,train,"[0, 0, 193, 134]",17852.5,4,Class 4,116089.5,1570.63,0.5914,0.9917,0.6975,1.2493,208.53,0.0953,33.14,1.0896
RECHERCHE-010_x144384_y050688,RECHERCHE-010,train,"[484, 872, 808, 1024]",36199.5,0,Class 0 (Normal / Preserved),84623.5,1274.66,0.6545,0.9917,0.738,1.4731,199.8,0.1129,31.59,1.1165
RECHERCHE-010_x144384_y050688,RECHERCHE-010,train,"[978, 524, 1024, 773]",7253.5,5,Class 5,34657.5,1035.58,0.4061,0.9773,0.6468,0.3203,198.71,0.1173,35.21,1.0869
RECHERCHE-010_x144384_y050688,RECHERCHE-010,train,"[836, 0, 1024, 87]",9652.0,5,Class 5,75322.0,1409.97,0.4761,0.955,0.5989,1.639,191.24,0.1313,26.5,1.1609
RECHERCHE-010_x145920_y050688,RECHERCHE-010,train,"[0, 959, 40, 1024]",1493.0,5,Class 5,92168.0,1555.74,0.4785,0.973,0.6029,0.7385,193.04,0.132,38.35,1.0951
RECHERCHE-010_x145920_y050688,RECHERCHE-010,train,"[210, 499, 513, 773]",59133.5,3,Class 3 (Hypertrophic / Atypical),108350.5,1378.51,0.7165,0.9867,0.7141,1.1024,193.57,0.1278,31.58,1.1338
RECHERCHE-010_x145920_y050688,RECHERCHE-010,train,"[68, 0, 351, 87]",14588.5,5,Class 5,49899.5,1136.72,0.4853,0.9639,0.5981,2.0246,189.5,0.1365,28.77,1.1678
RECHERCHE-010_x144384_y052224,RECHERCHE-010,train,"[484, 104, 835, 551]",126468.0,0,Class 0 (Normal / Preserved),105949.0,1263.86,0.8335,0.9938,0.807,0.7848,200.33,0.1126,33.08,1.1172
RECHERCHE-010_x148992_y052224,RECHERCHE-010,train,"[341, 375, 976, 958]",273927.5,0,Class 0 (Normal / Preserved),124770.0,1367.02,0.839,0.9942,0.7396,1.0758,202.88,0.108,36.1,1.0764
RECHERCHE-010_x144384_y053760,RECHERCHE-010,train,"[667, 414, 1024, 818]",113289.0,4,Class 4,136697.0,1445.74,0.8218,0.9947,0.7844,1.0316,191.44,0.1356,37.49,1.1224
RECHERCHE-010_x145920_y053760,RECHERCHE-010,train,"[0, 414, 314, 818]",105127.5,4,Class 4,133678.5,1418.31,0.8351,0.9948,0.8276,0.9562,190.85,0.1375,38.09,1.127
RECHERCHE-010_x148992_y053760,RECHERCHE-010,train,"[466, 391, 816, 746]",90117.5,4,Class 4,120137.5,1371.53,0.8026,0.9837,0.7253,0.9805,192.75,0.1315,36.21,1.1167
RECHERCHE-010_x148992_y053760,RECHERCHE-010,train,"[357, 0, 937, 190]",78756.0,0,Class 0 (Normal / Preserved),62284.5,1104.68,0.6414,0.993,0.715,1.9202,202.77,0.1081,35.87,1.0777
RECHERCHE-010_x145920_y055296,RECHERCHE-010,train,"[360, 889, 665, 1024]",31637.0,4,Class 4,84537.0,1257.79,0.6715,0.9915,0.7741,1.5318,196.1,0.1223,33.06,1.1368
RECHERCHE-010_x145920_y055296,RECHERCHE-010,train,"[33, 0, 243, 50]",7909.0,0,Class 0 (Normal / Preserved),51787.0,1101.14,0.5367,0.9825,0.7637,2.4909,203.94,0.1055,34.71,1.0838
RECHERCHE-010_x145920_y056832,RECHERCHE-010,train,"[360, 121, 684, 397]",66389.5,4,Class 4,106184.5,1315.08,0.7716,0.9905,0.7403,1.1777,198.08,0.1173,32.18,1.1255
RECHERCHE-010_x148992_y056832,RECHERCHE-010,train,"[716, 738, 1024, 1024]",74299.5,4,Class 4,167448.5,1686.37,0.7399,0.9959,0.846,1.046,191.51,0.136,39.16,1.1076
RECHERCHE-010_x150528_y056832,RECHERCHE-010,train,"[0, 737, 560, 1024]",143210.0,4,Class 4,120503.5,1383.09,0.7916,0.9964,0.8898,1.5354,194.47,0.1295,39.91,1.099
RECHERCHE-010_x148992_y058368,RECHERCHE-010,train,"[716, 0, 1024, 507]",130374.0,4,Class 4,127188.0,1416.67,0.7964,0.9962,0.8351,0.7325,188.3,0.1433,38.5,1.1214
RECHERCHE-010_x150528_y058368,RECHERCHE-010,train,"[433, 812, 1024, 1024]",90150.5,4,Class 4,74476.0,1237.81,0.6108,0.9947,0.7179,1.9956,191.67,0.1362,40.25,1.1072
RECHERCHE-010_x150528_y058368,RECHERCHE-010,train,"[0, 0, 560, 507]",232808.0,4,Class 4,160510.5,1553.02,0.8363,0.9965,0.8186,1.0605,191.6,0.136,39.56,1.1097
RECHERCHE-010_x152064_y058368,RECHERCHE-010,train,"[0, 812, 374, 1024]",68474.0,4,Class 4,125584.0,1464.33,0.736,0.9949,0.8652,1.4263,198.76,0.1188,38.89,1.0789
RECHERCHE-010_x150528_y059904,RECHERCHE-010,train,"[423, 44, 1024, 627]",287183.0,2,Class 2 (Global Sclerosis / Necrotic),156289.0,1555.03,0.8122,0.9954,0.8178,1.0833,188.71,0.1432,40.04,1.1229
RECHERCHE-010_x152064_y059904,RECHERCHE-010,train,"[0, 44, 374, 606]",162082.0,2,Class 2 (Global Sclerosis / Necrotic),116947.0,1389.29,0.7614,0.9953,0.7729,0.8376,193.25,0.1319,39.3,1.1045
RECHERCHE-010_x153600_y059904,RECHERCHE-010,train,"[475, 0, 982, 316]",139620.5,0,Class 0 (Normal / Preserved),126080.0,1397.13,0.8117,0.9953,0.872,1.2434,217.06,0.0752,30.67,1.0258
RECHERCHE-010_x155136_y059904,RECHERCHE-010,train,"[0, 0, 214, 316]",60494.0,0,Class 0 (Normal / Preserved),147335.0,1563.56,0.7573,0.9955,0.897,0.7934,221.34,0.065,26.32,1.0176
RECHERCHE-010_x153600_y062976,RECHERCHE-010,train,"[566, 214, 1024, 1024]",280894.5,2,Class 2 (Global Sclerosis / Necrotic),109416.0,1528.72,0.5883,0.9336,0.7538,0.7011,186.8,0.1481,39.99,1.1309
RECHERCHE-010_x155136_y062976,RECHERCHE-010,train,"[918, 350, 1024, 757]",27264.0,2,Class 2 (Global Sclerosis / Necrotic),45792.0,1042.98,0.529,0.9896,0.6361,0.4303,200.4,0.1153,39.51,1.067
RECHERCHE-010_x155136_y062976,RECHERCHE-010,train,"[0, 214, 473, 1024]",275649.0,2,Class 2 (Global Sclerosis / Necrotic),106519.0,1652.95,0.4899,0.8765,0.7181,0.7165,186.81,0.1476,38.99,1.1411
RECHERCHE-010_x156672_y062976,RECHERCHE-010,train,"[150, 240, 689, 780]",224351.5,2,Class 2 (Global Sclerosis / Necrotic),128706.0,1385.97,0.842,0.9939,0.7694,1.0,199.91,0.1165,39.6,1.0755
RECHERCHE-010_x158208_y062976,RECHERCHE-010,train,"[293, 408, 834, 974]",240939.0,0,Class 0 (Normal / Preserved),129866.5,1387.1,0.8482,0.9925,0.7871,0.9265,206.71,0.0994,36.05,1.0596
RECHERCHE-010_x153600_y064512,RECHERCHE-010,train,"[590, 0, 1024, 340]",72367.0,5,Class 5,88311.0,1746.93,0.3636,0.7674,0.4914,1.1519,186.95,0.1454,35.14,1.1625
RECHERCHE-010_x155136_y064512,RECHERCHE-010,train,"[0, 0, 473, 340]",115001.5,5,Class 5,121783.0,1615.95,0.5861,0.909,0.7141,1.2193,186.41,0.146,33.28,1.1789
RECHERCHE-010_x158208_y064512,RECHERCHE-010,train,"[601, 572, 1024, 1024]",172808.5,4,Class 4,180161.5,1646.68,0.8349,0.9977,0.904,0.9626,190.56,0.1399,41.68,1.1164
RECHERCHE-010_x158208_y064512,RECHERCHE-010,train,"[295, 0, 816, 206]",72308.0,2,Class 2 (Global Sclerosis / Necrotic),68092.0,1140.81,0.6575,0.9934,0.6768,1.6626,202.19,0.1103,37.66,1.0744
RECHERCHE-010_x159744_y064512,RECHERCHE-010,train,"[0, 572, 298, 1024]",126598.5,4,Class 4,151345.5,1546.63,0.7951,0.9968,0.9396,0.778,193.68,0.1318,40.8,1.1053
RECHERCHE-010_x159744_y064512,RECHERCHE-010,train,"[0, 0, 48, 67]",1776.5,3,Class 3 (Hypertrophic / Atypical),98456.5,1630.47,0.4654,0.9735,0.5763,0.8144,199.53,0.1141,33.41,1.0793
RECHERCHE-010_x153600_y066048,RECHERCHE-010,train,"[865, 462, 1024, 844]",44904.0,0,Class 0 (Normal / Preserved),77438.0,1198.3,0.6777,0.992,0.7396,0.6259,189.0,0.1429,38.84,1.1737
RECHERCHE-010_x155136_y066048,RECHERCHE-010,train,"[966, 693, 1024, 1024]",13674.0,2,Class 2 (Global Sclerosis / Necrotic),41044.0,1096.25,0.4292,0.9843,0.7217,0.2747,199.57,0.1167,38.19,1.0698
RECHERCHE-010_x155136_y066048,RECHERCHE-010,train,"[97, 457, 482, 850]",121439.5,3,Class 3 (Hypertrophic / Atypical),132002.5,1385.79,0.8638,0.9948,0.8048,0.9804,186.91,0.1482,38.67,1.1812
RECHERCHE-010_x156672_y066048,RECHERCHE-010,train,"[198, 559, 845, 1024]",249130.0,2,Class 2 (Global Sclerosis / Necrotic),126362.5,1382.51,0.8308,0.9955,0.8283,1.0965,189.89,0.1408,40.47,1.1119
RECHERCHE-010_x158208_y066048,RECHERCHE-010,train,"[0, 687, 77, 1024]",18754.0,5,Class 5,52716.0,1158.39,0.4937,0.9874,0.7287,0.3495,201.65,0.1107,35.92,1.0632
RECHERCHE-010_x158208_y066048,RECHERCHE-010,train,"[601, 0, 1024, 426]",150037.0,3,Class 3 (Hypertrophic / Atypical),171880.0,1640.61,0.8025,0.9965,0.8321,0.9934,189.01,0.1435,41.47,1.1253
RECHERCHE-010_x159744_y066048,RECHERCHE-010,train,"[852, 502, 1024, 913]",53595.5,5,Class 5,79920.5,1202.88,0.6941,0.9932,0.7596,0.6229,189.46,0.1369,30.97,1.1598
RECHERCHE-010_x159744_y066048,RECHERCHE-010,train,"[0, 0, 298, 426]",110874.0,2,Class 2 (Global Sclerosis / Necrotic),146704.0,1540.9,0.7764,0.9962,0.8742,0.807,191.36,0.1376,41.12,1.1157
RECHERCHE-010_x161280_y066048,RECHERCHE-010,train,"[84, 502, 732, 1024]",203058.5,5,Class 5,98332.0,1639.14,0.4599,0.8925,0.5996,1.02,192.44,0.1298,31.16,1.1431
RECHERCHE-010_x156672_y067584,RECHERCHE-010,train,"[198, 0, 845, 413]",221917.0,2,Class 2 (Global Sclerosis / Necrotic),117745.5,1356.28,0.8044,0.9954,0.8296,1.1787,189.67,0.1421,41.43,1.1121
RECHERCHE-010_x161280_y067584,RECHERCHE-010,train,"[105, 0, 732, 339]",130670.0,5,Class 5,77949.5,1497.22,0.437,0.8919,0.6148,1.3194,192.47,0.1301,32.23,1.1346
RECHERCHE-011_x029184_y003072,RECHERCHE-011,train,"[784, 345, 1024, 741]",74842.5,5,Class 5,107901.5,1344.0,0.7507,0.9936,0.7884,0.8102,183.91,0.1536,35.65,1.2046
RECHERCHE-011_x030720_y003072,RECHERCHE-011,train,"[16, 345, 384, 741]",111272.0,3,Class 3 (Hypertrophic / Atypical),131873.0,1401.43,0.8438,0.9938,0.7639,1.0219,185.96,0.1493,37.4,1.1829
RECHERCHE-011_x024576_y004608,RECHERCHE-011,train,"[721, 886, 1024, 1024]",33557.0,4,Class 4,100062.0,1365.65,0.6742,0.9937,0.8073,1.663,195.93,0.1275,40.57,1.1141
RECHERCHE-011_x024576_y004608,RECHERCHE-011,train,"[485, 453, 920, 785]",117246.0,0,Class 0 (Normal / Preserved),104097.0,1242.49,0.8473,0.9918,0.8092,1.3131,197.56,0.1237,41.48,1.0995
RECHERCHE-011_x026112_y004608,RECHERCHE-011,train,"[0, 886, 293, 1024]",32355.5,4,Class 4,102390.5,1389.26,0.6667,0.9929,0.8037,1.625,195.8,0.1276,40.37,1.1115
RECHERCHE-011_x026112_y004608,RECHERCHE-011,train,"[0, 476, 152, 785]",38447.5,2,Class 2 (Global Sclerosis / Necrotic),97385.5,1310.23,0.7129,0.9931,0.8211,0.709,187.08,0.1503,43.0,1.1392
RECHERCHE-011_x024576_y006144,RECHERCHE-011,train,"[269, 759, 639, 1024]",81618.5,2,Class 2 (Global Sclerosis / Necrotic),127201.5,1438.4,0.7726,0.9949,0.832,1.1048,186.53,0.1549,46.69,1.1391
RECHERCHE-011_x024576_y006144,RECHERCHE-011,train,"[719, 118, 1024, 474]",89491.5,4,Class 4,140894.5,1477.19,0.8114,0.9939,0.8241,1.0122,195.19,0.1304,42.51,1.112
RECHERCHE-011_x024576_y006144,RECHERCHE-011,train,"[613, 0, 863, 17]",3186.0,4,Class 4,21079.0,678.57,0.5753,0.9822,0.7086,1.5396,201.65,0.1162,42.09,1.1037
RECHERCHE-011_x026112_y006144,RECHERCHE-011,train,"[0, 118, 298, 474]",89715.0,4,Class 4,142685.0,1477.15,0.8217,0.9937,0.8447,1.0,195.87,0.1285,42.23,1.1091
RECHERCHE-011_x026112_y006144,RECHERCHE-011,train,"[0, 0, 95, 17]",1272.0,1,Class 1 (Segmental Sclerosis),49097.0,1152.63,0.4644,0.9865,0.843,3.5547,195.01,0.1388,50.57,1.1312
RECHERCHE-011_x027648_y006144,RECHERCHE-011,train,"[309, 889, 732, 1024]",48508.0,2,Class 2 (Global Sclerosis / Necrotic),72380.5,1149.75,0.6881,0.9943,0.8508,1.9663,197.94,0.1209,38.71,1.0742
RECHERCHE-011_x004608_y007680,RECHERCHE-011,train,"[779, 89, 1024, 367]",52503.0,3,Class 3 (Hypertrophic / Atypical),133802.0,1497.15,0.7501,0.9913,0.7734,1.0342,189.74,0.1412,39.39,1.1468
RECHERCHE-011_x006144_y007680,RECHERCHE-011,train,"[11, 89, 267, 367]",53952.5,0,Class 0 (Normal / Preserved),130134.5,1476.85,0.7498,0.9902,0.7594,1.0244,190.11,0.1405,39.73,1.1435
RECHERCHE-011_x007680_y007680,RECHERCHE-011,train,"[406, 485, 736, 830]",84199.5,4,Class 4,118604.5,1357.58,0.8087,0.992,0.7417,0.956,188.36,0.145,39.88,1.1469
RECHERCHE-011_x019968_y007680,RECHERCHE-011,train,"[395, 193, 1012, 719]",274181.0,0,Class 0 (Normal / Preserved),131693.0,1384.97,0.8628,0.9954,0.8423,1.2837,205.71,0.1048,40.97,1.0716
RECHERCHE-011_x021504_y007680,RECHERCHE-011,train,"[0, 194, 244, 719]",104511.0,0,Class 0 (Normal / Preserved),92845.5,1237.03,0.7625,0.9958,0.8166,0.6797,209.6,0.0962,40.44,1.0601
RECHERCHE-011_x024576_y007680,RECHERCHE-011,train,"[269, 0, 639, 393]",120621.0,2,Class 2 (Global Sclerosis / Necrotic),145525.0,1461.26,0.8564,0.9952,0.8289,0.8443,185.06,0.1572,45.05,1.1494
RECHERCHE-011_x027648_y007680,RECHERCHE-011,train,"[304, 121, 750, 666]",207941.5,2,Class 2 (Global Sclerosis / Necrotic),117197.0,1319.98,0.8453,0.9953,0.8554,0.8191,187.25,0.1481,40.82,1.1329
RECHERCHE-011_x004608_y009216,RECHERCHE-011,train,"[917, 752, 1024, 1024]",22231.5,3,Class 3 (Hypertrophic / Atypical),85321.5,1330.15,0.606,0.9914,0.7685,0.5363,195.56,0.1256,36.03,1.1382
RECHERCHE-011_x004608_y009216,RECHERCHE-011,train,"[836, 648, 988, 794]",17509.0,3,Class 3 (Hypertrophic / Atypical),128063.0,1520.33,0.6962,0.9865,0.7967,1.0407,187.12,0.1447,34.14,1.1509
RECHERCHE-011_x006144_y009216,RECHERCHE-011,train,"[989, 875, 1024, 1024]",3764.0,0,Class 0 (Normal / Preserved),54303.0,1203.74,0.4709,0.9803,0.7429,0.3546,209.35,0.0931,34.45,1.053
RECHERCHE-011_x006144_y009216,RECHERCHE-011,train,"[149, 740, 427, 1024]",62668.0,3,Class 3 (Hypertrophic / Atypical),144359.0,1562.58,0.743,0.9933,0.7969,0.8789,192.81,0.1306,33.21,1.1605
RECHERCHE-011_x006144_y009216,RECHERCHE-011,train,"[68, 648, 220, 794]",17509.0,3,Class 3 (Hypertrophic / Atypical),128063.0,1520.33,0.6962,0.9865,0.7967,1.0407,187.12,0.1447,34.14,1.1509
RECHERCHE-011_x006144_y009216,RECHERCHE-011,train,"[632, 385, 1024, 806]",128710.0,3,Class 3 (Hypertrophic / Atypical),139384.0,1434.94,0.8507,0.9943,0.7798,1.0685,182.91,0.159,38.73,1.2051
RECHERCHE-011_x007680_y009216,RECHERCHE-011,train,"[535, 978, 831, 1024]",9031.0,5,Class 5,31090.0,988.45,0.3999,0.9804,0.6727,3.6195,194.04,0.128,34.08,1.1469
RECHERCHE-011_x007680_y009216,RECHERCHE-011,train,"[221, 837, 489, 1024]",40257.5,4,Class 4,121251.5,1449.83,0.7249,0.9921,0.8061,1.123,193.9,0.128,32.78,1.1468
RECHERCHE-011_x007680_y009216,RECHERCHE-011,train,"[0, 385, 270, 806]",89695.5,3,Class 3 (Hypertrophic / Atypical),112329.0,1350.67,0.7738,0.9946,0.7892,0.8509,187.54,0.146,36.62,1.1805
RECHERCHE-011_x007680_y009216,RECHERCHE-011,train,"[434, 0, 686, 62]",11594.0,5,Class 5,51976.0,1089.91,0.5498,0.9847,0.752,2.4201,193.58,0.1328,40.16,1.1235
RECHERCHE-011_x010752_y009216,RECHERCHE-011,train,"[465, 948, 715, 1024]",15223.5,4,Class 4,66393.5,1165.87,0.6138,0.9882,0.8077,2.055,189.12,0.1403,35.37,1.1659
RECHERCHE-011_x012288_y009216,RECHERCHE-011,train,"[260, 761, 668, 1024]",96014.5,4,Class 4,127574.5,1414.52,0.8012,0.9967,0.8963,1.1753,182.72,0.1593,39.1,1.2027
RECHERCHE-011_x019968_y009216,RECHERCHE-011,train,"[208, 327, 528, 741]",107443.0,4,Class 4,105035.5,1240.05,0.8584,0.9956,0.8101,0.7751,171.85,0.1872,37.17,1.3021
RECHERCHE-011_x023040_y009216,RECHERCHE-011,train,"[504, 765, 968, 1024]",92841.0,5,Class 5,100080.5,1296.28,0.7484,0.9945,0.773,1.3048,170.94,0.1935,42.63,1.2604
RECHERCHE-011_x024576_y009216,RECHERCHE-011,train,"[0, 773, 200, 1024]",40460.5,5,Class 5,146991.5,1637.81,0.6886,0.9953,0.8097,0.8769,179.76,0.1699,43.25,1.1998
RECHERCHE-011_x003072_y010752,RECHERCHE-011,train,"[45, 266, 504, 772]",156087.5,3,Class 3 (Hypertrophic / Atypical),109402.0,1669.25,0.4934,0.8984,0.6721,0.9731,183.14,0.1585,39.85,1.1862
RECHERCHE-011_x004608_y010752,RECHERCHE-011,train,"[917, 0, 1024, 359]",27446.0,5,Class 5,64169.0,1191.04,0.5684,0.9897,0.7159,0.433,199.62,0.1163,36.23,1.1237
RECHERCHE-011_x004608_y010752,RECHERCHE-011,train,"[843, 0, 967, 26]",2258.5,0,Class 0 (Normal / Preserved),44836.5,1095.15,0.4698,0.9688,0.7335,2.7905,189.99,0.1416,40.51,1.1413
RECHERCHE-011_x006144_y010752,RECHERCHE-011,train,"[772, 644, 1024, 940]",57149.0,3,Class 3 (Hypertrophic / Atypical),130330.0,1466.26,0.7618,0.9918,0.7697,1.0122,184.36,0.1532,35.76,1.2029
RECHERCHE-011_x006144_y010752,RECHERCHE-011,train,"[471, 371, 809, 789]",106062.5,2,Class 2 (Global Sclerosis / Necrotic),102067.5,1248.13,0.8233,0.9938,0.7539,0.8093,191.93,0.1341,35.65,1.1566
RECHERCHE-011_x006144_y010752,RECHERCHE-011,train,"[989, 107, 1024, 335]",5481.0,5,Class 5,32051.0,998.17,0.4042,0.9757,0.6997,0.2738,210.0,0.0928,36.36,1.0489
RECHERCHE-011_x006144_y010752,RECHERCHE-011,train,"[703, 0, 914, 38]",4912.0,5,Class 5,33515.0,1032.65,0.3949,0.9741,0.6321,3.186,188.72,0.1465,43.79,1.1161
RECHERCHE-011_x006144_y010752,RECHERCHE-011,train,"[149, 0, 427, 383]",83029.5,5,Class 5,105681.5,1280.33,0.8101,0.9935,0.782,0.6527,196.21,0.1228,33.7,1.14
RECHERCHE-011_x006144_y010752,RECHERCHE-011,train,"[75, 0, 199, 26]",2258.5,0,Class 0 (Normal / Preserved),44836.5,1095.15,0.4698,0.9688,0.7335,2.7905,189.99,0.1416,40.51,1.1413
RECHERCHE-011_x007680_y010752,RECHERCHE-011,train,"[997, 757, 1024, 892]",2343.0,5,Class 5,38492.0,1065.54,0.426,0.9663,0.6675,0.3447,178.46,0.169,40.18,1.1516
RECHERCHE-011_x007680_y010752,RECHERCHE-011,train,"[387, 728, 694, 1017]",65311.0,3,Class 3 (Hypertrophic / Atypical),130510.0,1472.63,0.7563,0.9901,0.7368,0.9536,181.54,0.1618,38.86,1.1932
RECHERCHE-011_x007680_y010752,RECHERCHE-011,train,"[4, 644, 303, 940]",61095.0,3,Class 3 (Hypertrophic / Atypical),126087.0,1475.2,0.7281,0.9886,0.6918,1.1111,182.49,0.1578,35.36,1.216
RECHERCHE-011_x007680_y010752,RECHERCHE-011,train,"[0, 478, 41, 734]",6050.5,5,Class 5,69713.5,1273.81,0.5399,0.9888,0.7495,2.4462,186.2,0.1493,37.27,1.1854
RECHERCHE-011_x007680_y010752,RECHERCHE-011,train,"[507, 210, 892, 518]",95200.0,4,Class 4,107648.0,1265.32,0.8449,0.994,0.8049,1.2508,196.13,0.1205,27.44,1.153
RECHERCHE-011_x007680_y010752,RECHERCHE-011,train,"[221, 69, 489, 391]",66282.5,3,Class 3 (Hypertrophic / Atypical),107623.5,1310.79,0.7871,0.991,0.7679,0.8297,192.99,0.1297,31.83,1.1551
RECHERCHE-011_x007680_y010752,RECHERCHE-011,train,"[0, 0, 146, 38]",3678.5,5,Class 5,55425.5,1234.47,0.457,0.978,0.6867,2.5763,184.72,0.1582,46.01,1.129
RECHERCHE-011_x009216_y010752,RECHERCHE-011,train,"[229, 702, 529, 987]",65854.5,3,Class 3 (Hypertrophic / Atypical),125969.5,1425.96,0.7785,0.9918,0.7701,1.0327,182.6,0.1571,35.64,1.2102
RECHERCHE-011_x009216_y010752,RECHERCHE-011,train,"[378, 342, 786, 751]",118167.5,2,Class 2 (Global Sclerosis / Necrotic),118167.5,1307.23,0.869,0.9961,0.7081,0.9976,193.76,0.1317,39.78,1.127
RECHERCHE-011_x009216_y010752,RECHERCHE-011,train,"[0, 232, 124, 518]",26446.0,2,Class 2 (Global Sclerosis / Necrotic),80992.0,1244.76,0.6569,0.9901,0.7501,0.6455,196.37,0.1199,27.81,1.1494
RECHERCHE-011_x010752_y010752,RECHERCHE-011,train,"[0, 440, 18, 607]",1837.0,1,Class 1 (Segmental Sclerosis),21971.0,958.08,0.3008,0.9556,0.6551,0.2005,186.73,0.1451,34.33,1.1154
RECHERCHE-011_x010752_y010752,RECHERCHE-011,train,"[451, 180, 715, 425]",53313.0,3,Class 3 (Hypertrophic / Atypical),128556.0,1438.1,0.7811,0.9918,0.8272,1.0763,190.93,0.1348,33.02,1.1595
RECHERCHE-011_x012288_y010752,RECHERCHE-011,train,"[260, 0, 668, 403]",145195.5,3,Class 3 (Hypertrophic / Atypical),163593.5,1537.82,0.8693,0.9965,0.883,0.9029,182.25,0.161,40.14,1.1984
RECHERCHE-011_x013824_y010752,RECHERCHE-011,train,"[391, 781, 939, 1024]",101402.0,2,Class 2 (Global Sclerosis / Necrotic),83289.0,1217.61,0.706,0.9934,0.7599,1.5261,192.31,0.1363,42.07,1.1089
RECHERCHE-011_x023040_y010752,RECHERCHE-011,train,"[492, 0, 968, 506]",194588.0,4,Class 4,146941.0,1463.48,0.8621,0.995,0.8076,0.875,177.91,0.1757,44.85,1.2041
RECHERCHE-011_x024576_y010752,RECHERCHE-011,train,"[0, 5, 200, 506]",78127.0,3,Class 3 (Hypertrophic / Atypical),87442.0,1258.1,0.6942,0.9945,0.7818,0.5499,184.43,0.1589,45.01,1.1657
RECHERCHE-011_x007680_y012288,RECHERCHE-011,train,"[997, 0, 1024, 124]",2299.5,5,Class 5,49191.5,1180.81,0.4433,0.9705,0.7176,0.3326,178.11,0.17,40.36,1.1531
RECHERCHE-011_x007680_y012288,RECHERCHE-011,train,"[387, 0, 694, 249]",60564.5,3,Class 3 (Hypertrophic / Atypical),131526.5,1463.74,0.7714,0.9922,0.7921,1.0173,181.52,0.1621,39.27,1.1926
RECHERCHE-011_x007680_y012288,RECHERCHE-011,train,"[4, 0, 303, 172]",39924.5,3,Class 3 (Hypertrophic / Atypical),113264.5,1418.4,0.7075,0.9919,0.7793,1.3932,183.42,0.1548,34.38,1.2135
RECHERCHE-011_x009216_y012288,RECHERCHE-011,train,"[229, 0, 529, 219]",53173.0,4,Class 4,125961.0,1454.5,0.7482,0.9929,0.8108,1.0873,183.3,0.1553,35.31,1.2138
RECHERCHE-011_x013824_y012288,RECHERCHE-011,train,"[391, 13, 941, 612]",273166.5,2,Class 2 (Global Sclerosis / Necrotic),142204.5,1458.25,0.8404,0.9948,0.8285,0.8591,189.82,0.1423,42.03,1.1194
RECHERCHE-011_x015360_y012288,RECHERCHE-011,train,"[274, 138, 669, 623]",132897.0,4,Class 4,94445.0,1216.4,0.8021,0.9914,0.6934,0.8142,182.4,0.1574,34.76,1.216
RECHERCHE-011_x015360_y012288,RECHERCHE-011,train,"[0, 29, 173, 611]",72131.0,4,Class 4,61644.5,1114.97,0.6231,0.994,0.7177,0.4518,188.0,0.1459,40.08,1.1479
RECHERCHE-011_x116736_y027648,RECHERCHE-011,train,"[486, 198, 828, 530]",89716.5,3,Class 3 (Hypertrophic / Atypical),128476.5,1405.9,0.8168,0.9909,0.7912,1.0302,185.12,0.151,36.76,1.1922
RECHERCHE-011_x067584_y029184,RECHERCHE-011,train,"[282, 567, 636, 999]",114445.5,5,Class 5,108458.5,1265.81,0.8506,0.9945,0.7494,0.7755,180.49,0.1655,40.11,1.2111
RECHERCHE-011_x062976_y030720,RECHERCHE-011,train,"[50, 837, 435, 1024]",57717.0,0,Class 0 (Normal / Preserved),94133.0,1265.33,0.7388,0.9941,0.8047,1.4301,199.32,0.1184,39.74,1.0925
RECHERCHE-011_x067584_y030720,RECHERCHE-011,train,"[288, 0, 636, 231]",59943.0,5,Class 5,108633.0,1385.41,0.7112,0.993,0.7461,1.1489,177.36,0.174,40.54,1.2262
RECHERCHE-011_x113664_y030720,RECHERCHE-011,train,"[235, 686, 640, 1024]",102202.5,4,Class 4,125232.5,1385.04,0.8204,0.9874,0.7468,0.9976,200.05,0.1168,39.44,1.0921
RECHERCHE-011_x113664_y030720,RECHERCHE-011,train,"[0, 319, 305, 661]",84495.0,2,Class 2 (Global Sclerosis / Necrotic),141692.0,1491.09,0.8008,0.9909,0.8113,1.044,207.54,0.0977,35.52,1.0664
RECHERCHE-011_x061440_y032256,RECHERCHE-011,train,"[818, 69, 1024, 387]",48489.0,0,Class 0 (Normal / Preserved),105789.0,1381.96,0.6961,0.9932,0.7411,0.8533,206.72,0.099,35.03,1.0676
RECHERCHE-011_x062976_y032256,RECHERCHE-011,train,"[269, 488, 601, 831]",83787.5,4,Class 4,119716.5,1366.07,0.8062,0.9924,0.7373,0.9707,192.54,0.1379,44.15,1.1205
RECHERCHE-011_x062976_y032256,RECHERCHE-011,train,"[50, 69, 438, 387]",95906.5,0,Class 0 (Normal / Preserved),110543.5,1285.64,0.8404,0.9939,0.7773,1.1879,198.69,0.1209,41.0,1.0946
RECHERCHE-011_x112128_y032256,RECHERCHE-011,train,"[860, 676, 1024, 1024]",53494.5,2,Class 2 (Global Sclerosis / Necrotic),119162.5,1414.55,0.7484,0.9974,0.9408,0.6145,195.69,0.1289,42.14,1.1016
RECHERCHE-011_x112128_y032256,RECHERCHE-011,train,"[1003, 0, 1024, 120]",1880.5,4,Class 4,44714.5,1143.36,0.4298,0.9718,0.7845,0.2741,198.77,0.1137,28.41,1.0969
RECHERCHE-011_x113664_y032256,RECHERCHE-011,train,"[92, 676, 453, 1024]",110111.0,2,Class 2 (Global Sclerosis / Necrotic),159838.0,1550.52,0.8355,0.9964,0.8782,0.9191,190.53,0.1404,41.15,1.124
RECHERCHE-011_x113664_y032256,RECHERCHE-011,train,"[235, 0, 640, 272]",83620.5,2,Class 2 (Global Sclerosis / Necrotic),111410.5,1343.96,0.7751,0.9863,0.7588,1.1393,200.52,0.1164,40.39,1.0877
RECHERCHE-011_x115200_y032256,RECHERCHE-011,train,"[803, 179, 1024, 725]",91143.0,2,Class 2 (Global Sclerosis / Necrotic),77294.0,1175.75,0.7026,0.9913,0.7559,0.6112,195.11,0.1255,35.54,1.1032
RECHERCHE-011_x116736_y032256,RECHERCHE-011,train,"[35, 178, 546, 728]",230836.0,2,Class 2 (Global Sclerosis / Necrotic),138519.0,1422.09,0.8607,0.9941,0.822,1.0073,195.58,0.1244,35.69,1.1019
RECHERCHE-011_x061440_y033792,RECHERCHE-011,train,"[646, 378, 1024, 760]",121415.0,2,Class 2 (Global Sclerosis / Necrotic),155567.0,1512.97,0.854,0.9937,0.8415,1.1051,183.17,0.1625,45.56,1.1466
RECHERCHE-011_x062976_y033792,RECHERCHE-011,train,"[0, 379, 268, 760]",86491.0,2,Class 2 (Global Sclerosis / Necrotic),128111.0,1423.13,0.7949,0.995,0.8489,0.9022,181.65,0.1652,44.19,1.1531
RECHERCHE-011_x062976_y033792,RECHERCHE-011,train,"[342, 0, 582, 63]",9975.0,2,Class 2 (Global Sclerosis / Necrotic),48736.0,1104.39,0.5021,0.9828,0.6694,2.2978,199.97,0.1193,42.64,1.0854
RECHERCHE-011_x064512_y033792,RECHERCHE-011,train,"[668, 400, 1024, 974]",175511.5,2,Class 2 (Global Sclerosis / Necrotic),122815.5,1408.4,0.7781,0.9913,0.8565,0.8014,185.3,0.1532,41.38,1.1314
RECHERCHE-011_x066048_y033792,RECHERCHE-011,train,"[0, 400, 401, 974]",207047.0,2,Class 2 (Global Sclerosis / Necrotic),139588.5,1462.88,0.8197,0.9922,0.8967,0.87,186.82,0.149,40.77,1.1261
RECHERCHE-011_x112128_y033792,RECHERCHE-011,train,"[860, 0, 1024, 293]",44773.5,2,Class 2 (Global Sclerosis / Necrotic),134567.5,1504.61,0.747,0.9946,0.9359,0.6945,193.46,0.1341,41.99,1.1125
RECHERCHE-011_x113664_y033792,RECHERCHE-011,train,"[92, 0, 453, 293]",95109.0,4,Class 4,148806.0,1513.04,0.8168,0.9942,0.9006,1.0124,188.02,0.1462,40.63,1.1375
RECHERCHE-011_x043008_y035328,RECHERCHE-011,train,"[272, 296, 532, 570]",56234.5,0,Class 0 (Normal / Preserved),126344.5,1440.77,0.7649,0.9903,0.7903,0.9465,188.53,0.1455,41.35,1.1539
RECHERCHE-011_x044544_y035328,RECHERCHE-011,train,"[689, 601, 1019, 936]",88747.5,3,Class 3 (Hypertrophic / Atypical),146693.5,1534.36,0.783,0.9913,0.8042,1.0905,185.74,0.1533,42.52,1.1499
RECHERCHE-011_x046080_y035328,RECHERCHE-011,train,"[0, 601, 251, 936]",71047.5,4,Class 4,133134.5,1487.69,0.7559,0.9926,0.8477,0.9389,184.08,0.1577,42.85,1.1582
RECHERCHE-011_x056832_y035328,RECHERCHE-011,train,"[594, 768, 939, 1024]",67829.0,1,Class 1 (Segmental Sclerosis),119858.0,1426.04,0.7407,0.9927,0.7692,1.0735,176.75,0.1772,41.55,1.2655
RECHERCHE-011_x056832_y035328,RECHERCHE-011,train,"[740, 0, 1024, 494]",120280.5,0,Class 0 (Normal / Preserved),125655.5,1422.88,0.7799,0.9959,0.8577,0.7077,207.04,0.0999,37.46,1.0678
RECHERCHE-011_x058368_y035328,RECHERCHE-011,train,"[0, 778, 171, 1024]",28662.0,1,Class 1 (Segmental Sclerosis),114153.0,1550.13,0.597,0.9896,0.6851,0.8084,178.11,0.1724,40.13,1.2551
RECHERCHE-011_x058368_y035328,RECHERCHE-011,train,"[0, 0, 581, 496]",258152.5,0,Class 0 (Normal / Preserved),169521.5,1576.91,0.8567,0.9968,0.8956,1.0938,205.65,0.1039,38.99,1.0725
RECHERCHE-011_x064512_y035328,RECHERCHE-011,train,"[697, 0, 1024, 206]",53121.5,4,Class 4,123679.5,1519.95,0.6727,0.9942,0.7919,1.3198,184.13,0.1565,42.19,1.139
RECHERCHE-011_x066048_y035328,RECHERCHE-011,train,"[0, 0, 397, 206]",68827.5,4,Class 4,115532.5,1421.89,0.7181,0.9946,0.8436,1.5116,184.54,0.1548,41.24,1.1355
RECHERCHE-011_x109056_y035328,RECHERCHE-011,train,"[584, 992, 711, 1024]",1953.0,0,Class 0 (Normal / Preserved),35338.0,1121.68,0.3529,0.9601,0.5023,2.3779,225.02,0.0601,29.87,1.0255
RECHERCHE-011_x109056_y035328,RECHERCHE-011,train,"[409, 26, 1024, 694]",306014.0,0,Class 0 (Normal / Preserved),141922.0,1459.65,0.8371,0.995,0.7449,0.9886,214.95,0.0808,32.98,1.0489
RECHERCHE-011_x110592_y035328,RECHERCHE-011,train,"[0, 32, 316, 668]",131848.0,0,Class 0 (Normal / Preserved),83225.5,1252.59,0.6666,0.9934,0.656,0.6674,209.73,0.0933,36.06,1.0653
RECHERCHE-011_x113664_y035328,RECHERCHE-011,train,"[156, 748, 611, 1024]",103800.5,5,Class 5,113165.5,1344.34,0.7869,0.9944,0.8284,1.2246,184.91,0.1522,37.79,1.1839
RECHERCHE-011_x043008_y036864,RECHERCHE-011,train,"[387, 822, 746, 1024]",37197.0,5,Class 5,66878.0,1534.43,0.3569,0.8873,0.5142,1.2862,191.82,0.1321,32.48,1.1476
RECHERCHE-011_x043008_y036864,RECHERCHE-011,train,"[959, 565, 1024, 919]",16614.0,5,Class 5,38870.0,1015.56,0.4736,0.9843,0.7219,0.3187,178.46,0.1725,42.28,1.2171
RECHERCHE-011_x044544_y036864,RECHERCHE-011,train,"[639, 984, 795, 1024]",3928.0,4,Class 4,46079.0,1124.17,0.4582,0.9761,0.6481,2.3757,193.22,0.1318,36.19,1.1543
RECHERCHE-011_x044544_y036864,RECHERCHE-011,train,"[191, 508, 602, 947]",140492.5,3,Class 3 (Hypertrophic / Atypical),122120.5,1341.58,0.8526,0.993,0.7796,0.9364,183.62,0.1572,38.93,1.1997
RECHERCHE-011_x044544_y036864,RECHERCHE-011,train,"[690, 0, 1012, 168]",42537.5,4,Class 4,105191.5,1381.83,0.6923,0.9924,0.7898,1.4603,182.3,0.1628,43.72,1.161
RECHERCHE-011_x046080_y036864,RECHERCHE-011,train,"[0, 0, 244, 168]",33599.5,4,Class 4,137315.5,1580.01,0.6912,0.994,0.825,1.2493,180.62,0.1679,44.79,1.1662
RECHERCHE-011_x049152_y036864,RECHERCHE-011,train,"[78, 967, 297, 1024]",9314.0,5,Class 5,54719.0,1113.76,0.5543,0.9874,0.7565,2.3352,186.49,0.1484,38.38,1.1808
RECHERCHE-011_x049152_y036864,RECHERCHE-011,train,"[622, 727, 1024, 1024]",102832.5,4,Class 4,148984.5,1521.31,0.8089,0.9962,0.8617,1.1974,180.7,0.166,41.01,1.2033
RECHERCHE-011_x050688_y036864,RECHERCHE-011,train,"[0, 727, 257, 1024]",67525.0,4,Class 4,169264.0,1661.65,0.7704,0.9961,0.8857,0.9231,177.45,0.1743,40.51,1.2323
RECHERCHE-011_x056832_y036864,RECHERCHE-011,train,"[594, 0, 939, 460]",118741.5,4,Class 4,110268.0,1291.57,0.8307,0.9941,0.748,0.7121,171.21,0.1911,39.81,1.3066
RECHERCHE-011_x058368_y036864,RECHERCHE-011,train,"[0, 10, 171, 460]",59027.0,2,Class 2 (Global Sclerosis / Necrotic),82059.5,1230.34,0.6812,0.9927,0.7681,0.5347,171.27,0.1907,39.49,1.3043
RECHERCHE-011_x059904_y036864,RECHERCHE-011,train,"[884, 457, 1024, 923]",46681.0,3,Class 3 (Hypertrophic / Atypical),58141.5,1086.4,0.619,0.9922,0.718,0.4841,179.4,0.1715,45.24,1.1745
RECHERCHE-011_x061440_y036864,RECHERCHE-011,train,"[116, 404, 632, 942]",214904.5,4,Class 4,124589.5,1354.56,0.8533,0.9933,0.7751,0.9609,178.56,0.1738,44.79,1.192
RECHERCHE-011_x109056_y036864,RECHERCHE-011,train,"[491, 224, 961, 692]",143800.0,2,Class 2 (Global Sclerosis / Necrotic),108959.0,1316.36,0.7902,0.9928,0.6546,1.0049,182.21,0.1598,37.67,1.2297
RECHERCHE-011_x110592_y036864,RECHERCHE-011,train,"[0, 287, 193, 692]",52869.0,2,Class 2 (Global Sclerosis / Necrotic),78459.0,1223.01,0.6592,0.9931,0.6778,0.6919,177.03,0.1715,34.74,1.2613
RECHERCHE-011_x113664_y036864,RECHERCHE-011,train,"[156, 0, 611, 489]",184714.5,4,Class 4,144074.5,1449.16,0.8621,0.9946,0.8293,0.8355,188.3,0.1441,38.85,1.1598
RECHERCHE-011_x039936_y038400,RECHERCHE-011,train,"[409, 543, 872, 1024]",144035.0,2,Class 2 (Global Sclerosis / Necrotic),116022.5,1687.29,0.5121,0.9048,0.6456,0.8681,178.42,0.1714,40.27,1.2119
RECHERCHE-011_x041472_y038400,RECHERCHE-011,train,"[0, 557, 104, 809]",18504.5,5,Class 5,74279.5,1235.2,0.6118,0.988,0.7115,0.618,169.75,0.1973,45.36,1.1852
RECHERCHE-011_x043008_y038400,RECHERCHE-011,train,"[843, 520, 1024, 903]",55396.0,3,Class 3 (Hypertrophic / Atypical),91866.0,1258.01,0.7294,0.9929,0.8022,0.6846,189.57,0.1402,36.22,1.1666
RECHERCHE-011_x043008_y038400,RECHERCHE-011,train,"[387, 54, 770, 572]",107413.5,5,Class 5,68158.5,1369.67,0.4566,0.8935,0.5407,0.7284,196.39,0.1217,32.45,1.1373
RECHERCHE-011_x043008_y038400,RECHERCHE-011,train,"[962, 0, 1024, 151]",7402.5,4,Class 4,92851.5,1386.81,0.6067,0.988,0.8066,0.556,178.87,0.1703,40.88,1.2253
RECHERCHE-011_x044544_y038400,RECHERCHE-011,train,"[789, 852, 1024, 1024]",35689.0,5,Class 5,152380.0,1593.22,0.7544,0.995,0.8883,1.2069,172.56,0.187,40.65,1.2416
RECHERCHE-011_x044544_y038400,RECHERCHE-011,train,"[397, 769, 691, 1024]",58436.5,3,Class 3 (Hypertrophic / Atypical),133950.5,1510.83,0.7374,0.9929,0.7816,0.9761,182.43,0.1584,36.03,1.2158
RECHERCHE-011_x044544_y038400,RECHERCHE-011,train,"[75, 520, 395, 905]",97593.0,3,Class 3 (Hypertrophic / Atypical),111761.0,1289.95,0.844,0.9933,0.7943,0.8411,193.25,0.1308,35.25,1.1481
RECHERCHE-011_x044544_y038400,RECHERCHE-011,train,"[906, 320, 1024, 613]",26699.5,3,Class 3 (Hypertrophic / Atypical),79006.5,1225.89,0.6606,0.9922,0.7758,0.6088,193.68,0.126,27.1,1.1596
RECHERCHE-011_x044544_y038400,RECHERCHE-011,train,"[605, 216, 889, 519]",62010.5,3,Class 3 (Hypertrophic / Atypical),113538.5,1370.19,0.76,0.9906,0.721,0.9413,190.92,0.134,30.62,1.1715
RECHERCHE-011_x044544_y038400,RECHERCHE-011,train,"[194, 0, 588, 179]",55247.0,5,Class 5,87935.0,1256.22,0.7002,0.9919,0.7837,1.5055,185.91,0.1506,37.95,1.1866
RECHERCHE-011_x046080_y038400,RECHERCHE-011,train,"[21, 852, 297, 1024]",40179.0,5,Class 5,123256.0,1437.45,0.7496,0.994,0.8485,1.2493,174.81,0.1814,41.42,1.2285
RECHERCHE-011_x046080_y038400,RECHERCHE-011,train,"[628, 773, 954, 1024]",70172.0,4,Class 4,137143.0,1466.3,0.8016,0.9946,0.8598,1.0487,183.17,0.1566,37.43,1.1983
RECHERCHE-011_x046080_y038400,RECHERCHE-011,train,"[787, 418, 1024, 804]",69651.0,2,Class 2 (Global Sclerosis / Necrotic),105154.0,1338.52,0.7375,0.9914,0.7592,0.82,192.3,0.1362,41.41,1.1278
RECHERCHE-011_x046080_y038400,RECHERCHE-011,train,"[138, 320, 497, 618]",89796.0,4,Class 4,117122.0,1317.92,0.8474,0.9933,0.8398,1.1994,197.71,0.1162,26.12,1.1432
RECHERCHE-011_x046080_y038400,RECHERCHE-011,train,"[0, 240, 121, 508]",19535.0,1,Class 1 (Segmental Sclerosis),67455.0,1239.67,0.5516,0.9835,0.6063,0.665,189.98,0.1352,28.08,1.177
RECHERCHE-011_x047616_y038400,RECHERCHE-011,train,"[0, 773, 186, 1024]",40257.5,4,Class 4,150319.5,1605.32,0.733,0.9952,0.8671,0.8374,185.16,0.1514,36.84,1.1927
RECHERCHE-011_x047616_y038400,RECHERCHE-011,train,"[19, 418, 392, 805]",104456.0,2,Class 2 (Global Sclerosis / Necrotic),126880.0,1393.99,0.8205,0.9881,0.7213,1.0414,196.07,0.1278,42.07,1.1111
RECHERCHE-011_x047616_y038400,RECHERCHE-011,train,"[832, 199, 1024, 432]",39128.0,4,Class 4,145950.0,1535.79,0.7776,0.9944,0.8789,0.9927,184.52,0.1517,34.99,1.2015
RECHERCHE-011_x049152_y038400,RECHERCHE-011,train,"[64, 199, 304, 432]",46332.0,4,Class 4,135177.0,1468.58,0.7876,0.993,0.8325,1.0302,187.11,0.1448,34.36,1.1827
RECHERCHE-011_x049152_y038400,RECHERCHE-011,train,"[622, 0, 1024, 381]",132753.5,4,Class 4,174425.5,1587.9,0.8693,0.9962,0.8673,1.0294,180.83,0.1657,41.36,1.198
RECHERCHE-011_x050688_y038400,RECHERCHE-011,train,"[819, 668, 1024, 1024]",60122.0,2,Class 2 (Global Sclerosis / Necrotic),121110.0,1476.19,0.6984,0.9952,0.8266,0.7077,188.7,0.1436,40.44,1.1176
RECHERCHE-011_x050688_y038400,RECHERCHE-011,train,"[0, 0, 257, 381]",85162.5,2,Class 2 (Global Sclerosis / Necrotic),142312.5,1510.94,0.7834,0.9967,0.8712,0.789,177.19,0.1752,41.25,1.2244
RECHERCHE-011_x052224_y038400,RECHERCHE-011,train,"[783, 785, 1024, 1024]",47460.0,4,Class 4,170237.0,1735.85,0.71,0.9954,0.8259,1.0044,176.22,0.1756,37.29,1.2552
RECHERCHE-011_x052224_y038400,RECHERCHE-011,train,"[51, 667, 596, 1024]",160040.0,2,Class 2 (Global Sclerosis / Necrotic),121473.0,1391.21,0.7887,0.991,0.8217,1.1932,188.83,0.145,42.63,1.1187
RECHERCHE-011_x053760_y038400,RECHERCHE-011,train,"[15, 785, 326, 1024]",61377.0,4,Class 4,140484.0,1537.04,0.7472,0.9936,0.8283,1.1208,178.82,0.168,36.03,1.2381
RECHERCHE-011_x061440_y038400,RECHERCHE-011,train,"[134, 0, 602, 174]",59124.5,4,Class 4,70136.5,1153.85,0.662,0.988,0.7262,1.7489,191.34,0.1395,43.22,1.1149
RECHERCHE-011_x039936_y039936,RECHERCHE-011,train,"[409, 0, 832, 258]",77355.0,3,Class 3 (Hypertrophic / Atypical),97715.0,1534.83,0.5213,0.9263,0.7089,1.2136,184.49,0.1554,40.18,1.1787
RECHERCHE-011_x044544_y039936,RECHERCHE-011,train,"[789, 84, 1024, 370]",54321.5,3,Class 3 (Hypertrophic / Atypical),134532.5,1477.8,0.7741,0.9935,0.8102,0.9927,176.57,0.1762,40.76,1.2191
RECHERCHE-011_x044544_y039936,RECHERCHE-011,train,"[397, 1, 691, 315]",69627.0,3,Class 3 (Hypertrophic / Atypical),131675.0,1475.18,0.7604,0.9915,0.7553,0.8458,183.94,0.1548,36.45,1.2044
RECHERCHE-011_x044544_y039936,RECHERCHE-011,train,"[89, 0, 395, 137]",32284.0,4,Class 4,85774.0,1267.79,0.6706,0.991,0.7729,1.5222,202.06,0.1099,33.77,1.0967
RECHERCHE-011_x046080_y039936,RECHERCHE-011,train,"[21, 84, 297, 370]",60163.5,3,Class 3 (Hypertrophic / Atypical),130531.5,1456.1,0.7736,0.9923,0.7635,1.022,177.91,0.1729,41.17,1.2116
RECHERCHE-011_x046080_y039936,RECHERCHE-011,train,"[628, 5, 954, 300]",77154.0,3,Class 3 (Hypertrophic / Atypical),139407.0,1488.61,0.7906,0.9932,0.8039,0.9646,182.92,0.1566,36.24,1.2055
RECHERCHE-011_x046080_y039936,RECHERCHE-011,train,"[864, 0, 1024, 36]",3938.5,5,Class 5,87594.5,1428.07,0.5397,0.9848,0.6695,0.6697,188.44,0.1446,39.87,1.1554
RECHERCHE-011_x047616_y039936,RECHERCHE-011,train,"[0, 5, 186, 300]",46426.5,3,Class 3 (Hypertrophic / Atypical),130990.5,1488.03,0.7434,0.9933,0.85,0.7679,185.9,0.1491,36.07,1.1911
RECHERCHE-011_x047616_y039936,RECHERCHE-011,train,"[96, 0, 308, 37]",5375.5,5,Class 5,75135.0,1323.97,0.5386,0.9895,0.7229,0.4828,188.99,0.1434,39.7,1.1561
RECHERCHE-011_x050688_y039936,RECHERCHE-011,train,"[819, 0, 1024, 510]",91095.0,2,Class 2 (Global Sclerosis / Necrotic),98781.5,1317.89,0.7147,0.9955,0.8719,0.5473,187.86,0.1457,40.33,1.1248
RECHERCHE-011_x052224_y039936,RECHERCHE-011,train,"[783, 17, 1024, 465]",91707.5,4,Class 4,115316.5,1344.97,0.8011,0.9957,0.8509,0.7,176.88,0.173,36.18,1.2513
RECHERCHE-011_x052224_y039936,RECHERCHE-011,train,"[51, 0, 596, 520]",249916.0,2,Class 2 (Global Sclerosis / Necrotic),164158.0,1542.75,0.8667,0.9964,0.8823,0.9481,186.8,0.1493,41.57,1.1301
RECHERCHE-011_x053760_y039936,RECHERCHE-011,train,"[15, 17, 326, 465]",111463.5,4,Class 4,124679.0,1368.77,0.8363,0.9944,0.8027,0.8023,178.97,0.1672,35.78,1.2348
RECHERCHE-011_x095232_y039936,RECHERCHE-011,train,"[593, 681, 866, 942]",52103.5,0,Class 0 (Normal / Preserved),117432.5,1404.45,0.7481,0.991,0.7343,1.046,192.61,0.1321,36.1,1.1421
RECHERCHE-011_x096768_y039936,RECHERCHE-011,train,"[0, 700, 98, 942]",15345.5,0,Class 0 (Normal / Preserved),67374.5,1230.37,0.5593,0.9873,0.6531,0.6107,200.71,0.1123,34.05,1.1016
RECHERCHE-011_x098304_y039936,RECHERCHE-011,train,"[274, 585, 589, 913]",80843.5,2,Class 2 (Global Sclerosis / Necrotic),126222.5,1397.56,0.8121,0.9839,0.7833,0.9633,189.26,0.1419,39.42,1.1393
RECHERCHE-011_x102912_y039936,RECHERCHE-011,train,"[332, 606, 753, 1024]",142788.5,4,Class 4,150303.0,1510.29,0.8281,0.9889,0.8112,0.9029,187.65,0.1458,38.04,1.167
RECHERCHE-011_x105984_y039936,RECHERCHE-011,train,"[54, 992, 324, 1024]",5901.0,5,Class 5,25193.0,953.68,0.3481,0.9743,0.7,4.6477,195.71,0.1307,44.19,1.1005
RECHERCHE-011_x105984_y039936,RECHERCHE-011,train,"[680, 868, 951, 1024]",31580.0,4,Class 4,99117.0,1379.16,0.6548,0.987,0.7503,1.2663,196.13,0.1231,33.41,1.1369
RECHERCHE-011_x095232_y041472,RECHERCHE-011,train,"[593, 0, 866, 174]",38159.0,3,Class 3 (Hypertrophic / Atypical),114175.0,1398.22,0.7339,0.9925,0.8068,1.1821,187.86,0.1433,35.62,1.1586
RECHERCHE-011_x096768_y041472,RECHERCHE-011,train,"[800, 586, 1024, 1009]",72797.0,3,Class 3 (Hypertrophic / Atypical),103277.0,1331.01,0.7326,0.9938,0.7678,0.6916,175.95,0.1773,39.56,1.2433
RECHERCHE-011_x096768_y041472,RECHERCHE-011,train,"[0, 0, 98, 174]",12961.5,0,Class 0 (Normal / Preserved),111172.5,1485.18,0.6334,0.9907,0.7683,0.6989,197.49,0.1195,33.76,1.1137
RECHERCHE-011_x098304_y041472,RECHERCHE-011,train,"[861, 936, 1024, 1024]",9149.5,5,Class 5,90771.5,1481.24,0.5199,0.9871,0.6463,1.4805,201.82,0.1078,28.56,1.1217
RECHERCHE-011_x098304_y041472,RECHERCHE-011,train,"[538, 915, 778, 1024]",19382.5,4,Class 4,83438.5,1297.89,0.6224,0.9714,0.7473,1.4982,196.75,0.1213,33.82,1.1222
RECHERCHE-011_x098304_y041472,RECHERCHE-011,train,"[32, 586, 408, 1009]",124924.0,3,Class 3 (Hypertrophic / Atypical),137843.0,1408.05,0.8737,0.9941,0.7853,0.9025,184.68,0.1532,37.2,1.1944
RECHERCHE-011_x098304_y041472,RECHERCHE-011,train,"[274, 0, 584, 145]",35143.5,5,Class 5,89831.5,1275.0,0.6944,0.9916,0.7844,1.4607,185.33,0.1524,40.66,1.15
RECHERCHE-011_x099840_y041472,RECHERCHE-011,train,"[93, 931, 456, 1024]",23968.5,5,Class 5,50893.5,1077.55,0.5508,0.9889,0.7117,2.3621,200.13,0.1111,27.68,1.129
RECHERCHE-011_x099840_y041472,RECHERCHE-011,train,"[769, 777, 1024, 1024]",53190.0,2,Class 2 (Global Sclerosis / Necrotic),171801.0,1721.02,0.7289,0.9957,0.8485,1.0179,205.17,0.1047,38.37,1.0785
RECHERCHE-011_x101376_y041472,RECHERCHE-011,train,"[1, 777, 371, 1024]",71392.5,2,Class 2 (Global Sclerosis / Necrotic),126383.5,1483.03,0.7221,0.9939,0.782,1.2753,204.31,0.1068,38.71,1.0828
RECHERCHE-011_x101376_y041472,RECHERCHE-011,train,"[620, 299, 893, 603]",59065.0,4,Class 4,107332.0,1325.06,0.7682,0.987,0.7131,0.8998,191.71,0.1332,34.18,1.1481
RECHERCHE-011_x102912_y041472,RECHERCHE-011,train,"[0, 300, 125, 599]",26739.5,4,Class 4,76027.5,1235.0,0.6264,0.9824,0.717,0.6277,196.68,0.1201,31.48,1.1222
RECHERCHE-011_x102912_y041472,RECHERCHE-011,train,"[332, 0, 753, 321]",116194.5,4,Class 4,136483.0,1431.84,0.8366,0.9952,0.86,1.0541,183.0,0.1574,37.89,1.1946
RECHERCHE-011_x104448_y041472,RECHERCHE-011,train,"[718, 224, 1024, 812]",138725.0,2,Class 2 (Global Sclerosis / Necrotic),94756.5,1253.74,0.7575,0.9915,0.7697,0.7359,191.4,0.1376,41.26,1.1134
RECHERCHE-011_x105984_y041472,RECHERCHE-011,train,"[0, 224, 519, 814]",254899.0,2,Class 2 (Global Sclerosis / Necrotic),144084.0,1458.15,0.8516,0.9941,0.8309,1.0367,191.32,0.1376,40.92,1.1141
RECHERCHE-011_x105984_y041472,RECHERCHE-011,train,"[671, 100, 967, 582]",110791.5,3,Class 3 (Hypertrophic / Atypical),95387.5,1220.1,0.8052,0.9908,0.7774,0.7335,189.37,0.139,33.32,1.1777
RECHERCHE-011_x107520_y041472,RECHERCHE-011,train,"[0, 100, 199, 582]",76469.0,4,Class 4,83299.0,1203.33,0.7229,0.9902,0.7987,0.6235,188.55,0.1406,32.62,1.1859
RECHERCHE-011_x096768_y043008,RECHERCHE-011,train,"[490, 421, 1024, 930]",119082.0,5,Class 5,77607.0,1726.5,0.3272,0.7543,0.4383,1.1641,197.23,0.1194,31.93,1.1316
RECHERCHE-011_x096768_y043008,RECHERCHE-011,train,"[296, 354, 488, 534]",26130.5,3,Class 3 (Hypertrophic / Atypical),119486.5,1470.11,0.6947,0.9871,0.7608,1.0651,202.72,0.1061,30.61,1.0908
RECHERCHE-011_x096768_y043008,RECHERCHE-011,train,"[800, 0, 1024, 241]",43120.0,4,Class 4,159243.0,1701.5,0.6912,0.9948,0.801,0.9561,170.21,0.1925,39.28,1.2782
RECHERCHE-011_x098304_y043008,RECHERCHE-011,train,"[536, 773, 857, 1024]",63171.5,3,Class 3 (Hypertrophic / Atypical),126704.5,1451.45,0.7558,0.9818,0.7863,1.0381,183.46,0.1543,33.47,1.2175
RECHERCHE-011_x098304_y043008,RECHERCHE-011,train,"[940, 708, 1024, 961]",15201.0,5,Class 5,63235.0,1167.85,0.5826,0.9868,0.7191,0.5257,184.02,0.1545,37.41,1.1979
RECHERCHE-011_x098304_y043008,RECHERCHE-011,train,"[0, 559, 525, 1009]",110052.5,3,Class 3 (Hypertrophic / Atypical),85901.0,1665.78,0.389,0.8435,0.465,1.1207,196.33,0.122,32.79,1.1319
RECHERCHE-011_x098304_y043008,RECHERCHE-011,train,"[846, 168, 1024, 469]",40592.0,3,Class 3 (Hypertrophic / Atypical),102034.0,1365.39,0.6878,0.9913,0.7583,0.8044,198.43,0.1148,27.0,1.133
RECHERCHE-011_x098304_y043008,RECHERCHE-011,train,"[533, 147, 805, 475]",72999.0,3,Class 3 (Hypertrophic / Atypical),113933.0,1351.01,0.7844,0.9828,0.8217,0.8289,195.2,0.1235,30.47,1.1463
RECHERCHE-011_x098304_y043008,RECHERCHE-011,train,"[32, 0, 408, 241]",73388.0,4,Class 4,119036.0,1398.93,0.7644,0.9942,0.811,1.219,181.24,0.1623,37.81,1.2132
RECHERCHE-011_x099840_y043008,RECHERCHE-011,train,"[0, 829, 89, 1024]",11780.0,5,Class 5,86100.0,1392.74,0.5578,0.9791,0.6881,0.6044,183.69,0.1518,29.86,1.2211
RECHERCHE-011_x099840_y043008,RECHERCHE-011,train,"[172, 698, 439, 964]",54285.5,3,Class 3 (Hypertrophic / Atypical),128152.5,1455.68,0.76,0.991,0.7661,1.0098,178.82,0.1689,39.41,1.2142
RECHERCHE-011_x099840_y043008,RECHERCHE-011,train,"[703, 422, 1024, 700]",70433.5,3,Class 3 (Hypertrophic / Atypical),127331.5,1464.28,0.7463,0.9915,0.7883,1.2817,186.82,0.1462,35.73,1.1824
RECHERCHE-011_x099840_y043008,RECHERCHE-011,train,"[0, 243, 37, 471]",6910.5,3,Class 3 (Hypertrophic / Atypical),79923.0,1297.22,0.5968,0.9868,0.7218,0.6247,189.98,0.1366,31.59,1.1647
RECHERCHE-011_x099840_y043008,RECHERCHE-011,train,"[78, 163, 467, 469]",88530.5,3,Class 3 (Hypertrophic / Atypical),98092.5,1221.58,0.826,0.9926,0.7425,1.2663,200.85,0.109,25.88,1.1269
RECHERCHE-011_x099840_y043008,RECHERCHE-011,train,"[769, 9, 1024, 442]",94789.5,2,Class 2 (Global Sclerosis / Necrotic),125833.5,1415.37,0.7893,0.9955,0.8583,0.7338,197.13,0.1233,39.38,1.1085
RECHERCHE-011_x101376_y043008,RECHERCHE-011,train,"[0, 422, 275, 700]",60821.0,3,Class 3 (Hypertrophic / Atypical),147855.0,1599.33,0.7264,0.9928,0.798,1.1076,188.15,0.1428,35.41,1.1762
RECHERCHE-011_x101376_y043008,RECHERCHE-011,train,"[1, 9, 371, 442]",125757.5,4,Class 4,145486.5,1467.87,0.8485,0.9941,0.7862,0.9262,198.27,0.1206,39.22,1.1042
RECHERCHE-011_x093696_y044544,RECHERCHE-011,train,"[677, 473, 1024, 982]",136689.5,3,Class 3 (Hypertrophic / Atypical),118327.0,1581.65,0.5944,0.9214,0.7731,0.8514,187.17,0.1466,37.35,1.1742
RECHERCHE-011_x095232_y044544,RECHERCHE-011,train,"[0, 473, 256, 982]",111653.5,2,Class 2 (Global Sclerosis / Necrotic),106868.0,1466.26,0.6246,0.9468,0.8573,0.6934,184.9,0.1517,36.52,1.1923
RECHERCHE-011_x098304_y044544,RECHERCHE-011,train,"[536, 5, 857, 297]",69313.0,3,Class 3 (Hypertrophic / Atypical),128837.0,1466.35,0.753,0.982,0.7429,0.9646,184.67,0.152,34.67,1.2088
RECHERCHE-011_x098304_y044544,RECHERCHE-011,train,"[940, 0, 1024, 193]",13012.5,5,Class 5,97436.5,1391.24,0.6326,0.9902,0.8125,0.5768,182.35,0.1593,38.57,1.201
RECHERCHE-011_x098304_y044544,RECHERCHE-011,train,"[152, 0, 525, 241]",60057.5,5,Class 5,95513.5,1306.39,0.7033,0.9924,0.6691,1.1719,201.3,0.1099,31.07,1.1131
RECHERCHE-011_x098304_y044544,RECHERCHE-011,train,"[12, 0, 136, 40]",2863.0,5,Class 5,52249.0,1208.99,0.4492,0.9703,0.5981,2.0,195.21,0.1245,33.86,1.1152
RECHERCHE-011_x099840_y044544,RECHERCHE-011,train,"[0, 61, 89, 274]",12132.5,5,Class 5,67833.5,1253.95,0.5421,0.9766,0.6479,0.6259,184.22,0.1505,30.03,1.2167
RECHERCHE-011_x099840_y044544,RECHERCHE-011,train,"[172, 0, 439, 196]",42474.5,4,Class 4,126719.5,1464.11,0.7429,0.9918,0.8135,1.0844,178.73,0.1691,39.45,1.2122
RECHERCHE-015_x101376_y001536,RECHERCHE-015,test,"[455, 777, 759, 1024]",63334.5,0,Class 0 (Normal / Preserved),139262.5,1504.94,0.7727,0.9936,0.847,1.0174,178.9,0.1662,34.21,1.2324
RECHERCHE-015_x101376_y001536,RECHERCHE-015,test,"[662, 508, 1022, 824]",89155.5,0,Class 0 (Normal / Preserved),127686.5,1423.76,0.7916,0.9917,0.7851,1.2618,182.71,0.1638,42.49,1.2236
RECHERCHE-015_x102912_y001536,RECHERCHE-015,test,"[0, 508, 254, 824]",70099.0,0,Class 0 (Normal / Preserved),143657.0,1518.42,0.783,0.9927,0.8737,0.9829,180.86,0.1686,42.02,1.2364
RECHERCHE-015_x101376_y003072,RECHERCHE-015,test,"[586, 329, 958, 669]",100032.5,1,Class 1 (Segmental Sclerosis),121333.5,1351.36,0.8349,0.9933,0.7915,1.1019,170.87,0.1886,34.62,1.313
RECHERCHE-015_x101376_y003072,RECHERCHE-015,test,"[455, 9, 759, 275]",65679.5,0,Class 0 (Normal / Preserved),136681.5,1501.85,0.7615,0.9923,0.8131,0.9951,177.86,0.1687,33.88,1.2356
RECHERCHE-015_x101376_y003072,RECHERCHE-015,test,"[723, 0, 1010, 56]",10138.0,1,Class 1 (Segmental Sclerosis),38886.0,1082.74,0.4168,0.9825,0.6416,3.1367,199.21,0.1192,39.31,1.124
RECHERCHE-015_x102912_y003072,RECHERCHE-015,test,"[0, 337, 190, 669]",51499.0,1,Class 1 (Segmental Sclerosis),108470.0,1365.59,0.7309,0.9931,0.8171,0.7859,175.83,0.1757,36.15,1.2723
RECHERCHE-015_x102912_y003072,RECHERCHE-015,test,"[0, 0, 242, 56]",9361.5,1,Class 1 (Segmental Sclerosis),51468.5,1181.38,0.4634,0.9838,0.7011,2.8323,203.18,0.109,36.88,1.1209
RECHERCHE-015_x098304_y004608,RECHERCHE-015,test,"[203, 548, 551, 909]",101092.5,0,Class 0 (Normal / Preserved),129964.5,1392.53,0.8422,0.9927,0.8045,0.9658,164.91,0.2052,33.54,1.3557
RECHERCHE-015_x095232_y006144,RECHERCHE-015,test,"[117, 790, 556, 1024]",86140.5,0,Class 0 (Normal / Preserved),105057.5,1312.94,0.7659,0.9948,0.8394,1.3366,172.7,0.1971,52.33,1.205
RECHERCHE-015_x098304_y006144,RECHERCHE-015,test,"[203, 0, 546, 141]",41180.0,1,Class 1 (Segmental Sclerosis),88821.0,1239.99,0.7259,0.9941,0.855,1.6102,158.98,0.22,28.78,1.407
RECHERCHE-015_x093696_y007680,RECHERCHE-015,test,"[885, 29, 1024, 417]",41844.5,0,Class 0 (Normal / Preserved),75484.5,1199.97,0.6588,0.9923,0.7753,0.534,186.3,0.1621,53.41,1.1546
RECHERCHE-015_x095232_y007680,RECHERCHE-015,test,"[904, 776, 1024, 1024]",22879.5,1,Class 1 (Segmental Sclerosis),100327.5,1402.78,0.6407,0.9913,0.7737,0.6264,157.4,0.229,37.25,1.3301
RECHERCHE-015_x095232_y007680,RECHERCHE-015,test,"[117, 22, 558, 446]",148667.0,1,Class 1 (Segmental Sclerosis),138467.0,1410.94,0.8741,0.9951,0.7966,0.9624,167.73,0.2101,51.15,1.2322
RECHERCHE-015_x096768_y007680,RECHERCHE-015,test,"[136, 771, 550, 1024]",84971.5,1,Class 1 (Segmental Sclerosis),111507.0,1326.67,0.7961,0.9952,0.8114,1.2173,155.77,0.2374,42.07,1.3058
RECHERCHE-015_x096768_y007680,RECHERCHE-015,test,"[593, 673, 995, 1018]",89224.5,1,Class 1 (Segmental Sclerosis),113126.5,1390.24,0.7355,0.9559,0.6447,1.0439,165.8,0.2151,50.09,1.2446
RECHERCHE-015_x098304_y007680,RECHERCHE-015,test,"[0, 673, 227, 1018]",49974.5,1,Class 1 (Segmental Sclerosis),101490.5,1435.05,0.6193,0.9458,0.6385,0.7884,179.98,0.1765,50.61,1.179
RECHERCHE-015_x095232_y009216,RECHERCHE-015,test,"[904, 8, 1024, 316]",25486.0,1,Class 1 (Segmental Sclerosis),75075.0,1266.22,0.5884,0.9905,0.6927,0.5448,157.96,0.2273,37.61,1.3182
RECHERCHE-015_x096768_y009216,RECHERCHE-015,test,"[136, 3, 550, 380]",112416.0,1,Class 1 (Segmental Sclerosis),126361.0,1377.94,0.8363,0.9938,0.7202,0.9534,156.56,0.236,43.46,1.2895
RECHERCHE-015_x096768_y009216,RECHERCHE-015,test,"[593, 0, 995, 250]",74338.5,1,Class 1 (Segmental Sclerosis),108010.5,1355.34,0.7389,0.9694,0.7401,1.2551,164.28,0.2205,51.15,1.246
RECHERCHE-015_x098304_y009216,RECHERCHE-015,test,"[0, 0, 227, 250]",37106.0,1,Class 1 (Segmental Sclerosis),129196.0,1673.93,0.5794,0.9448,0.6574,0.9452,182.35,0.1718,52.12,1.1608
RECHERCHE-015_x061440_y010752,RECHERCHE-015,test,"[775, 913, 1024, 1024]",23732.0,1,Class 1 (Segmental Sclerosis),105736.0,1401.82,0.6762,0.9937,0.8639,1.6914,188.89,0.1393,31.77,1.1916
RECHERCHE-015_x061440_y010752,RECHERCHE-015,test,"[684, 587, 977, 847]",58544.0,0,Class 0 (Normal / Preserved),114422.0,1371.29,0.7646,0.9905,0.7707,1.1267,197.48,0.1169,26.7,1.1577
RECHERCHE-015_x061440_y010752,RECHERCHE-015,test,"[874, 338, 1024, 678]",33046.0,0,Class 0 (Normal / Preserved),71000.0,1209.41,0.61,0.9905,0.6494,0.6472,206.01,0.0986,28.27,1.1213
RECHERCHE-015_x062976_y010752,RECHERCHE-015,test,"[7, 913, 346, 1024]",29239.0,1,Class 1 (Segmental Sclerosis),74113.0,1233.16,0.6124,0.9918,0.7821,2.1085,190.21,0.1361,31.65,1.1913
RECHERCHE-015_x062976_y010752,RECHERCHE-015,test,"[0, 587, 209, 847]",40845.5,0,Class 0 (Normal / Preserved),123660.5,1500.6,0.6901,0.9919,0.754,0.9804,198.29,0.1156,28.15,1.1555
RECHERCHE-015_x062976_y010752,RECHERCHE-015,test,"[106, 337, 530, 687]",107181.0,0,Class 0 (Normal / Preserved),100080.0,1214.34,0.8529,0.9933,0.7218,1.2065,205.65,0.0996,29.08,1.123
RECHERCHE-015_x061440_y012288,RECHERCHE-015,test,"[765, 145, 1024, 505]",83680.0,0,Class 0 (Normal / Preserved),137661.0,1469.45,0.8011,0.9952,0.8999,0.9144,186.4,0.145,30.06,1.2223
RECHERCHE-015_x061440_y012288,RECHERCHE-015,test,"[687, 0, 977, 79]",18211.5,1,Class 1 (Segmental Sclerosis),60399.5,1122.15,0.6028,0.9874,0.7987,2.2337,187.92,0.1412,30.58,1.1974
RECHERCHE-015_x062976_y012288,RECHERCHE-015,test,"[0, 145, 357, 505]",109041.0,1,Class 1 (Segmental Sclerosis),157339.0,1538.41,0.8354,0.9943,0.8492,1.1076,189.06,0.1388,31.01,1.2018
RECHERCHE-015_x062976_y012288,RECHERCHE-015,test,"[0, 0, 209, 79]",13570.0,1,Class 1 (Segmental Sclerosis),90251.0,1344.17,0.6277,0.991,0.8316,1.916,185.15,0.1474,29.11,1.2141
RECHERCHE-015_x019968_y013824,RECHERCHE-015,test,"[909, 752, 1024, 1024]",23150.5,1,Class 1 (Segmental Sclerosis),87260.5,1346.43,0.6049,0.99,0.7433,0.567,171.02,0.1879,33.75,1.3173
RECHERCHE-015_x019968_y013824,RECHERCHE-015,test,"[860, 401, 1024, 679]",36431.5,1,Class 1 (Segmental Sclerosis),107713.5,1404.98,0.6857,0.9935,0.8029,0.802,172.48,0.1805,27.74,1.3076
RECHERCHE-015_x021504_y013824,RECHERCHE-015,test,"[141, 745, 534, 1024]",88094.5,4,Class 4,122093.5,1379.68,0.806,0.9946,0.8046,1.1024,175.42,0.1753,33.76,1.281
RECHERCHE-015_x021504_y013824,RECHERCHE-015,test,"[92, 401, 367, 680]",62269.0,3,Class 3 (Hypertrophic / Atypical),134265.0,1488.78,0.7612,0.9926,0.8146,0.9853,175.55,0.1732,30.42,1.2775
RECHERCHE-015_x021504_y013824,RECHERCHE-015,test,"[340, 171, 727, 536]",105022.5,0,Class 0 (Normal / Preserved),118027.5,1316.09,0.8563,0.9931,0.742,1.062,191.98,0.1349,35.77,1.1888
RECHERCHE-015_x058368_y013824,RECHERCHE-015,test,"[336, 149, 675, 522]",95464.0,0,Class 0 (Normal / Preserved),114790.0,1315.83,0.8331,0.993,0.7565,0.9071,184.47,0.1516,33.52,1.2258
RECHERCHE-015_x087552_y013824,RECHERCHE-015,test,"[493, 597, 878, 1024]",127551.0,0,Class 0 (Normal / Preserved),130599.5,1436.05,0.7958,0.9921,0.7779,0.811,176.63,0.1837,50.72,1.1696
RECHERCHE-015_x089088_y013824,RECHERCHE-015,test,"[0, 599, 110, 1024]",34096.5,1,Class 1 (Segmental Sclerosis),58680.5,1182.43,0.5274,0.99,0.7328,0.3868,188.31,0.154,51.26,1.1
RECHERCHE-015_x089088_y013824,RECHERCHE-015,test,"[825, 521, 1024, 839]",42865.5,1,Class 1 (Segmental Sclerosis),94795.5,1365.37,0.639,0.9825,0.6797,0.8337,158.39,0.2281,36.06,1.4292
RECHERCHE-015_x090624_y013824,RECHERCHE-015,test,"[57, 521, 375, 841]",72107.5,1,Class 1 (Segmental Sclerosis),118253.5,1397.79,0.7606,0.9865,0.7104,0.9951,159.71,0.225,37.66,1.4097
RECHERCHE-015_x016896_y015360,RECHERCHE-015,test,"[317, 528, 690, 892]",135036.0,0,Class 0 (Normal / Preserved),162384.0,1612.0,0.7853,1.0,0.9951,1.0251,177.6,0.1737,40.57,1.2409
RECHERCHE-015_x019968_y015360,RECHERCHE-015,test,"[909, 0, 1024, 314]",25234.0,1,Class 1 (Segmental Sclerosis),73995.0,1282.13,0.5656,0.9907,0.7025,0.5066,173.49,0.1816,34.77,1.3
RECHERCHE-015_x021504_y015360,RECHERCHE-015,test,"[141, 0, 534, 331]",101715.5,4,Class 4,132254.5,1423.84,0.8198,0.993,0.783,0.9903,177.91,0.1689,33.99,1.2704
RECHERCHE-015_x055296_y015360,RECHERCHE-015,test,"[970, 951, 1024, 1024]",2495.5,1,Class 1 (Segmental Sclerosis),112672.5,1637.98,0.5277,0.9829,0.6551,0.8308,183.68,0.159,43.44,1.1399
RECHERCHE-015_x055296_y015360,RECHERCHE-015,test,"[254, 113, 701, 581]",165322.5,0,Class 0 (Normal / Preserved),126285.0,1355.83,0.8633,0.9937,0.7897,0.956,186.19,0.1529,44.0,1.1539
RECHERCHE-015_x087552_y015360,RECHERCHE-015,test,"[493, 0, 878, 288]",89462.0,1,Class 1 (Segmental Sclerosis),126957.0,1451.96,0.7568,0.9939,0.8084,1.0651,171.69,0.1962,49.65,1.1933
RECHERCHE-015_x090624_y015360,RECHERCHE-015,test,"[69, 0, 360, 73]",14275.5,1,Class 1 (Segmental Sclerosis),47971.5,1089.95,0.5074,0.9822,0.6786,2.3895,168.2,0.2027,40.76,1.3146
RECHERCHE-015_x013824_y016896,RECHERCHE-015,test,"[96, 395, 556, 844]",153125.0,0,Class 0 (Normal / Preserved),121132.5,1350.15,0.835,0.9935,0.7423,1.0251,171.13,0.1981,49.3,1.2119
RECHERCHE-015_x016896_y016896,RECHERCHE-015,test,"[317, 0, 690, 124]",45756.0,1,Class 1 (Segmental Sclerosis),87720.0,1246.0,0.71,1.0,0.9929,1.8935,169.52,0.1934,37.97,1.2643
RECHERCHE-015_x055296_y016896,RECHERCHE-015,test,"[923, 183, 1024, 562]",25842.5,1,Class 1 (Segmental Sclerosis),49956.5,1083.69,0.5346,0.9888,0.6753,0.438,171.01,0.1899,39.31,1.2163
RECHERCHE-015_x056832_y016896,RECHERCHE-015,test,"[155, 183, 542, 591]",118948.0,1,Class 1 (Segmental Sclerosis),119690.0,1360.37,0.8127,0.9955,0.7542,0.9487,170.58,0.1917,40.42,1.2148
RECHERCHE-015_x056832_y016896,RECHERCHE-015,test,"[572, 165, 1024, 565]",127606.0,1,Class 1 (Segmental Sclerosis),116272.0,1347.99,0.8041,0.9925,0.7079,1.2604,183.33,0.1605,43.52,1.1678
RECHERCHE-015_x058368_y016896,RECHERCHE-015,test,"[0, 165, 289, 546]",77563.5,1,Class 1 (Segmental Sclerosis),111640.5,1410.51,0.7051,0.9933,0.7053,0.9462,191.05,0.1412,43.19,1.1421
RECHERCHE-015_x013824_y018432,RECHERCHE-015,test,"[710, 524, 1024, 923]",103493.0,1,Class 1 (Segmental Sclerosis),133802.0,1449.35,0.8004,0.9948,0.8282,0.9658,156.21,0.2361,42.76,1.2867
RECHERCHE-015_x013824_y018432,RECHERCHE-015,test,"[174, 0, 455, 76]",14839.5,5,Class 5,52502.5,1104.78,0.5406,0.9862,0.7053,2.2473,166.68,0.2079,46.33,1.2239
RECHERCHE-015_x015360_y018432,RECHERCHE-015,test,"[0, 524, 340, 923]",114169.5,1,Class 1 (Segmental Sclerosis),143387.5,1476.71,0.8263,0.9952,0.8427,1.0171,158.8,0.2294,44.25,1.2692
RECHERCHE-015_x015360_y018432,RECHERCHE-015,test,"[388, 517, 848, 903]",118350.0,1,Class 1 (Segmental Sclerosis),93437.5,1226.44,0.7806,0.9784,0.666,1.1924,177.17,0.1843,51.42,1.1769
RECHERCHE-015_x013824_y019968,RECHERCHE-015,test,"[730, 0, 1024, 155]",35638.0,1,Class 1 (Segmental Sclerosis),108741.0,1447.22,0.6524,0.993,0.7853,1.4885,157.94,0.234,46.41,1.2515
RECHERCHE-015_x015360_y019968,RECHERCHE-015,test,"[388, 0, 817, 135]",34296.0,1,Class 1 (Segmental Sclerosis),50170.0,1091.27,0.5294,0.9713,0.5955,1.9854,158.25,0.2323,44.93,1.2799
RECHERCHE-015_x015360_y019968,RECHERCHE-015,test,"[0, 0, 339, 155]",41570.5,1,Class 1 (Segmental Sclerosis),99625.5,1373.06,0.664,0.9929,0.7945,1.6582,161.4,0.2252,48.14,1.2302
RECHERCHE-015_x049152_y019968,RECHERCHE-015,test,"[578, 937, 841, 1024]",17173.0,5,Class 5,66118.0,1161.16,0.6162,0.9866,0.7554,1.9112,171.44,0.1868,32.44,1.337
RECHERCHE-015_x047616_y021504,RECHERCHE-015,test,"[205, 45, 611, 488]",139945.0,0,Class 0 (Normal / Preserved),121857.0,1348.86,0.8416,0.9915,0.7774,0.8971,184.14,0.1576,43.58,1.1624
RECHERCHE-015_x049152_y021504,RECHERCHE-015,test,"[507, 169, 841, 445]",64596.5,1,Class 1 (Segmental Sclerosis),96986.5,1274.67,0.7501,0.9778,0.6995,1.2065,172.59,0.1838,32.94,1.3313
RECHERCHE-015_x004608_y023040,RECHERCHE-015,test,"[504, 38, 913, 530]",145110.0,0,Class 0 (Normal / Preserved),104358.0,1274.6,0.8072,0.9925,0.7184,0.8005,173.88,0.1905,50.14,1.1875
RECHERCHE-015_x006144_y023040,RECHERCHE-015,test,"[829, 282, 1024, 546]",35848.5,1,Class 1 (Segmental Sclerosis),108837.5,1446.54,0.6536,0.9915,0.6984,0.9315,159.92,0.2234,36.08,1.4212
RECHERCHE-015_x006144_y023040,RECHERCHE-015,test,"[0, 38, 145, 511]",45698.5,1,Class 1 (Segmental Sclerosis),57416.0,1108.24,0.5875,0.9905,0.6688,0.4753,184.14,0.1639,50.85,1.1267
RECHERCHE-015_x007680_y023040,RECHERCHE-015,test,"[61, 280, 408, 546]",66460.5,1,Class 1 (Segmental Sclerosis),92708.5,1220.82,0.7817,0.9911,0.7207,1.3131,157.35,0.2301,34.92,1.4418
RECHERCHE-016_x132096_y001536,RECHERCHE-016,val,"[315, 899, 576, 1024]",20360.0,1,Class 1 (Segmental Sclerosis),72468.0,1274.56,0.5606,0.976,0.6261,1.4452,159.09,0.2217,31.4,1.378
RECHERCHE-016_x132096_y001536,RECHERCHE-016,val,"[671, 735, 947, 1024]",60606.5,1,Class 1 (Segmental Sclerosis),135180.5,1506.99,0.748,0.9915,0.7598,0.8593,148.87,0.2566,36.66,1.4351
RECHERCHE-016_x133632_y001536,RECHERCHE-016,val,"[0, 735, 179, 1024]",40340.5,1,Class 1 (Segmental Sclerosis),121055.5,1477.63,0.6967,0.9932,0.7825,0.7473,146.72,0.2645,38.35,1.4216
RECHERCHE-016_x132096_y003072,RECHERCHE-016,val,"[652, 390, 1024, 726]",91693.0,1,Class 1 (Segmental Sclerosis),123874.0,1431.28,0.7599,0.9885,0.7338,1.2264,150.68,0.249,32.94,1.4672
RECHERCHE-016_x132096_y003072,RECHERCHE-016,val,"[313, 131, 668, 545]",91768.0,1,Class 1 (Segmental Sclerosis),89747.0,1200.85,0.7821,0.9897,0.6252,0.8582,157.07,0.2287,32.86,1.4052
RECHERCHE-016_x132096_y003072,RECHERCHE-016,val,"[671, 0, 947, 262]",56979.5,1,Class 1 (Segmental Sclerosis),142412.5,1548.62,0.7462,0.9914,0.7878,0.9253,148.82,0.2568,36.72,1.4321
RECHERCHE-016_x133632_y003072,RECHERCHE-016,val,"[0, 390, 302, 726]",82665.0,1,Class 1 (Segmental Sclerosis),143209.0,1498.61,0.8013,0.9938,0.8162,1.0489,146.96,0.2606,32.32,1.5017
RECHERCHE-016_x133632_y003072,RECHERCHE-016,val,"[0, 0, 179, 262]",38591.5,1,Class 1 (Segmental Sclerosis),136390.5,1536.52,0.726,0.9934,0.8258,0.7978,146.74,0.2647,38.82,1.413
RECHERCHE-016_x124416_y007680,RECHERCHE-016,val,"[120, 821, 479, 1024]",61973.0,0,Class 0 (Normal / Preserved),110982.0,1356.27,0.7582,0.9947,0.8533,1.2862,151.28,0.2549,41.09,1.4376
RECHERCHE-016_x124416_y007680,RECHERCHE-016,val,"[467, 278, 930, 751]",155414.5,1,Class 1 (Segmental Sclerosis),116557.0,1325.45,0.8337,0.9913,0.7107,0.9804,157.18,0.249,56.19,1.2481
RECHERCHE-016_x125952_y007680,RECHERCHE-016,val,"[0, 306, 162, 737]",47752.5,1,Class 1 (Segmental Sclerosis),66686.0,1134.52,0.6511,0.9917,0.688,0.5795,147.31,0.2806,54.73,1.2848
RECHERCHE-016_x127488_y007680,RECHERCHE-016,val,"[571, 343, 970, 792]",138163.5,1,Class 1 (Segmental Sclerosis),120852.0,1326.94,0.8625,0.9939,0.7715,0.9364,142.7,0.2827,43.91,1.3373
RECHERCHE-016_x129024_y007680,RECHERCHE-016,val,"[0, 343, 202, 792]",67511.5,1,Class 1 (Segmental Sclerosis),82867.5,1211.31,0.7097,0.9932,0.7476,0.6626,144.94,0.2736,42.42,1.3168
RECHERCHE-016_x129024_y007680,RECHERCHE-016,val,"[324, 230, 675, 550]",77773.0,1,Class 1 (Segmental Sclerosis),106132.0,1296.88,0.793,0.9886,0.692,1.0907,141.23,0.2792,28.77,1.6127
RECHERCHE-016_x092160_y009216,RECHERCHE-016,val,"[0, 937, 189, 1024]",11625.5,1,Class 1 (Segmental Sclerosis),89271.5,1403.04,0.5699,0.9898,0.7161,1.6606,171.24,0.1871,32.69,1.3206
RECHERCHE-016_x122880_y009216,RECHERCHE-016,val,"[321, 785, 761, 1024]",79414.5,1,Class 1 (Segmental Sclerosis),95957.5,1257.68,0.7623,0.9937,0.7568,1.3194,136.26,0.3083,43.44,1.4908
RECHERCHE-016_x122880_y009216,RECHERCHE-016,val,"[884, 53, 1024, 468]",48654.0,1,Class 1 (Segmental Sclerosis),74668.0,1169.5,0.686,0.9919,0.8413,0.5306,147.15,0.2691,41.68,1.459
RECHERCHE-016_x124416_y009216,RECHERCHE-016,val,"[116, 53, 479, 469]",126371.5,1,Class 1 (Segmental Sclerosis),122554.0,1334.35,0.865,0.995,0.837,0.8753,144.84,0.2732,37.59,1.5012
RECHERCHE-016_x090624_y010752,RECHERCHE-016,val,"[723, 598, 1024, 913]",72993.5,3,Class 3 (Hypertrophic / Atypical),140333.5,1567.17,0.718,0.9811,0.769,1.0803,163.32,0.2089,31.09,1.3834
RECHERCHE-016_x090624_y010752,RECHERCHE-016,val,"[344, 306, 736, 754]",124638.0,1,Class 1 (Segmental Sclerosis),104147.0,1263.71,0.8195,0.9922,0.7093,0.8778,174.4,0.18,36.1,1.266
RECHERCHE-016_x090624_y010752,RECHERCHE-016,val,"[714, 169, 973, 437]",55079.5,1,Class 1 (Segmental Sclerosis),129254.5,1457.45,0.7647,0.9914,0.7962,0.9611,171.49,0.187,35.07,1.29
RECHERCHE-016_x092160_y010752,RECHERCHE-016,val,"[0, 598, 352, 913]",89584.0,1,Class 1 (Segmental Sclerosis),134981.0,1463.09,0.7924,0.9891,0.8088,1.2459,159.93,0.2185,30.76,1.4024
RECHERCHE-016_x092160_y010752,RECHERCHE-016,val,"[0, 169, 205, 437]",44191.5,1,Class 1 (Segmental Sclerosis),129028.5,1485.29,0.735,0.993,0.807,0.9465,168.98,0.1938,34.58,1.3122
RECHERCHE-016_x121344_y010752,RECHERCHE-016,val,"[250, 808, 525, 1024]",47801.5,1,Class 1 (Segmental Sclerosis),130665.5,1502.32,0.7275,0.9897,0.8069,1.0431,157.8,0.2325,41.65,1.3451
RECHERCHE-016_x121344_y010752,RECHERCHE-016,val,"[529, 721, 856, 1024]",78335.0,1,Class 1 (Segmental Sclerosis),141105.0,1480.15,0.8094,0.9929,0.7931,0.9402,130.11,0.3171,24.98,1.6979
RECHERCHE-016_x122880_y010752,RECHERCHE-016,val,"[280, 846, 751, 1024]",66499.5,1,Class 1 (Segmental Sclerosis),77082.5,1172.6,0.7045,0.9951,0.7952,1.7257,154.07,0.2579,55.27,1.2473
RECHERCHE-016_x122880_y010752,RECHERCHE-016,val,"[0, 740, 88, 1024]",17164.0,1,Class 1 (Segmental Sclerosis),64075.0,1226.82,0.535,0.987,0.6952,0.4471,138.45,0.2869,28.87,1.4981
RECHERCHE-016_x122880_y010752,RECHERCHE-016,val,"[321, 17, 761, 421]",120788.0,1,Class 1 (Segmental Sclerosis),116545.0,1319.27,0.8415,0.9929,0.6801,0.9761,138.54,0.3006,43.7,1.4807
RECHERCHE-016_x124416_y010752,RECHERCHE-016,val,"[707, 593, 1024, 908]",81649.5,1,Class 1 (Segmental Sclerosis),151025.5,1582.68,0.7577,0.9937,0.8173,1.1155,125.42,0.3446,39.9,1.5322
RECHERCHE-016_x125952_y010752,RECHERCHE-016,val,"[0, 593, 365, 908]",97989.0,1,Class 1 (Segmental Sclerosis),137003.0,1463.21,0.8041,0.994,0.853,1.289,130.89,0.3258,41.99,1.4758
RECHERCHE-016_x090624_y012288,RECHERCHE-016,val,"[723, 0, 1024, 145]",31175.5,1,Class 1 (Segmental Sclerosis),92887.5,1393.75,0.6009,0.9936,0.7179,1.593,165.36,0.2042,32.92,1.3694
RECHERCHE-016_x092160_y012288,RECHERCHE-016,val,"[0, 0, 346, 145]",39277.0,1,Class 1 (Segmental Sclerosis),92188.0,1328.27,0.6566,0.9928,0.7866,1.7743,161.84,0.2138,31.72,1.3981
RECHERCHE-016_x121344_y012288,RECHERCHE-016,val,"[250, 40, 525, 347]",65139.5,1,Class 1 (Segmental Sclerosis),116603.5,1368.65,0.7822,0.989,0.773,0.8929,161.35,0.2227,42.85,1.3209
RECHERCHE-016_x121344_y012288,RECHERCHE-016,val,"[529, 0, 856, 297]",74923.0,1,Class 1 (Segmental Sclerosis),136335.0,1479.18,0.783,0.9933,0.7734,0.949,130.7,0.3152,25.76,1.683
RECHERCHE-016_x122880_y012288,RECHERCHE-016,val,"[268, 78, 757, 531]",172449.5,1,Class 1 (Segmental Sclerosis),121201.0,1337.34,0.8516,0.9938,0.7798,1.0763,142.44,0.2865,47.02,1.3274
RECHERCHE-016_x122880_y012288,RECHERCHE-016,val,"[0, 0, 88, 260]",16581.0,1,Class 1 (Segmental Sclerosis),73172.0,1276.88,0.564,0.988,0.7327,0.4803,138.91,0.2856,28.98,1.4993
RECHERCHE-016_x124416_y012288,RECHERCHE-016,val,"[708, 0, 1024, 140]",37610.5,1,Class 1 (Segmental Sclerosis),103857.5,1389.04,0.6764,0.9943,0.8536,1.694,128.64,0.332,40.6,1.4778
RECHERCHE-016_x125952_y012288,RECHERCHE-016,val,"[0, 0, 358, 140]",44474.5,1,Class 1 (Segmental Sclerosis),99083.5,1343.04,0.6903,0.9942,0.8925,1.8648,132.68,0.3183,42.05,1.4499
RECHERCHE-016_x119808_y013824,RECHERCHE-016,val,"[739, 887, 1024, 1024]",29104.0,1,Class 1 (Segmental Sclerosis),96364.0,1378.62,0.6371,0.9921,0.75,1.6042,133.85,0.309,40.39,1.384
RECHERCHE-016_x121344_y013824,RECHERCHE-016,val,"[0, 887, 322, 1024]",33536.5,1,Class 1 (Segmental Sclerosis),90147.5,1328.17,0.6422,0.9913,0.7633,1.7606,135.59,0.3065,43.89,1.3669
RECHERCHE-016_x082944_y015360,RECHERCHE-016,val,"[236, 912, 579, 1024]",30479.0,0,Class 0 (Normal / Preserved),69105.0,1153.65,0.6525,0.9902,0.797,1.9292,166.54,0.2064,41.31,1.2989
RECHERCHE-016_x082944_y015360,RECHERCHE-016,val,"[574, 365, 1024, 846]",164252.0,1,Class 1 (Segmental Sclerosis),136067.5,1423.47,0.8439,0.9928,0.7596,1.0709,166.93,0.2123,50.84,1.2077
RECHERCHE-016_x084480_y015360,RECHERCHE-016,val,"[0, 365, 283, 846]",112252.0,1,Class 1 (Segmental Sclerosis),110993.5,1339.37,0.7775,0.9942,0.8274,0.802,159.12,0.2322,47.52,1.2447
RECHERCHE-016_x086016_y015360,RECHERCHE-016,val,"[621, 432, 1024, 911]",144201.5,1,Class 1 (Segmental Sclerosis),125817.5,1357.75,0.8577,0.9949,0.7485,1.0049,150.37,0.255,42.89,1.2898
RECHERCHE-016_x087552_y015360,RECHERCHE-016,val,"[0, 432, 273, 911]",95036.0,1,Class 1 (Segmental Sclerosis),95579.5,1270.31,0.7443,0.9939,0.728,0.7848,150.76,0.2543,43.51,1.2734
RECHERCHE-016_x087552_y015360,RECHERCHE-016,val,"[405, 338, 747, 681]",81870.5,1,Class 1 (Segmental Sclerosis),116961.5,1368.98,0.7843,0.9913,0.6992,1.0,150.31,0.2485,28.92,1.5236
RECHERCHE-016_x116736_y015360,RECHERCHE-016,val,"[221, 224, 660, 655]",136369.5,1,Class 1 (Segmental Sclerosis),118597.5,1340.09,0.8299,0.9938,0.7231,1.02,155.31,0.249,52.81,1.2555
RECHERCHE-016_x119808_y015360,RECHERCHE-016,val,"[377, 702, 804, 1024]",104689.5,1,Class 1 (Segmental Sclerosis),120297.5,1347.24,0.8329,0.993,0.7602,1.0675,176.04,0.1805,43.45,1.2486
RECHERCHE-016_x119808_y015360,RECHERCHE-016,val,"[739, 119, 1024, 520]",87466.5,1,Class 1 (Segmental Sclerosis),116307.5,1366.79,0.7824,0.9942,0.7665,0.9071,133.99,0.3108,42.56,1.3874
RECHERCHE-016_x121344_y015360,RECHERCHE-016,val,"[0, 789, 36, 965]",3593.0,0,Class 0 (Normal / Preserved),34583.0,1060.99,0.3861,0.9718,0.5872,0.3521,192.02,0.1405,46.14,1.1269
RECHERCHE-016_x121344_y015360,RECHERCHE-016,val,"[0, 119, 332, 520]",101880.0,1,Class 1 (Segmental Sclerosis),127886.0,1400.37,0.8195,0.9934,0.7664,0.9976,133.78,0.3123,43.11,1.3871
RECHERCHE-016_x081408_y016896,RECHERCHE-016,val,"[428, 832, 858, 1024]",62291.5,1,Class 1 (Segmental Sclerosis),83034.0,1207.9,0.7152,0.9931,0.7547,1.5204,155.43,0.2417,43.69,1.3404
RECHERCHE-016_x081408_y016896,RECHERCHE-016,val,"[981, 208, 1024, 489]",6927.0,0,Class 0 (Normal / Preserved),26612.0,986.79,0.3434,0.974,0.5862,0.2714,165.78,0.2107,44.51,1.2684
RECHERCHE-016_x082944_y016896,RECHERCHE-016,val,"[0, 858, 90, 1024]",10676.0,1,Class 1 (Segmental Sclerosis),101828.0,1477.14,0.5865,0.9887,0.7235,0.6828,160.41,0.2214,39.5,1.2958
RECHERCHE-016_x082944_y016896,RECHERCHE-016,val,"[213, 144, 588, 533]",118688.0,1,Class 1 (Segmental Sclerosis),131246.0,1396.63,0.8455,0.9932,0.8124,0.9658,155.35,0.2373,36.8,1.424
RECHERCHE-016_x082944_y016896,RECHERCHE-016,val,"[684, 0, 993, 78]",16987.0,1,Class 1 (Segmental Sclerosis),51283.0,1101.85,0.5308,0.9853,0.7092,2.4162,158.3,0.2301,42.46,1.2629
RECHERCHE-016_x086016_y016896,RECHERCHE-016,val,"[625, 0, 998, 143]",37377.5,1,Class 1 (Segmental Sclerosis),72497.5,1206.54,0.6258,0.9913,0.7012,1.7801,151.87,0.2513,43.28,1.2956
RECHERCHE-016_x119808_y016896,RECHERCHE-016,val,"[377, 0, 804, 273]",92483.5,0,Class 0 (Normal / Preserved),113067.5,1321.62,0.8135,0.9946,0.7928,1.1844,176.33,0.1796,43.41,1.2503
RECHERCHE-016_x079872_y018432,RECHERCHE-016,val,"[325, 933, 580, 1024]",16048.0,0,Class 0 (Normal / Preserved),64631.0,1185.99,0.5774,0.9867,0.6961,1.8018,180.41,0.17,44.81,1.1785
RECHERCHE-016_x079872_y018432,RECHERCHE-016,val,"[610, 832, 911, 1024]",46312.0,1,Class 1 (Segmental Sclerosis),113527.0,1409.93,0.7177,0.9854,0.8022,1.1821,144.45,0.268,29.02,1.5453
RECHERCHE-016_x081408_y018432,RECHERCHE-016,val,"[429, 959, 777, 1024]",14800.5,1,Class 1 (Segmental Sclerosis),35921.5,1018.98,0.4347,0.9813,0.6571,3.0902,190.12,0.1506,49.49,1.1251
RECHERCHE-016_x081408_y018432,RECHERCHE-016,val,"[0, 832, 143, 1024]",22730.0,1,Class 1 (Segmental Sclerosis),144733.0,1625.48,0.6884,0.9922,0.8327,0.8396,150.71,0.249,32.24,1.4612
RECHERCHE-016_x081408_y018432,RECHERCHE-016,val,"[428, 64, 858, 456]",131771.0,1,Class 1 (Segmental Sclerosis),121386.5,1322.7,0.8719,0.9939,0.781,1.0763,156.94,0.2371,43.64,1.3372
RECHERCHE-016_x082944_y018432,RECHERCHE-016,val,"[805, 670, 1024, 972]",51565.0,5,Class 5,120101.0,1442.98,0.7248,0.9877,0.781,0.9193,144.8,0.2716,39.44,1.3912
RECHERCHE-016_x082944_y018432,RECHERCHE-016,val,"[0, 90, 90, 421]",19224.0,1,Class 1 (Segmental Sclerosis),48965.0,1089.1,0.5187,0.9852,0.651,0.4453,157.48,0.2295,37.48,1.3454
RECHERCHE-016_x084480_y018432,RECHERCHE-016,val,"[37, 670, 524, 1005]",120756.0,5,Class 5,110230.0,1298.45,0.8216,0.9841,0.7393,1.2171,146.94,0.2663,41.22,1.3745
RECHERCHE-016_x052224_y019968,RECHERCHE-016,val,"[146, 907, 489, 1024]",32681.5,1,Class 1 (Segmental Sclerosis),73291.5,1175.26,0.6668,0.99,0.8183,1.8676,182.22,0.161,37.87,1.2224
RECHERCHE-016_x079872_y019968,RECHERCHE-016,val,"[319, 165, 631, 516]",83574.0,1,Class 1 (Segmental Sclerosis),114059.0,1335.46,0.8037,0.9915,0.764,0.8924,168.06,0.1997,39.36,1.2827
RECHERCHE-016_x079872_y019968,RECHERCHE-016,val,"[610, 64, 911, 429]",84231.0,1,Class 1 (Segmental Sclerosis),105802.0,1294.69,0.7932,0.9881,0.7676,0.824,148.18,0.2568,32.35,1.4824
RECHERCHE-016_x081408_y019968,RECHERCHE-016,val,"[590, 758, 910, 1024]",64013.0,1,Class 1 (Segmental Sclerosis),126056.0,1433.18,0.7712,0.9917,0.7554,1.0025,161.91,0.215,35.9,1.3507
RECHERCHE-016_x081408_y019968,RECHERCHE-016,val,"[382, 191, 857, 638]",161635.5,1,Class 1 (Segmental Sclerosis),120422.0,1351.34,0.8287,0.9923,0.761,1.0675,158.18,0.2318,44.59,1.2507
RECHERCHE-016_x081408_y019968,RECHERCHE-016,val,"[0, 64, 143, 420]",39680.5,1,Class 1 (Segmental Sclerosis),80149.5,1223.69,0.6726,0.9912,0.78,0.6083,149.42,0.2517,30.26,1.4798
RECHERCHE-016_x082944_y019968,RECHERCHE-016,val,"[0, 758, 142, 1020]",27315.0,1,Class 1 (Segmental Sclerosis),102627.0,1414.42,0.6446,0.9909,0.7373,0.6904,161.1,0.2156,33.46,1.3581
RECHERCHE-016_x082944_y019968,RECHERCHE-016,val,"[0, 248, 89, 579]",18939.0,1,Class 1 (Segmental Sclerosis),48445.0,1089.45,0.5129,0.9879,0.6476,0.4428,156.83,0.234,40.04,1.2915
RECHERCHE-016_x082944_y019968,RECHERCHE-016,val,"[805, 0, 1024, 204]",36127.5,5,Class 5,161918.5,1713.46,0.693,0.9872,0.8125,1.0388,141.33,0.2816,37.19,1.4299
RECHERCHE-016_x084480_y019968,RECHERCHE-016,val,"[37, 0, 524, 237]",91641.5,1,Class 1 (Segmental Sclerosis),97246.0,1275.55,0.7511,0.983,0.7954,1.4843,146.31,0.2676,40.33,1.3855
RECHERCHE-016_x116736_y019968,RECHERCHE-016,val,"[470, 109, 889, 542]",127884.5,2,Class 2 (Global Sclerosis / Necrotic),114557.5,1306.32,0.8436,0.9937,0.7055,0.9707,158.54,0.2429,55.55,1.2459
RECHERCHE-016_x118272_y019968,RECHERCHE-016,val,"[0, 155, 121, 509]",32460.0,1,Class 1 (Segmental Sclerosis),68756.0,1161.93,0.64,0.9904,0.7604,0.5353,163.2,0.2279,54.68,1.2351
RECHERCHE-016_x050688_y021504,RECHERCHE-016,val,"[914, 140, 1024, 430]",20121.0,1,Class 1 (Segmental Sclerosis),61977.0,1214.33,0.5282,0.9527,0.6336,0.5791,170.79,0.1913,37.01,1.2966
RECHERCHE-016_x052224_y021504,RECHERCHE-016,val,"[533, 269, 938, 627]",109819.0,1,Class 1 (Segmental Sclerosis),112360.0,1283.43,0.8572,0.9946,0.7568,1.1267,168.97,0.1915,30.51,1.3262
RECHERCHE-016_x052224_y021504,RECHERCHE-016,val,"[146, 139, 528, 495]",100720.0,3,Class 3 (Hypertrophic / Atypical),115608.0,1368.63,0.7756,0.9857,0.7419,1.0735,177.69,0.1703,34.47,1.2499
RECHERCHE-016_x053760_y021504,RECHERCHE-016,val,"[0, 273, 170, 627]",46192.0,1,Class 1 (Segmental Sclerosis),89950.0,1282.56,0.6872,0.992,0.7679,0.6934,164.67,0.2037,30.9,1.3524
RECHERCHE-016_x081408_y021504,RECHERCHE-016,val,"[590, 0, 910, 264]",63482.5,1,Class 1 (Segmental Sclerosis),125556.5,1436.1,0.765,0.9914,0.7524,1.0025,161.81,0.2153,35.78,1.3532
RECHERCHE-016_x082944_y021504,RECHERCHE-016,val,"[0, 0, 142, 252]",26551.0,1,Class 1 (Segmental Sclerosis),108372.0,1450.27,0.6475,0.9921,0.7466,0.7011,161.04,0.2158,33.28,1.3639
RECHERCHE-016_x075264_y023040,RECHERCHE-016,val,"[563, 452, 1010, 903]",149721.0,1,Class 1 (Segmental Sclerosis),134340.5,1414.72,0.8435,0.9939,0.7412,1.073,172.03,0.1946,48.51,1.1908
RECHERCHE-016_x076800_y023040,RECHERCHE-016,val,"[0, 459, 242, 903]",82066.0,1,Class 1 (Segmental Sclerosis),97871.0,1289.7,0.7394,0.9939,0.7632,0.7591,173.01,0.1909,47.44,1.1803
RECHERCHE-016_x078336_y023040,RECHERCHE-016,val,"[716, 878, 1024, 1024]",36427.0,1,Class 1 (Segmental Sclerosis),103932.0,1440.48,0.6294,0.99,0.8129,1.6192,183.94,0.1564,38.79,1.2079
RECHERCHE-016_x078336_y023040,RECHERCHE-016,val,"[971, 323, 1024, 599]",8936.0,1,Class 1 (Segmental Sclerosis),34386.0,1025.08,0.4112,0.9794,0.6182,0.3325,139.65,0.2838,33.84,1.3906
RECHERCHE-016_x079872_y023040,RECHERCHE-016,val,"[0, 878, 325, 1024]",36134.5,1,Class 1 (Segmental Sclerosis),93970.5,1347.0,0.6508,0.9932,0.7649,1.6852,183.59,0.1565,37.92,1.2083
RECHERCHE-016_x079872_y023040,RECHERCHE-016,val,"[203, 250, 597, 685]",134188.0,1,Class 1 (Segmental Sclerosis),119067.5,1328.61,0.8476,0.9937,0.7809,0.9027,147.47,0.2636,42.24,1.3128
RECHERCHE-016_x075264_y024576,RECHERCHE-016,val,"[612, 0, 1000, 135]",36345.5,1,Class 1 (Segmental Sclerosis),67238.5,1180.06,0.6068,0.9914,0.698,1.9372,169.16,0.2017,47.74,1.1906
RECHERCHE-016_x078336_y024576,RECHERCHE-016,val,"[713, 110, 1024, 432]",83674.5,3,Class 3 (Hypertrophic / Atypical),152895.5,1595.6,0.7547,0.992,0.8341,1.0852,182.04,0.161,38.56,1.2279
RECHERCHE-016_x079872_y024576,RECHERCHE-016,val,"[0, 110, 328, 432]",85107.0,3,Class 3 (Hypertrophic / Atypical),147749.0,1524.21,0.7992,0.9936,0.804,1.1315,182.83,0.1588,38.4,1.222
RECHERCHE-016_x046080_y026112,RECHERCHE-016,val,"[296, 899, 662, 1024]",37452.0,1,Class 1 (Segmental Sclerosis),73726.0,1175.85,0.6701,0.9924,0.8231,1.8676,178.04,0.1797,49.28,1.1623
RECHERCHE-016_x049152_y026112,RECHERCHE-016,val,"[245, 574, 618, 1024]",134907.0,1,Class 1 (Segmental Sclerosis),124037.0,1340.31,0.8677,0.9955,0.8042,0.7451,155.94,0.2383,44.56,1.2699
RECHERCHE-016_x049152_y026112,RECHERCHE-016,val,"[748, 360, 1024, 699]",73842.5,1,Class 1 (Segmental Sclerosis),130746.5,1444.16,0.7878,0.9927,0.7894,0.9805,153.41,0.2416,34.49,1.4654
RECHERCHE-016_x050688_y026112,RECHERCHE-016,val,"[0, 360, 332, 699]",82197.5,1,Class 1 (Segmental Sclerosis),134948.5,1477.24,0.7771,0.9924,0.7296,1.0949,150.84,0.2498,34.32,1.4857
RECHERCHE-016_x019968_y027648,RECHERCHE-016,val,"[380, 819, 660, 1024]",45057.0,1,Class 1 (Segmental Sclerosis),121553.0,1470.76,0.7061,0.9912,0.7883,1.0849,179.98,0.1651,35.15,1.2355
RECHERCHE-016_x046080_y027648,RECHERCHE-016,val,"[8, 728, 357, 1024]",85986.0,1,Class 1 (Segmental Sclerosis),153609.0,1578.1,0.7751,0.9933,0.8338,1.0749,158.19,0.2259,32.35,1.4441
RECHERCHE-016_x046080_y027648,RECHERCHE-016,val,"[273, 131, 683, 555]",133271.0,1,Class 1 (Segmental Sclerosis),124340.5,1363.73,0.8402,0.9938,0.7658,0.9707,168.38,0.2028,46.16,1.2067
RECHERCHE-016_x049152_y027648,RECHERCHE-016,val,"[245, 0, 618, 260]",76035.5,1,Class 1 (Segmental Sclerosis),117944.5,1399.8,0.7564,0.995,0.7858,1.1144,152.2,0.2471,41.34,1.2942
RECHERCHE-016_x076800_y027648,RECHERCHE-016,val,"[249, 381, 655, 784]",132936.5,2,Class 2 (Global Sclerosis / Necrotic),135379.5,1393.1,0.8766,0.9958,0.8133,1.0049,167.17,0.2123,51.67,1.2404
RECHERCHE-016_x019968_y029184,RECHERCHE-016,val,"[616, 285, 1024, 627]",103962.0,3,Class 3 (Hypertrophic / Atypical),116393.0,1393.26,0.7535,0.9874,0.7458,1.3265,168.84,0.1926,30.79,1.3352
RECHERCHE-016_x019968_y029184,RECHERCHE-016,val,"[380, 51, 660, 356]",64476.5,3,Class 3 (Hypertrophic / Atypical),116233.5,1390.02,0.756,0.9902,0.7578,0.9169,180.58,0.1617,32.72,1.2295
RECHERCHE-016_x021504_y029184,RECHERCHE-016,val,"[0, 285, 256, 627]",74467.0,1,Class 1 (Segmental Sclerosis),133725.0,1469.53,0.7782,0.9933,0.8514,0.9389,162.01,0.2115,29.01,1.4011
RECHERCHE-016_x044544_y029184,RECHERCHE-016,val,"[369, 709, 792, 1024]",103237.0,1,Class 1 (Segmental Sclerosis),121038.0,1383.52,0.7946,0.9947,0.7747,1.0707,160.68,0.2243,43.06,1.3122
RECHERCHE-016_x044544_y029184,RECHERCHE-016,val,"[776, 0, 1024, 334]",75413.0,1,Class 1 (Segmental Sclerosis),158175.0,1590.68,0.7856,0.9952,0.9124,0.8374,155.14,0.2338,30.61,1.4643
RECHERCHE-016_x046080_y029184,RECHERCHE-016,val,"[0, 854, 24, 999]",1655.0,1,Class 1 (Segmental Sclerosis),24963.0,1031.05,0.2951,0.9542,0.5061,0.292,143.32,0.2711,31.58,1.452
RECHERCHE-016_x046080_y029184,RECHERCHE-016,val,"[8, 0, 357, 334]",94516.5,1,Class 1 (Segmental Sclerosis),160808.5,1613.74,0.776,0.9936,0.8121,1.0,157.73,0.227,32.49,1.4341
RECHERCHE-016_x044544_y030720,RECHERCHE-016,val,"[530, 811, 1011, 1024]",76484.5,1,Class 1 (Segmental Sclerosis),88768.5,1285.03,0.6755,0.9933,0.7488,1.6629,163.13,0.2159,43.42,1.2418
RECHERCHE-016_x044544_y030720,RECHERCHE-016,val,"[0, 791, 284, 1024]",53095.0,1,Class 1 (Segmental Sclerosis),148246.0,1596.5,0.7309,0.9941,0.8045,1.1235,152.41,0.2412,28.18,1.4748
RECHERCHE-016_x044544_y030720,RECHERCHE-016,val,"[369, 0, 792, 331]",113285.0,2,Class 2 (Global Sclerosis / Necrotic),130635.5,1399.56,0.8381,0.9941,0.8086,1.0354,161.93,0.221,43.44,1.305
RECHERCHE-016_x046080_y030720,RECHERCHE-016,val,"[0, 817, 243, 1024]",36150.0,1,Class 1 (Segmental Sclerosis),136774.0,1661.85,0.6223,0.9943,0.7228,1.0988,153.6,0.2412,38.14,1.3065
RECHERCHE-016_x046080_y030720,RECHERCHE-016,val,"[807, 283, 1024, 613]",50476.5,5,Class 5,101980.5,1390.2,0.6631,0.9916,0.7049,0.8564,151.97,0.2471,39.4,1.3461
RECHERCHE-016_x046080_y030720,RECHERCHE-016,val,"[0, 86, 24, 231]",1655.0,1,Class 1 (Segmental Sclerosis),24963.0,1031.05,0.2951,0.9542,0.5061,0.292,143.32,0.2711,31.58,1.452
RECHERCHE-016_x047616_y030720,RECHERCHE-016,val,"[39, 275, 560, 617]",131472.0,5,Class 5,84475.5,1164.82,0.7824,0.992,0.7354,1.5874,154.59,0.2394,39.16,1.3439
RECHERCHE-016_x010752_y032256,RECHERCHE-016,val,"[583, 494, 936, 865]",97798.5,1,Class 1 (Segmental Sclerosis),119603.5,1360.41,0.8121,0.9919,0.7443,0.9513,160.92,0.2161,31.27,1.4057
RECHERCHE-016_x012288_y032256,RECHERCHE-016,val,"[0, 509, 168, 864]",38384.0,1,Class 1 (Segmental Sclerosis),74629.0,1236.72,0.6132,0.99,0.6439,0.6861,162.13,0.2132,32.64,1.3935
RECHERCHE-016_x012288_y032256,RECHERCHE-016,val,"[260, 79, 644, 456]",109013.5,1,Class 1 (Segmental Sclerosis),124031.5,1369.04,0.8316,0.9932,0.7544,1.0174,171.44,0.1938,45.33,1.1985
RECHERCHE-016_x015360_y032256,RECHERCHE-016,val,"[792, 399, 1024, 750]",64122.5,1,Class 1 (Segmental Sclerosis),114337.5,1388.97,0.7448,0.9898,0.7897,0.8655,166.54,0.1965,26.61,1.3684
RECHERCHE-016_x015360_y032256,RECHERCHE-016,val,"[183, 387, 624, 867]",161918.5,5,Class 5,117824.5,1322.9,0.846,0.9933,0.7662,0.9193,164.93,0.2072,39.61,1.2401
RECHERCHE-016_x016896_y032256,RECHERCHE-016,val,"[24, 399, 361, 750]",87398.5,1,Class 1 (Segmental Sclerosis),126777.5,1420.56,0.7895,0.9897,0.7398,1.0244,164.66,0.2019,26.81,1.3803
RECHERCHE-016_x043008_y032256,RECHERCHE-016,val,"[750, 23, 1024, 455]",90367.0,1,Class 1 (Segmental Sclerosis),114270.0,1315.34,0.83,0.9943,0.7654,0.7926,151.05,0.2449,27.72,1.4877
RECHERCHE-016_x044544_y032256,RECHERCHE-016,val,"[832, 550, 1024, 823]",38867.0,1,Class 1 (Segmental Sclerosis),111986.0,1441.04,0.6777,0.9914,0.744,0.8998,161.12,0.2166,34.22,1.3852
RECHERCHE-016_x044544_y032256,RECHERCHE-016,val,"[507, 43, 1019, 476]",155043.0,1,Class 1 (Segmental Sclerosis),120534.0,1362.91,0.8154,0.9928,0.6978,1.1775,160.84,0.2204,41.49,1.2462
RECHERCHE-016_x044544_y032256,RECHERCHE-016,val,"[0, 23, 284, 455]",91048.0,1,Class 1 (Segmental Sclerosis),113930.0,1321.63,0.8197,0.9943,0.7437,0.8134,151.11,0.2448,27.89,1.4861
RECHERCHE-016_x046080_y032256,RECHERCHE-016,val,"[64, 550, 399, 823]",64768.5,1,Class 1 (Segmental Sclerosis),96827.5,1270.87,0.7534,0.9903,0.7109,1.2282,162.06,0.2136,34.42,1.3651
RECHERCHE-016_x046080_y032256,RECHERCHE-016,val,"[0, 49, 251, 476]",72018.0,1,Class 1 (Segmental Sclerosis),91300.5,1295.82,0.6833,0.9933,0.674,0.7942,156.13,0.2321,37.57,1.2795
RECHERCHE-016_x007680_y033792,RECHERCHE-016,val,"[892, 684, 1024, 1024]",31548.0,1,Class 1 (Segmental Sclerosis),77910.0,1278.36,0.5991,0.9923,0.7047,0.5341,159.48,0.2177,28.79,1.3785
RECHERCHE-016_x009216_y033792,RECHERCHE-016,val,"[698, 995, 911, 1024]",4238.0,1,Class 1 (Segmental Sclerosis),28822.0,981.2,0.3762,0.9758,0.7047,4.09,172.23,0.1813,32.9,1.2128
RECHERCHE-016_x009216_y033792,RECHERCHE-016,val,"[124, 660, 493, 1024]",100406.0,1,Class 1 (Segmental Sclerosis),138239.0,1459.43,0.8156,0.9922,0.7494,0.9069,159.48,0.2177,28.25,1.3902
RECHERCHE-016_x010752_y033792,RECHERCHE-016,val,"[0, 995, 143, 1024]",3024.0,1,Class 1 (Segmental Sclerosis),49003.0,1173.6,0.4471,0.9868,0.7584,3.2042,176.05,0.1715,33.39,1.2027
RECHERCHE-016_x010752_y033792,RECHERCHE-016,val,"[586, 0, 869, 97]",20488.0,1,Class 1 (Segmental Sclerosis),68286.0,1174.48,0.6221,0.9885,0.7518,1.8597,162.56,0.2092,30.5,1.355
RECHERCHE-016_x003072_y035328,RECHERCHE-016,val,"[397, 593, 757, 997]",116060.5,1,Class 1 (Segmental Sclerosis),124743.5,1379.56,0.8237,0.9926,0.7967,0.8508,179.68,0.1688,43.5,1.1602
RECHERCHE-016_x007680_y035328,RECHERCHE-016,val,"[892, 0, 1024, 270]",28838.0,1,Class 1 (Segmental Sclerosis),106260.0,1407.36,0.6742,0.9928,0.8137,0.6308,159.62,0.2174,29.43,1.368
RECHERCHE-016_x009216_y035328,RECHERCHE-016,val,"[607, 838, 929, 1024]",49953.0,1,Class 1 (Segmental Sclerosis),110894.0,1365.59,0.7473,0.9928,0.8353,1.2724,168.4,0.1936,32.39,1.3242
RECHERCHE-016_x009216_y035328,RECHERCHE-016,val,"[592, 227, 1024, 689]",164065.5,1,Class 1 (Segmental Sclerosis),147093.0,1474.77,0.8499,0.9951,0.823,1.0685,164.72,0.2073,39.92,1.2244
RECHERCHE-016_x009216_y035328,RECHERCHE-016,val,"[124, 0, 492, 270]",78706.0,1,Class 1 (Segmental Sclerosis),123195.0,1409.15,0.7796,0.9923,0.7948,1.0792,158.45,0.2208,28.45,1.3956
RECHERCHE-016_x010752_y035328,RECHERCHE-016,val,"[0, 838, 161, 1024]",25741.5,1,Class 1 (Segmental Sclerosis),165036.5,1700.07,0.7176,0.9941,0.8657,0.9209,164.51,0.2038,30.72,1.3519
RECHERCHE-016_x010752_y035328,RECHERCHE-016,val,"[872, 365, 1024, 628]",23112.5,5,Class 5,76961.5,1353.63,0.5278,0.9228,0.5808,0.7922,155.84,0.2288,30.89,1.3515
RECHERCHE-016_x010752_y035328,RECHERCHE-016,val,"[0, 227, 264, 689]",103863.5,1,Class 1 (Segmental Sclerosis),112101.5,1350.8,0.772,0.9942,0.8512,0.7873,162.51,0.2132,38.85,1.2369
RECHERCHE-016_x012288_y035328,RECHERCHE-016,val,"[104, 347, 587, 673]",110424.0,5,Class 5,79399.0,1148.23,0.7568,0.9757,0.6974,1.4838,157.09,0.2285,35.76,1.3299
RECHERCHE-016_x039936_y035328,RECHERCHE-016,val,"[384, 666, 789, 1024]",116994.5,1,Class 1 (Segmental Sclerosis),139990.5,1455.7,0.8302,0.9916,0.8073,0.9646,176.42,0.182,48.5,1.1646
RECHERCHE-016_x043008_y035328,RECHERCHE-016,val,"[516, 904, 924, 1024]",33396.5,1,Class 1 (Segmental Sclerosis),54465.5,1089.77,0.5763,0.9911,0.6829,2.0974,187.52,0.1488,41.5,1.1645
RECHERCHE-016_x043008_y035328,RECHERCHE-016,val,"[717, 258, 1024, 672]",100805.0,1,Class 1 (Segmental Sclerosis),123628.5,1387.96,0.8064,0.9941,0.7934,0.9315,155.39,0.24,45.17,1.2606
RECHERCHE-016_x044544_y035328,RECHERCHE-016,val,"[0, 906, 156, 1024]",12469.5,0,Class 0 (Normal / Preserved),120426.5,1627.04,0.5717,0.9893,0.6854,1.1731,185.6,0.1535,41.54,1.1731
RECHERCHE-016_x044544_y035328,RECHERCHE-016,val,"[0, 258, 351, 672]",118329.5,1,Class 1 (Segmental Sclerosis),138066.5,1421.99,0.858,0.9947,0.8134,1.0147,154.94,0.2404,43.94,1.2691
RECHERCHE-016_x003072_y036864,RECHERCHE-016,val,"[397, 0, 747, 229]",66059.0,1,Class 1 (Segmental Sclerosis),119156.0,1421.59,0.7409,0.9923,0.8253,1.1586,178.89,0.1703,42.69,1.1684
RECHERCHE-016_x006144_y036864,RECHERCHE-016,val,"[162, 955, 432, 1024]",11062.0,1,Class 1 (Segmental Sclerosis),42559.0,1082.33,0.4565,0.983,0.598,2.3506,195.42,0.1277,38.57,1.1298
RECHERCHE-016_x006144_y036864,RECHERCHE-016,val,"[636, 530, 1024, 1004]",120731.5,1,Class 1 (Segmental Sclerosis),116731.5,1400.26,0.7481,0.9468,0.6566,0.9226,162.57,0.2131,39.12,1.2516
RECHERCHE-016_x007680_y036864,RECHERCHE-016,val,"[0, 530, 283, 1004]",93803.5,1,Class 1 (Segmental Sclerosis),101733.5,1318.67,0.7352,0.9906,0.7001,0.754,161.89,0.2137,37.32,1.2552
RECHERCHE-016_x009216_y036864,RECHERCHE-016,val,"[607, 70, 929, 328]",65120.5,1,Class 1 (Segmental Sclerosis),106287.5,1302.85,0.7869,0.991,0.7837,1.2455,168.35,0.1935,31.95,1.3266
RECHERCHE-016_x010752_y036864,RECHERCHE-016,val,"[0, 70, 161, 328]",33009.0,1,Class 1 (Segmental Sclerosis),111765.0,1414.48,0.702,0.9921,0.7975,0.8297,165.29,0.201,29.73,1.3524
RECHERCHE-016_x039936_y036864,RECHERCHE-016,val,"[385, 0, 789, 337]",104579.0,1,Class 1 (Segmental Sclerosis),129026.0,1455.23,0.7656,0.9914,0.7694,0.9976,175.14,0.1852,48.24,1.1736
RECHERCHE-016_x043008_y036864,RECHERCHE-016,val,"[507, 136, 928, 479]",111436.0,0,Class 0 (Normal / Preserved),105101.5,1255.64,0.8377,0.9943,0.7717,1.2282,190.95,0.1384,38.73,1.1705
RECHERCHE-016_x044544_y036864,RECHERCHE-016,val,"[0, 138, 160, 479]",42858.0,0,Class 0 (Normal / Preserved),90295.0,1273.24,0.6999,0.9927,0.7885,0.6846,195.97,0.1273,40.12,1.1398
RECHERCHE-016_x004608_y038400,RECHERCHE-016,val,"[915, 209, 1024, 479]",21058.5,2,Class 2 (Global Sclerosis / Necrotic),73473.5,1226.72,0.6136,0.9899,0.7186,0.6112,192.58,0.1297,30.59,1.1659
RECHERCHE-016_x006144_y038400,RECHERCHE-016,val,"[147, 187, 461, 520]",78761.5,0,Class 0 (Normal / Preserved),119147.5,1368.33,0.7997,0.9922,0.7527,0.9462,191.18,0.1343,32.69,1.1806
RECHERCHE-016_x006144_y038400,RECHERCHE-016,val,"[636, 0, 1024, 236]",59625.0,1,Class 1 (Segmental Sclerosis),99915.0,1380.0,0.6593,0.9872,0.6536,1.3542,159.67,0.2206,37.76,1.2682
RECHERCHE-016_x007680_y038400,RECHERCHE-016,val,"[0, 0, 261, 236]",40828.5,1,Class 1 (Segmental Sclerosis),130426.5,1642.06,0.6079,0.9865,0.6651,1.0557,157.94,0.2235,34.42,1.2807
RECHERCHE-016_x001536_y039936,RECHERCHE-016,val,"[897, 568, 1024, 964]",35365.5,2,Class 2 (Global Sclerosis / Necrotic),60094.5,1120.94,0.601,0.9815,0.703,0.511,182.76,0.1652,47.96,1.1618
RECHERCHE-016_x003072_y039936,RECHERCHE-016,val,"[129, 534, 523, 995]",139471.5,2,Class 2 (Global Sclerosis / Necrotic),115818.5,1306.35,0.8528,0.9912,0.7674,0.8163,176.62,0.1796,46.4,1.1952
RECHERCHE-016_x041472_y039936,RECHERCHE-016,val,"[296, 548, 726, 970]",140429.5,2,Class 2 (Global Sclerosis / Necrotic),128113.5,1375.04,0.8515,0.9935,0.7734,1.0099,171.47,0.1983,50.32,1.2175
RECHERCHE-016_x001536_y041472,RECHERCHE-016,val,"[845, 526, 1024, 805]",38759.0,1,Class 1 (Segmental Sclerosis),110457.0,1406.07,0.7021,0.9883,0.7783,0.8484,191.75,0.1388,42.92,1.1273
RECHERCHE-016_x001536_y041472,RECHERCHE-016,val,"[897, 0, 1024, 196]",17013.0,5,Class 5,109915.0,1545.91,0.578,0.9903,0.6892,0.7637,186.9,0.1542,47.5,1.1295
RECHERCHE-016_x003072_y041472,RECHERCHE-016,val,"[77, 524, 491, 805]",86580.5,2,Class 2 (Global Sclerosis / Necrotic),84798.0,1148.23,0.8082,0.9922,0.7431,1.4659,184.64,0.1602,47.55,1.15
RECHERCHE-016_x003072_y041472,RECHERCHE-016,val,"[129, 0, 523, 227]",69315.0,1,Class 1 (Segmental Sclerosis),102873.0,1317.55,0.7447,0.9928,0.7749,1.2724,177.91,0.1747,44.94,1.1819
RECHERCHE-016_x041472_y041472,RECHERCHE-016,val,"[527, 511, 900, 770]",71037.0,2,Class 2 (Global Sclerosis / Necrotic),85328.0,1173.8,0.7782,0.9924,0.7372,1.4452,176.68,0.1838,49.58,1.192
RECHERCHE-016_x041472_y041472,RECHERCHE-016,val,"[310, 0, 726, 202]",64707.5,1,Class 1 (Segmental Sclerosis),90672.5,1259.71,0.718,0.9931,0.7725,1.4251,171.89,0.1968,50.42,1.2011
RECHERCHE-016_x043008_y041472,RECHERCHE-016,val,"[0, 516, 132, 749]",19927.0,1,Class 1 (Segmental Sclerosis),85403.0,1348.9,0.5898,0.9884,0.6546,0.78,177.41,0.1877,55.17,1.176
RECHERCHE-017_x013824_y003072,RECHERCHE-017,test,"[469, 665, 682, 831]",27086.5,1,Class 1 (Segmental Sclerosis),100344.5,1328.4,0.7146,0.9862,0.7691,1.2821,178.56,0.1646,27.95,1.258
RECHERCHE-017_x016896_y003072,RECHERCHE-017,test,"[332, 420, 572, 674]",46929.0,1,Class 1 (Segmental Sclerosis),121916.0,1438.04,0.7408,0.9894,0.7702,0.9462,193.1,0.13,33.95,1.1482
RECHERCHE-017_x019968_y003072,RECHERCHE-017,test,"[457, 634, 932, 1021]",141994.5,1,Class 1 (Segmental Sclerosis),127305.5,1427.73,0.7848,0.9777,0.7705,1.0224,180.39,0.1619,34.0,1.2274
RECHERCHE-017_x021504_y003072,RECHERCHE-017,test,"[0, 634, 164, 996]",49992.0,3,Class 3 (Hypertrophic / Atypical),98241.0,1326.88,0.7012,0.9922,0.8428,0.6393,191.53,0.1335,32.13,1.1861
RECHERCHE-017_x024576_y003072,RECHERCHE-017,test,"[525, 778, 893, 1024]",76203.5,3,Class 3 (Hypertrophic / Atypical),123011.5,1377.8,0.8143,0.9909,0.8448,1.1489,197.24,0.1212,33.05,1.1498
RECHERCHE-017_x026112_y003072,RECHERCHE-017,test,"[0, 808, 125, 1024]",21235.0,5,Class 5,116655.0,1477.85,0.6712,0.991,0.7913,0.7121,194.92,0.1234,28.21,1.1527
RECHERCHE-017_x009216_y004608,RECHERCHE-017,test,"[519, 999, 710, 1024]",3124.0,5,Class 5,26897.0,977.88,0.3535,0.9712,0.685,4.2604,149.7,0.2533,37.1,1.3537
RECHERCHE-017_x009216_y004608,RECHERCHE-017,test,"[998, 846, 1024, 1024]",3854.5,5,Class 5,42022.5,1111.21,0.4277,0.9786,0.8632,0.2352,162.32,0.2064,26.46,1.2907
RECHERCHE-017_x009216_y004608,RECHERCHE-017,test,"[597, 572, 916, 816]",62874.0,1,Class 1 (Segmental Sclerosis),103798.0,1278.32,0.7982,0.9932,0.8108,1.3067,169.22,0.1893,27.69,1.3456
RECHERCHE-017_x010752_y004608,RECHERCHE-017,test,"[632, 797, 920, 1024]",55746.5,2,Class 2 (Global Sclerosis / Necrotic),138250.5,1494.46,0.7779,0.9918,0.8557,1.0354,181.33,0.1567,27.91,1.2514
RECHERCHE-017_x010752_y004608,RECHERCHE-017,test,"[230, 793, 616, 1024]",71788.5,4,Class 4,109235.5,1368.11,0.7334,0.9938,0.803,1.2417,176.36,0.1776,43.07,1.1872
RECHERCHE-017_x010752_y004608,RECHERCHE-017,test,"[0, 572, 148, 816]",30164.0,5,Class 5,115903.0,1412.68,0.7298,0.994,0.8393,0.8175,168.22,0.1928,28.94,1.349
RECHERCHE-017_x012288_y004608,RECHERCHE-017,test,"[0, 797, 152, 1024]",29820.5,4,Class 4,141433.5,1569.04,0.7219,0.9946,0.8707,0.7846,182.4,0.1539,27.68,1.253
RECHERCHE-017_x012288_y004608,RECHERCHE-017,test,"[264, 350, 534, 670]",60670.5,1,Class 1 (Segmental Sclerosis),99478.5,1285.5,0.7565,0.9839,0.705,0.8435,198.71,0.1179,35.75,1.1189
RECHERCHE-017_x013824_y004608,RECHERCHE-017,test,"[329, 619, 580, 901]",46346.5,1,Class 1 (Segmental Sclerosis),97966.5,1352.93,0.6726,0.988,0.653,0.8881,166.08,0.1978,25.95,1.3776
RECHERCHE-017_x013824_y004608,RECHERCHE-017,test,"[953, 491, 1024, 734]",11905.5,5,Class 5,55518.5,1144.49,0.5326,0.9844,0.6963,0.472,173.51,0.1828,38.41,1.2488
RECHERCHE-017_x013824_y004608,RECHERCHE-017,test,"[469, 0, 682, 63]",10188.0,1,Class 1 (Segmental Sclerosis),61685.0,1153.28,0.5828,0.9865,0.7695,2.0867,179.68,0.1599,25.03,1.2443
RECHERCHE-017_x015360_y004608,RECHERCHE-017,test,"[185, 462, 566, 753]",84693.0,1,Class 1 (Segmental Sclerosis),97654.0,1231.46,0.8092,0.9912,0.7628,1.3067,180.04,0.1687,43.02,1.1995
RECHERCHE-017_x018432_y004608,RECHERCHE-017,test,"[701, 627, 1024, 947]",85082.5,1,Class 1 (Segmental Sclerosis),152125.5,1543.19,0.8027,0.9933,0.8255,1.1235,173.21,0.1792,29.49,1.3191
RECHERCHE-017_x019968_y004608,RECHERCHE-017,test,"[0, 627, 293, 947]",76700.0,1,Class 1 (Segmental Sclerosis),145603.0,1526.18,0.7855,0.9935,0.8203,1.0611,170.81,0.1852,27.99,1.3396
RECHERCHE-017_x019968_y004608,RECHERCHE-017,test,"[457, 0, 932, 253]",101477.0,5,Class 5,106336.5,1359.37,0.7231,0.977,0.8428,1.3388,181.19,0.1603,35.13,1.2175
RECHERCHE-017_x021504_y004608,RECHERCHE-017,test,"[0, 0, 164, 228]",34321.0,3,Class 3 (Hypertrophic / Atypical),157954.0,1639.25,0.7387,0.995,0.9237,0.8224,196.82,0.1204,30.76,1.1664
RECHERCHE-017_x024576_y004608,RECHERCHE-017,test,"[525, 10, 893, 292]",82510.5,4,Class 4,123525.5,1381.62,0.8132,0.9896,0.7969,1.0792,196.35,0.1234,33.44,1.1533
RECHERCHE-017_x026112_y004608,RECHERCHE-017,test,"[0, 40, 125, 288]",22146.0,5,Class 5,86620.0,1307.1,0.6371,0.9892,0.7204,0.7188,194.27,0.1251,28.7,1.1544
RECHERCHE-017_x009216_y006144,RECHERCHE-017,test,"[404, 231, 787, 630]",123438.0,1,Class 1 (Segmental Sclerosis),129990.0,1372.71,0.8669,0.9918,0.8087,0.9609,173.39,0.1851,42.67,1.1852
RECHERCHE-017_x009216_y006144,RECHERCHE-017,test,"[997, 78, 1024, 393]",6583.0,1,Class 1 (Segmental Sclerosis),21237.0,923.4,0.313,0.9759,0.7949,0.1582,163.94,0.2033,29.98,1.2561
RECHERCHE-017_x009216_y006144,RECHERCHE-017,test,"[610, 0, 882, 48]",10123.0,1,Class 1 (Segmental Sclerosis),41046.0,1019.97,0.4958,0.9877,0.7902,3.2205,170.37,0.1867,29.55,1.3301
RECHERCHE-017_x010752_y006144,RECHERCHE-017,test,"[0, 297, 19, 517]",3075.0,1,Class 1 (Segmental Sclerosis),21188.0,930.91,0.3072,0.9689,0.7694,0.163,157.35,0.2297,37.51,1.3272
RECHERCHE-017_x010752_y006144,RECHERCHE-017,test,"[632, 29, 920, 312]",65202.5,1,Class 1 (Segmental Sclerosis),135857.5,1475.05,0.7847,0.9904,0.8023,0.9879,181.13,0.1574,28.36,1.2514
RECHERCHE-017_x010752_y006144,RECHERCHE-017,test,"[229, 25, 616, 464]",137725.5,1,Class 1 (Segmental Sclerosis),126575.5,1364.33,0.8545,0.9944,0.8098,0.8337,175.3,0.1797,41.88,1.202
RECHERCHE-017_x010752_y006144,RECHERCHE-017,test,"[0, 0, 114, 48]",4340.0,5,Class 5,96067.0,1401.4,0.6147,0.9906,0.8134,1.7606,171.97,0.1821,29.78,1.3013
RECHERCHE-017_x012288_y006144,RECHERCHE-017,test,"[0, 29, 152, 311]",35306.0,2,Class 2 (Global Sclerosis / Necrotic),106811.0,1370.33,0.7148,0.9926,0.827,0.7392,182.04,0.1549,27.91,1.2516
RECHERCHE-017_x013824_y006144,RECHERCHE-017,test,"[329, 0, 573, 133]",23768.5,5,Class 5,93651.5,1340.52,0.6549,0.9892,0.7363,1.3151,165.45,0.1991,24.97,1.3902
RECHERCHE-017_x018432_y006144,RECHERCHE-017,test,"[701, 0, 1024, 179]",50593.5,1,Class 1 (Segmental Sclerosis),126050.5,1461.61,0.7415,0.9943,0.8795,1.4444,169.48,0.1879,25.99,1.3505
RECHERCHE-017_x019968_y006144,RECHERCHE-017,test,"[0, 0, 293, 179]",44960.5,5,Class 5,131664.5,1511.81,0.7239,0.9947,0.8612,1.3542,167.35,0.1935,24.75,1.3667
RECHERCHE-017_x003072_y007680,RECHERCHE-017,test,"[551, 870, 905, 1024]",40712.0,1,Class 1 (Segmental Sclerosis),81063.0,1237.04,0.6657,0.9911,0.7471,1.5568,187.34,0.155,49.48,1.1415
RECHERCHE-017_x003072_y009216,RECHERCHE-017,test,"[645, 851, 1024, 1024]",52399.0,2,Class 2 (Global Sclerosis / Necrotic),99754.0,1363.79,0.674,0.9825,0.8001,1.6606,177.94,0.1771,47.82,1.1651
RECHERCHE-017_x003072_y009216,RECHERCHE-017,test,"[540, 102, 913, 450]",102528.0,4,Class 4,123559.0,1371.46,0.8255,0.9923,0.7888,1.0679,180.88,0.1721,50.0,1.1729
RECHERCHE-017_x004608_y009216,RECHERCHE-017,test,"[0, 851, 319, 1024]",48163.5,2,Class 2 (Global Sclerosis / Necrotic),123290.5,1464.84,0.722,0.9945,0.8769,1.4725,181.03,0.1689,47.67,1.1509
RECHERCHE-017_x004608_y009216,RECHERCHE-017,test,"[0, 117, 145, 450]",38256.0,1,Class 1 (Segmental Sclerosis),86089.0,1250.27,0.6921,0.9922,0.7943,0.6479,183.15,0.1661,49.71,1.1584
RECHERCHE-017_x003072_y010752,RECHERCHE-017,test,"[341, 439, 767, 855]",137776.0,1,Class 1 (Segmental Sclerosis),127589.0,1351.22,0.8781,0.9923,0.7779,1.02,174.0,0.1825,41.41,1.1924
RECHERCHE-017_x003072_y010752,RECHERCHE-017,test,"[644, 83, 1024, 486]",119371.0,4,Class 4,140647.0,1469.54,0.8184,0.9893,0.7777,1.0706,173.39,0.1872,45.27,1.1939
RECHERCHE-017_x004608_y010752,RECHERCHE-017,test,"[0, 83, 320, 486]",108852.5,4,Class 4,137949.5,1454.08,0.8199,0.9943,0.8433,0.9684,176.45,0.1802,46.65,1.1761
RECHERCHE-017_x055296_y023040,RECHERCHE-017,test,"[430, 853, 669, 1024]",30034.5,0,Class 0 (Normal / Preserved),112308.5,1459.0,0.663,0.9915,0.7382,1.0995,197.16,0.1208,34.72,1.124
RECHERCHE-017_x050688_y024576,RECHERCHE-017,test,"[375, 772, 653, 1024]",55957.0,1,Class 1 (Segmental Sclerosis),140742.0,1541.61,0.7442,0.993,0.8003,0.9512,196.62,0.1228,36.08,1.1312
RECHERCHE-017_x052224_y024576,RECHERCHE-017,test,"[532, 327, 766, 550]",41791.0,1,Class 1 (Segmental Sclerosis),128477.0,1470.64,0.7465,0.99,0.8036,1.0566,177.79,0.1676,29.85,1.2671
RECHERCHE-017_x053760_y024576,RECHERCHE-017,test,"[260, 878, 663, 1024]",41924.0,5,Class 5,67208.0,1187.79,0.5986,0.921,0.711,1.787,170.33,0.1957,42.93,1.2505
RECHERCHE-017_x055296_y024576,RECHERCHE-017,test,"[423, 85, 669, 377]",53507.0,1,Class 1 (Segmental Sclerosis),105471.0,1329.92,0.7494,0.9905,0.7432,0.8484,192.12,0.1324,33.97,1.1492
RECHERCHE-017_x056832_y024576,RECHERCHE-017,test,"[635, 853, 1024, 1024]",54417.5,2,Class 2 (Global Sclerosis / Necrotic),98909.5,1335.83,0.6965,0.9933,0.819,1.7068,171.85,0.1884,40.77,1.2072
RECHERCHE-017_x058368_y024576,RECHERCHE-017,test,"[0, 853, 260, 1024]",40123.0,1,Class 1 (Segmental Sclerosis),145833.0,1568.31,0.7451,0.9944,0.906,1.2918,173.29,0.1857,42.14,1.2015
RECHERCHE-017_x058368_y024576,RECHERCHE-017,test,"[574, 385, 1024, 735]",134305.0,3,Class 3 (Hypertrophic / Atypical),123679.0,1350.69,0.8519,0.9954,0.8521,1.4263,177.52,0.1697,34.28,1.246
RECHERCHE-017_x059904_y024576,RECHERCHE-017,test,"[0, 385, 275, 735]",82098.0,3,Class 3 (Hypertrophic / Atypical),138426.0,1491.19,0.7823,0.9949,0.8547,0.9682,187.28,0.1445,33.34,1.2004
RECHERCHE-017_x062976_y024576,RECHERCHE-017,test,"[611, 552, 996, 829]",85203.0,3,Class 3 (Hypertrophic / Atypical),100816.0,1247.86,0.8136,0.9917,0.8003,1.4475,194.78,0.1256,31.03,1.1552
RECHERCHE-017_x064512_y024576,RECHERCHE-017,test,"[0, 552, 228, 829]",47760.0,3,Class 3 (Hypertrophic / Atypical),126260.0,1510.84,0.6951,0.9889,0.7585,0.9951,193.73,0.1267,28.77,1.1571
RECHERCHE-017_x047616_y026112,RECHERCHE-017,test,"[480, 599, 901, 1024]",137023.5,1,Class 1 (Segmental Sclerosis),141534.0,1454.74,0.8404,0.9943,0.7681,0.8901,169.86,0.1956,43.27,1.2105
RECHERCHE-017_x047616_y026112,RECHERCHE-017,test,"[678, 182, 1024, 463]",78346.5,1,Class 1 (Segmental Sclerosis),121937.5,1405.05,0.7762,0.9886,0.8048,1.3664,163.61,0.2069,31.09,1.3659
RECHERCHE-017_x049152_y026112,RECHERCHE-017,test,"[0, 612, 133, 1024]",38615.0,1,Class 1 (Segmental Sclerosis),67757.0,1198.3,0.593,0.9913,0.7073,0.4648,170.68,0.1929,42.38,1.2151
RECHERCHE-017_x049152_y026112,RECHERCHE-017,test,"[733, 432, 1021, 756]",74298.0,1,Class 1 (Segmental Sclerosis),137926.0,1490.12,0.7806,0.9913,0.7971,1.0243,177.13,0.1689,30.35,1.266
RECHERCHE-017_x049152_y026112,RECHERCHE-017,test,"[306, 421, 732, 886]",153396.0,2,Class 2 (Global Sclerosis / Necrotic),118835.5,1318.56,0.8589,0.9925,0.7748,0.9169,172.87,0.1859,40.53,1.2369
RECHERCHE-017_x049152_y026112,RECHERCHE-017,test,"[0, 182, 287, 463]",67768.0,1,Class 1 (Segmental Sclerosis),153662.0,1587.33,0.7664,0.9888,0.8422,1.1347,162.16,0.2104,29.82,1.3768
RECHERCHE-017_x050688_y026112,RECHERCHE-017,test,"[0, 432, 253, 756]",69070.0,2,Class 2 (Global Sclerosis / Necrotic),136592.0,1475.96,0.7879,0.9926,0.8435,0.9586,178.85,0.1633,28.49,1.2589
RECHERCHE-017_x050688_y026112,RECHERCHE-017,test,"[375, 4, 653, 322]",66345.0,4,Class 4,120829.0,1410.83,0.7628,0.9915,0.7521,0.7933,197.31,0.1208,35.25,1.1287
RECHERCHE-017_x052224_y026112,RECHERCHE-017,test,"[430, 251, 670, 539]",49473.5,1,Class 1 (Segmental Sclerosis),100209.5,1316.16,0.7269,0.9823,0.7185,0.8337,163.37,0.2065,28.81,1.3687
RECHERCHE-017_x053760_y026112,RECHERCHE-017,test,"[256, 110, 679, 411]",96050.0,5,Class 5,90610.0,1205.52,0.7835,0.9607,0.7561,1.3959,173.21,0.1892,44.91,1.2321
RECHERCHE-017_x056832_y026112,RECHERCHE-017,test,"[775, 336, 1024, 639]",53919.0,1,Class 1 (Segmental Sclerosis),118799.0,1467.84,0.6929,0.9895,0.7154,0.9927,170.59,0.1904,35.99,1.3035
RECHERCHE-017_x056832_y026112,RECHERCHE-017,test,"[633, 85, 1024, 462]",108403.0,1,Class 1 (Segmental Sclerosis),132039.0,1465.54,0.7725,0.9675,0.7363,1.1494,172.82,0.1866,40.7,1.2335
RECHERCHE-017_x058368_y026112,RECHERCHE-017,test,"[7, 336, 333, 639]",73053.0,1,Class 1 (Segmental Sclerosis),125986.0,1452.0,0.7509,0.99,0.7414,1.1706,166.16,0.201,32.84,1.3436
RECHERCHE-017_x058368_y026112,RECHERCHE-017,test,"[0, 85, 260, 455]",70170.0,1,Class 1 (Segmental Sclerosis),110616.0,1431.81,0.678,0.9538,0.7294,0.8978,169.63,0.1944,39.07,1.2643
RECHERCHE-017_x047616_y027648,RECHERCHE-017,test,"[480, 0, 901, 265]",83837.0,1,Class 1 (Segmental Sclerosis),105548.5,1331.88,0.7477,0.9942,0.7524,1.1924,172.23,0.1891,43.44,1.1997
RECHERCHE-017_x041472_y029184,RECHERCHE-017,test,"[657, 335, 1024, 746]",123874.5,2,Class 2 (Global Sclerosis / Necrotic),144109.5,1448.82,0.8627,0.9962,0.8212,1.0389,180.92,0.1703,48.45,1.1713
RECHERCHE-017_x043008_y029184,RECHERCHE-017,test,"[0, 335, 287, 746]",98091.5,2,Class 2 (Global Sclerosis / Necrotic),125810.5,1396.42,0.8108,0.9956,0.8318,0.8954,177.23,0.1794,47.7,1.1887
RECHERCHE-017_x041472_y030720,RECHERCHE-017,test,"[516, 717, 907, 1024]",99566.5,1,Class 1 (Segmental Sclerosis),134015.5,1443.25,0.8085,0.995,0.8316,1.0381,174.63,0.1797,39.69,1.2084
RECHERCHE-017_x041472_y030720,RECHERCHE-017,test,"[794, 339, 1024, 752]",76061.5,2,Class 2 (Global Sclerosis / Necrotic),103238.0,1309.27,0.7568,0.9956,0.8013,0.7702,173.63,0.1846,42.59,1.2131
RECHERCHE-017_x043008_y030720,RECHERCHE-017,test,"[0, 727, 139, 1024]",33583.5,1,Class 1 (Segmental Sclerosis),103986.5,1391.61,0.6748,0.9936,0.8162,0.6154,179.87,0.1649,38.04,1.1961
RECHERCHE-017_x043008_y030720,RECHERCHE-017,test,"[26, 339, 459, 752]",141686.0,4,Class 4,134063.0,1387.43,0.8752,0.9951,0.7919,1.1074,176.74,0.1777,44.53,1.1957
RECHERCHE-017_x041472_y032256,RECHERCHE-017,test,"[516, 0, 907, 347]",114451.0,1,Class 1 (Segmental Sclerosis),147024.0,1476.21,0.8478,0.9952,0.8438,0.9601,173.96,0.1821,40.46,1.2102
RECHERCHE-017_x043008_y032256,RECHERCHE-017,test,"[0, 0, 139, 347]",38948.5,1,Class 1 (Segmental Sclerosis),92178.5,1315.2,0.6697,0.994,0.8118,0.5461,178.95,0.1674,38.05,1.2007
RECHERCHE-017_x092160_y043008,RECHERCHE-017,test,"[300, 829, 557, 1024]",42592.0,1,Class 1 (Segmental Sclerosis),135051.0,1494.62,0.7597,0.9898,0.8554,1.0596,172.63,0.1811,28.83,1.3006
RECHERCHE-017_x098304_y043008,RECHERCHE-017,test,"[518, 721, 1015, 1024]",129718.0,1,Class 1 (Segmental Sclerosis),129408.0,1402.67,0.8265,0.9945,0.8623,1.3373,179.5,0.1646,35.21,1.2143
RECHERCHE-017_x099840_y043008,RECHERCHE-017,test,"[0, 721, 247, 1024]",64819.0,3,Class 3 (Hypertrophic / Atypical),159565.0,1626.13,0.7583,0.9937,0.8678,0.8921,193.02,0.1305,33.58,1.1615
RECHERCHE-017_x102912_y043008,RECHERCHE-017,test,"[685, 744, 1024, 1024]",83402.5,4,Class 4,162928.5,1603.43,0.7964,0.9955,0.8798,1.1179,200.01,0.1142,32.4,1.1297
RECHERCHE-017_x104448_y043008,RECHERCHE-017,test,"[0, 744, 376, 1024]",93482.0,3,Class 3 (Hypertrophic / Atypical),154624.0,1550.16,0.8086,0.9956,0.8877,1.1937,197.13,0.1199,30.85,1.1403
RECHERCHE-017_x087552_y044544,RECHERCHE-017,test,"[336, 837, 757, 1024]",70034.5,1,Class 1 (Segmental Sclerosis),97530.0,1265.65,0.7651,0.9954,0.8898,1.5261,172.1,0.1821,30.34,1.2827
RECHERCHE-017_x089088_y044544,RECHERCHE-017,test,"[911, 603, 1024, 915]",27918.0,2,Class 2 (Global Sclerosis / Necrotic),74615.0,1192.33,0.6595,0.9928,0.7966,0.5599,200.93,0.1124,33.98,1.1065
RECHERCHE-017_x090624_y044544,RECHERCHE-017,test,"[509, 704, 806, 1020]",73238.5,1,Class 1 (Segmental Sclerosis),135205.5,1530.93,0.7249,0.9676,0.7804,0.8556,181.64,0.1633,41.15,1.1795
RECHERCHE-017_x090624_y044544,RECHERCHE-017,test,"[143, 591, 393, 915]",61217.5,1,Class 1 (Segmental Sclerosis),97976.5,1278.71,0.753,0.9915,0.7557,0.7751,199.48,0.115,33.02,1.1143
RECHERCHE-017_x092160_y044544,RECHERCHE-017,test,"[256, 842, 490, 1024]",32981.0,1,Class 1 (Segmental Sclerosis),125313.0,1499.73,0.7001,0.991,0.7758,1.0458,165.07,0.2018,29.45,1.3452
RECHERCHE-017_x092160_y044544,RECHERCHE-017,test,"[0, 737, 38, 933]",5153.5,1,Class 1 (Segmental Sclerosis),39826.5,1143.04,0.3831,0.8838,0.7091,0.3391,186.1,0.1501,38.04,1.188
RECHERCHE-017_x092160_y044544,RECHERCHE-017,test,"[300, 61, 557, 361]",60608.0,1,Class 1 (Segmental Sclerosis),113419.0,1343.09,0.7901,0.9885,0.7862,0.854,173.12,0.1805,31.13,1.2747
RECHERCHE-017_x096768_y044544,RECHERCHE-017,test,"[586, 508, 1024, 1024]",183521.5,1,Class 1 (Segmental Sclerosis),152742.0,1727.03,0.6435,0.9475,0.8128,0.9077,173.83,0.1825,39.15,1.2189
RECHERCHE-017_x098304_y044544,RECHERCHE-017,test,"[0, 515, 338, 1024]",136217.0,1,Class 1 (Segmental Sclerosis),128005.0,1667.41,0.5786,0.9223,0.792,0.7841,170.94,0.1888,36.23,1.2634
RECHERCHE-017_x098304_y044544,RECHERCHE-017,test,"[518, 0, 1015, 318]",134427.0,1,Class 1 (Segmental Sclerosis),132180.0,1413.78,0.831,0.995,0.8503,1.2911,179.06,0.1655,34.75,1.2184
RECHERCHE-017_x099840_y044544,RECHERCHE-017,test,"[0, 0, 247, 316]",64230.0,3,Class 3 (Hypertrophic / Atypical),148072.0,1592.07,0.7341,0.995,0.826,0.8659,193.38,0.1293,33.04,1.1585
RECHERCHE-017_x102912_y044544,RECHERCHE-017,test,"[685, 0, 1024, 282]",82382.5,1,Class 1 (Segmental Sclerosis),160837.5,1619.97,0.7702,0.9955,0.8622,1.1098,200.13,0.1134,31.48,1.1315
RECHERCHE-017_x104448_y044544,RECHERCHE-017,test,"[0, 0, 376, 282]",93051.0,5,Class 5,153815.0,1547.13,0.8075,0.9954,0.8784,1.1875,197.14,0.1194,29.97,1.142
RECHERCHE-017_x087552_y046080,RECHERCHE-017,test,"[196, 512, 650, 942]",157260.0,2,Class 2 (Global Sclerosis / Necrotic),127627.0,1354.86,0.8737,0.9942,0.8063,1.0568,174.41,0.182,42.39,1.1614
RECHERCHE-017_x087552_y046080,RECHERCHE-017,test,"[844, 313, 1024, 742]",66389.0,1,Class 1 (Segmental Sclerosis),90456.5,1227.83,0.754,0.9951,0.8606,0.6284,177.55,0.172,39.88,1.1809
RECHERCHE-017_x087552_y046080,RECHERCHE-017,test,"[336, 69, 757, 364]",103271.0,1,Class 1 (Segmental Sclerosis),107057.5,1266.51,0.8387,0.9949,0.831,1.2984,172.67,0.1804,30.1,1.2774
RECHERCHE-017_x089088_y046080,RECHERCHE-017,test,"[76, 313, 438, 742]",127553.0,1,Class 1 (Segmental Sclerosis),118553.0,1298.57,0.8835,0.9932,0.8211,0.8631,178.08,0.1727,42.09,1.1813
RECHERCHE-017_x089088_y046080,RECHERCHE-017,test,"[479, 286, 763, 599]",69582.5,1,Class 1 (Segmental Sclerosis),119125.5,1363.28,0.8055,0.9917,0.7851,0.9071,180.64,0.1583,27.88,1.2415
RECHERCHE-017_x089088_y046080,RECHERCHE-017,test,"[911, 0, 1024, 147]",15397.5,1,Class 1 (Segmental Sclerosis),167037.5,1662.47,0.7595,0.9947,0.9372,0.8534,196.21,0.1216,30.82,1.1328
RECHERCHE-017_x090624_y046080,RECHERCHE-017,test,"[509, 0, 806, 252]",63031.0,1,Class 1 (Segmental Sclerosis),143217.0,1578.3,0.7225,0.9713,0.8458,0.9879,184.69,0.1551,40.69,1.1661
RECHERCHE-017_x090624_y046080,RECHERCHE-017,test,"[143, 0, 374, 147]",26295.0,1,Class 1 (Segmental Sclerosis),110203.0,1423.99,0.683,0.992,0.7787,1.1821,195.24,0.1235,30.51,1.1331
RECHERCHE-017_x092160_y046080,RECHERCHE-017,test,"[256, 74, 490, 345]",46983.5,1,Class 1 (Segmental Sclerosis),107761.5,1352.36,0.7404,0.9892,0.7422,0.868,163.87,0.2051,28.56,1.367
RECHERCHE-017_x092160_y046080,RECHERCHE-017,test,"[0, 0, 38, 165]",4524.5,1,Class 1 (Segmental Sclerosis),54068.5,1312.75,0.3943,0.8758,0.7427,0.3516,188.2,0.1452,38.43,1.1795
RECHERCHE-017_x096768_y046080,RECHERCHE-017,test,"[592, 0, 1024, 321]",99806.5,1,Class 1 (Segmental Sclerosis),125304.5,1634.4,0.5895,0.9404,0.719,1.188,174.44,0.1815,38.5,1.2662
RECHERCHE-017_x098304_y046080,RECHERCHE-017,test,"[0, 0, 338, 321]",94253.0,3,Class 3 (Hypertrophic / Atypical),175302.0,1746.58,0.7221,0.9869,0.8698,1.0317,168.96,0.1933,33.32,1.3221
RECHERCHE-017_x087552_y047616,RECHERCHE-017,test,"[196, 0, 646, 174]",60908.5,2,Class 2 (Global Sclerosis / Necrotic),77482.5,1176.4,0.7036,0.994,0.7796,1.6831,178.22,0.173,44.01,1.1402
RECHERCHE-017_x081408_y049152,RECHERCHE-017,test,"[345, 936, 727, 1024]",23160.0,2,Class 2 (Global Sclerosis / Necrotic),44951.0,1041.79,0.5205,0.9734,0.6912,2.5723,189.71,0.146,45.73,1.1262
RECHERCHE-017_x081408_y049152,RECHERCHE-017,test,"[197, 162, 592, 536]",117819.0,2,Class 2 (Global Sclerosis / Necrotic),126790.0,1370.57,0.8482,0.9886,0.7971,1.062,177.48,0.1799,48.82,1.1812
RECHERCHE-017_x079872_y050688,RECHERCHE-017,test,"[794, 543, 1024, 939]",76240.5,1,Class 1 (Segmental Sclerosis),111720.5,1354.94,0.7647,0.9945,0.8364,0.7908,171.77,0.1872,39.7,1.2011
RECHERCHE-017_x081408_y050688,RECHERCHE-017,test,"[26, 543, 430, 939]",131220.5,1,Class 1 (Segmental Sclerosis),141761.5,1433.3,0.8671,0.9946,0.8202,1.0748,174.26,0.1803,39.37,1.1917
RECHERCHE-017_x081408_y050688,RECHERCHE-017,test,"[334, 168, 747, 561]",132794.5,4,Class 4,130137.5,1360.61,0.8834,0.9926,0.818,1.0514,177.06,0.1757,43.0,1.1874
RECHERCHE-017_x079872_y052224,RECHERCHE-017,test,"[795, 0, 1024, 171]",34179.5,1,Class 1 (Segmental Sclerosis),152480.5,1624.89,0.7257,0.9948,0.8769,1.1854,166.9,0.1992,37.54,1.23
RECHERCHE-017_x081408_y052224,RECHERCHE-017,test,"[27, 0, 423, 171]",56912.0,1,Class 1 (Segmental Sclerosis),95306.0,1281.59,0.7292,0.9938,0.8447,1.6312,169.82,0.1926,39.73,1.2086
